time_aest,location,element_id,tuflow_cell_number,x,y,bed_elevation_m,variable,level,unit,target_z_m,tuflow,schism,schism_minus_tuflow,schism_valid_nodes
2011-05-01 01:00:00,Lower,1359,1359,159.0747120565,-31.3616996446,-6.6967954636,Salinity,Mid-depth,psu,-3.3552896816,31.7675200367,10.4309940658,-21.3365259709,4
2011-05-01 02:00:00,Lower,1359,1359,159.0747120565,-31.3616996446,-6.6967954636,Salinity,Mid-depth,psu,-3.3827965508,32.3239773059,10.0162383083,-22.3077389975,4
2011-05-01 03:00:00,Lower,1359,1359,159.0747120565,-31.3616996446,-6.6967954636,Salinity,Mid-depth,psu,-3.3973791669,34.5189885657,10.0026914950,-24.5162970708,4
2011-05-01 04:00:00,Lower,1359,1359,159.0747120565,-31.3616996446,-6.6967954636,Salinity,Mid-depth,psu,-3.3978000867,34.5978465439,10.0638837294,-24.5339628145,4
2011-05-01 05:00:00,Lower,1359,1359,159.0747120565,-31.3616996446,-6.6967954636,Salinity,Mid-depth,psu,-3.3908924931,34.8723610913,24.6736440602,-10.1987170312,4
2011-05-01 06:00:00,Lower,1359,1359,159.0747120565,-31.3616996446,-6.6967954636,Salinity,Mid-depth,psu,-3.3630745154,34.9382333592,31.3571704063,-3.5810629529,4
2011-05-01 07:00:00,Lower,1359,1359,159.0747120565,-31.3616996446,-6.6967954636,Salinity,Mid-depth,psu,-3.3338376210,34.9578529217,33.8984315721,-1.0594213497,4
2011-05-01 08:00:00,Lower,1359,1359,159.0747120565,-31.3616996446,-6.6967954636,Salinity,Mid-depth,psu,-3.3041120527,34.9689681474,34.1695557732,-0.7994123742,4
2011-05-01 09:00:00,Lower,1359,1359,159.0747120565,-31.3616996446,-6.6967954636,Salinity,Mid-depth,psu,-3.2838591335,34.9705824165,33.5696748226,-1.4009075940,4
2011-05-01 10:00:00,Lower,1359,1359,159.0747120565,-31.3616996446,-6.6967954636,Salinity,Mid-depth,psu,-3.2782574612,34.9555488892,32.3142523339,-2.6412965553,4
2011-05-01 11:00:00,Lower,1359,1359,159.0747120565,-31.3616996446,-6.6967954636,Salinity,Mid-depth,psu,-3.2826401503,34.9430851624,30.3719228993,-4.5711622631,4
2011-05-01 12:00:00,Lower,1359,1359,159.0747120565,-31.3616996446,-6.6967954636,Salinity,Mid-depth,psu,-3.3056945071,34.9201386878,26.7821536191,-8.1379850687,4
2011-05-01 13:00:00,Lower,1359,1359,159.0747120565,-31.3616996446,-6.6967954636,Salinity,Mid-depth,psu,-3.3334870054,34.8252593452,22.4865804285,-12.3386789168,4
2011-05-01 14:00:00,Lower,1359,1359,159.0747120565,-31.3616996446,-6.6967954636,Salinity,Mid-depth,psu,-3.3568453773,34.7977597348,19.2719477946,-15.5258119402,4
2011-05-01 15:00:00,Lower,1359,1359,159.0747120565,-31.3616996446,-6.6967954636,Salinity,Mid-depth,psu,-3.3762211474,34.8044604748,18.1176549157,-16.6868055591,4
2011-05-01 16:00:00,Lower,1359,1359,159.0747120565,-31.3616996446,-6.6967954636,Salinity,Mid-depth,psu,-3.3836478836,34.8657418414,22.2309182185,-12.6348236229,4
2011-05-01 17:00:00,Lower,1359,1359,159.0747120565,-31.3616996446,-6.6967954636,Salinity,Mid-depth,psu,-3.3815592597,34.9384604097,28.4340043497,-6.5044560600,4
2011-05-01 18:00:00,Lower,1359,1359,159.0747120565,-31.3616996446,-6.6967954636,Salinity,Mid-depth,psu,-3.3580845761,34.9621356989,32.1893321186,-2.7728035803,4
2011-05-01 19:00:00,Lower,1359,1359,159.0747120565,-31.3616996446,-6.6967954636,Salinity,Mid-depth,psu,-3.3287942350,34.9736591694,33.8964144437,-1.0772447258,4
2011-05-01 20:00:00,Lower,1359,1359,159.0747120565,-31.3616996446,-6.6967954636,Salinity,Mid-depth,psu,-3.2990751077,34.9819487786,34.0445125472,-0.9374362314,4
2011-05-01 21:00:00,Lower,1359,1359,159.0747120565,-31.3616996446,-6.6967954636,Salinity,Mid-depth,psu,-3.2739203008,34.9869271341,33.6077721155,-1.3791550186,4
2011-05-01 22:00:00,Lower,1359,1359,159.0747120565,-31.3616996446,-6.6967954636,Salinity,Mid-depth,psu,-3.2634906376,34.9813310197,32.6838544200,-2.2974765997,4
2011-05-01 23:00:00,Lower,1359,1359,159.0747120565,-31.3616996446,-6.6967954636,Salinity,Mid-depth,psu,-3.2725443964,34.9604693246,30.3280946394,-4.6323746852,4
2011-05-02 00:00:00,Lower,1359,1359,159.0747120565,-31.3616996446,-6.6967954636,Salinity,Mid-depth,psu,-3.2955942085,34.9386253733,26.6391779401,-8.2994474332,4
2011-05-02 01:00:00,Lower,1359,1359,159.0747120565,-31.3616996446,-6.6967954636,Salinity,Mid-depth,psu,-3.3282016520,34.8649524940,22.3293232465,-12.5356292475,4
2011-05-02 02:00:00,Lower,1359,1359,159.0747120565,-31.3616996446,-6.6967954636,Salinity,Mid-depth,psu,-3.3564761774,34.7899712323,18.7378462359,-16.0521249964,4
2011-05-02 03:00:00,Lower,1359,1359,159.0747120565,-31.3616996446,-6.6967954636,Salinity,Mid-depth,psu,-3.3805260753,34.8081110334,16.8602909859,-17.9478200475,4
2011-05-02 04:00:00,Lower,1359,1359,159.0747120565,-31.3616996446,-6.6967954636,Salinity,Mid-depth,psu,-3.3960704005,34.8428045365,17.3673303595,-17.4754741769,4
2011-05-02 05:00:00,Lower,1359,1359,159.0747120565,-31.3616996446,-6.6967954636,Salinity,Mid-depth,psu,-3.3999399307,34.9152596515,24.4350624312,-10.4801972204,4
2011-05-02 06:00:00,Lower,1359,1359,159.0747120565,-31.3616996446,-6.6967954636,Salinity,Mid-depth,psu,-3.3874236213,34.9606759628,30.2600042210,-4.7006717418,4
2011-05-02 07:00:00,Lower,1359,1359,159.0747120565,-31.3616996446,-6.6967954636,Salinity,Mid-depth,psu,-3.3584795531,34.9698470396,33.2596500492,-1.7101969904,4
2011-05-02 08:00:00,Lower,1359,1359,159.0747120565,-31.3616996446,-6.6967954636,Salinity,Mid-depth,psu,-3.3241877225,34.9856479622,34.3549955632,-0.6306523991,4
2011-05-02 09:00:00,Lower,1359,1359,159.0747120565,-31.3616996446,-6.6967954636,Salinity,Mid-depth,psu,-3.2941505158,34.9914946596,34.2913463865,-0.7001482731,4
2011-05-02 10:00:00,Lower,1359,1359,159.0747120565,-31.3616996446,-6.6967954636,Salinity,Mid-depth,psu,-3.2738919234,34.9926221719,33.6614347743,-1.3311873976,4
2011-05-02 11:00:00,Lower,1359,1359,159.0747120565,-31.3616996446,-6.6967954636,Salinity,Mid-depth,psu,-3.2683319114,34.9856861766,32.4499480262,-2.5357381504,4
2011-05-02 12:00:00,Lower,1359,1359,159.0747120565,-31.3616996446,-6.6967954636,Salinity,Mid-depth,psu,-3.2774576164,34.9657945568,30.1480725642,-4.8177219926,4
2011-05-02 13:00:00,Lower,1359,1359,159.0747120565,-31.3616996446,-6.6967954636,Salinity,Mid-depth,psu,-3.3005978532,34.9451512503,26.7540868762,-8.1910643740,4
2011-05-02 14:00:00,Lower,1359,1359,159.0747120565,-31.3616996446,-6.6967954636,Salinity,Mid-depth,psu,-3.3286472675,34.8769886171,22.8970457928,-11.9799428243,4
2011-05-02 15:00:00,Lower,1359,1359,159.0747120565,-31.3616996446,-6.6967954636,Salinity,Mid-depth,psu,-3.3521043874,34.8288557003,19.8037401481,-15.0251155522,4
2011-05-02 16:00:00,Lower,1359,1359,159.0747120565,-31.3616996446,-6.6967954636,Salinity,Mid-depth,psu,-3.3669711801,34.8429281167,19.4086082373,-15.4343198794,4
2011-05-02 17:00:00,Lower,1359,1359,159.0747120565,-31.3616996446,-6.6967954636,Salinity,Mid-depth,psu,-3.3786395627,34.8772816905,22.4156577262,-12.4616239643,4
2011-05-02 18:00:00,Lower,1359,1359,159.0747120565,-31.3616996446,-6.6967954636,Salinity,Mid-depth,psu,-3.3718616224,34.9271802125,28.6611406982,-6.2660395143,4
2011-05-02 19:00:00,Lower,1359,1359,159.0747120565,-31.3616996446,-6.6967954636,Salinity,Mid-depth,psu,-3.3481582666,34.9668997727,32.4274387527,-2.5394610200,4
2011-05-02 20:00:00,Lower,1359,1359,159.0747120565,-31.3616996446,-6.6967954636,Salinity,Mid-depth,psu,-3.3189105469,34.9756572957,33.7064579328,-1.2691993629,4
2011-05-02 21:00:00,Lower,1359,1359,159.0747120565,-31.3616996446,-6.6967954636,Salinity,Mid-depth,psu,-3.2889951091,34.9860498010,33.8138178461,-1.1722319549,4
2011-05-02 22:00:00,Lower,1359,1359,159.0747120565,-31.3616996446,-6.6967954636,Salinity,Mid-depth,psu,-3.2688570486,34.9886109386,33.3651008426,-1.6235100960,4
2011-05-02 23:00:00,Lower,1359,1359,159.0747120565,-31.3616996446,-6.6967954636,Salinity,Mid-depth,psu,-3.2632345361,34.9781720710,32.1976803002,-2.7804917709,4
2011-05-03 00:00:00,Lower,1359,1359,159.0747120565,-31.3616996446,-6.6967954636,Salinity,Mid-depth,psu,-3.2771205852,34.9565752608,29.4054573693,-5.5511178915,4
2011-05-03 01:00:00,Lower,1359,1359,159.0747120565,-31.3616996446,-6.6967954636,Salinity,Mid-depth,psu,-3.3002057286,34.9015475918,25.8253340024,-9.0762135894,4
2011-05-03 02:00:00,Lower,1359,1359,159.0747120565,-31.3616996446,-6.6967954636,Salinity,Mid-depth,psu,-3.3330126984,34.8047022801,21.6636466498,-13.1410556303,4
2011-05-03 03:00:00,Lower,1359,1359,159.0747120565,-31.3616996446,-6.6967954636,Salinity,Mid-depth,psu,-3.3613256114,34.7257380402,18.2720276931,-16.4537103471,4
2011-05-03 04:00:00,Lower,1359,1359,159.0747120565,-31.3616996446,-6.6967954636,Salinity,Mid-depth,psu,-3.3855269575,34.7493540385,16.4940993220,-18.2552547165,4
2011-05-03 05:00:00,Lower,1359,1359,159.0747120565,-31.3616996446,-6.6967954636,Salinity,Mid-depth,psu,-3.4054784408,34.7663202690,16.0423023533,-18.7240179158,4
2011-05-03 06:00:00,Lower,1359,1359,159.0747120565,-31.3616996446,-6.6967954636,Salinity,Mid-depth,psu,-3.4049898426,34.8787719543,24.0473147155,-10.8314572388,4
2011-05-03 07:00:00,Lower,1359,1359,159.0747120565,-31.3616996446,-6.6967954636,Salinity,Mid-depth,psu,-3.3876947332,34.9594561834,30.7811221727,-4.1783340107,4
2011-05-03 08:00:00,Lower,1359,1359,159.0747120565,-31.3616996446,-6.6967954636,Salinity,Mid-depth,psu,-3.3585781848,34.9699394014,33.4889367134,-1.4810026880,4
2011-05-03 09:00:00,Lower,1359,1359,159.0747120565,-31.3616996446,-6.6967954636,Salinity,Mid-depth,psu,-3.3192644677,34.9859138112,34.4569870996,-0.5289267116,4
2011-05-03 10:00:00,Lower,1359,1359,159.0747120565,-31.3616996446,-6.6967954636,Salinity,Mid-depth,psu,-3.2890734490,34.9923775818,34.4055188471,-0.5868587347,4
2011-05-03 11:00:00,Lower,1359,1359,159.0747120565,-31.3616996446,-6.6967954636,Salinity,Mid-depth,psu,-3.2689843345,34.9924675056,33.7845364945,-1.2079310111,4
2011-05-03 12:00:00,Lower,1359,1359,159.0747120565,-31.3616996446,-6.6967954636,Salinity,Mid-depth,psu,-3.2682625214,34.9823374564,32.3617634132,-2.6205740432,4
2011-05-03 13:00:00,Lower,1359,1359,159.0747120565,-31.3616996446,-6.6967954636,Salinity,Mid-depth,psu,-3.2820896089,34.9566747923,29.5540218546,-5.4026529378,4
2011-05-03 14:00:00,Lower,1359,1359,159.0747120565,-31.3616996446,-6.6967954636,Salinity,Mid-depth,psu,-3.3053140231,34.9027535542,26.2309930137,-8.6717605406,4
2011-05-03 15:00:00,Lower,1359,1359,159.0747120565,-31.3616996446,-6.6967954636,Salinity,Mid-depth,psu,-3.3333870845,34.8049370162,22.4751182657,-12.3298187505,4
2011-05-03 16:00:00,Lower,1359,1359,159.0747120565,-31.3616996446,-6.6967954636,Salinity,Mid-depth,psu,-3.3569506506,34.7505250040,19.5186538315,-15.2318711725,4
2011-05-03 17:00:00,Lower,1359,1359,159.0747120565,-31.3616996446,-6.6967954636,Salinity,Mid-depth,psu,-3.3764048889,34.7501458989,18.2665687090,-16.4835771899,4
2011-05-03 18:00:00,Lower,1359,1359,159.0747120565,-31.3616996446,-6.6967954636,Salinity,Mid-depth,psu,-3.3793057420,34.8227178697,23.2407504159,-11.5819674538,4
2011-05-03 19:00:00,Lower,1359,1359,159.0747120565,-31.3616996446,-6.6967954636,Salinity,Mid-depth,psu,-3.3721304899,34.9210183109,29.6033343156,-5.3176839953,4
2011-05-03 20:00:00,Lower,1359,1359,159.0747120565,-31.3616996446,-6.6967954636,Salinity,Mid-depth,psu,-3.3482610214,34.9568307361,32.6481903925,-2.3086403437,4
2011-05-03 21:00:00,Lower,1359,1359,159.0747120565,-31.3616996446,-6.6967954636,Salinity,Mid-depth,psu,-3.3140279938,34.9756668491,34.0097533959,-0.9659134531,4
2011-05-03 22:00:00,Lower,1359,1359,159.0747120565,-31.3616996446,-6.6967954636,Salinity,Mid-depth,psu,-3.2841485669,34.9864217478,34.0366484839,-0.9497732639,4
2011-05-03 23:00:00,Lower,1359,1359,159.0747120565,-31.3616996446,-6.6967954636,Salinity,Mid-depth,psu,-3.2638711589,34.9874675930,33.5082990329,-1.4791685602,4
2011-05-04 00:00:00,Lower,1359,1359,159.0747120565,-31.3616996446,-6.6967954636,Salinity,Mid-depth,psu,-3.2631483399,34.9746614699,32.0847382806,-2.8899231893,4
2011-05-04 01:00:00,Lower,1359,1359,159.0747120565,-31.3616996446,-6.6967954636,Salinity,Mid-depth,psu,-3.2770392034,34.9401155414,29.2090150900,-5.7311004514,4
2011-05-04 02:00:00,Lower,1359,1359,159.0747120565,-31.3616996446,-6.6967954636,Salinity,Mid-depth,psu,-3.3049125788,34.8618245102,25.3142397214,-9.5475847888,4
2011-05-04 03:00:00,Lower,1359,1359,159.0747120565,-31.3616996446,-6.6967954636,Salinity,Mid-depth,psu,-3.3426259929,34.7325439348,20.5323303737,-14.2002135611,4
2011-05-04 04:00:00,Lower,1359,1359,159.0747120565,-31.3616996446,-6.6967954636,Salinity,Mid-depth,psu,-3.3713536739,34.6654743509,17.7234903496,-16.9419840012,4
2011-05-04 05:00:00,Lower,1359,1359,159.0747120565,-31.3616996446,-6.6967954636,Salinity,Mid-depth,psu,-3.3954036971,34.7027184547,16.0253231090,-18.6773953458,4
2011-05-04 06:00:00,Lower,1359,1359,159.0747120565,-31.3616996446,-6.6967954636,Salinity,Mid-depth,psu,-3.4108386650,34.7406318236,16.4503315278,-18.2903002958,4
2011-05-04 07:00:00,Lower,1359,1359,159.0747120565,-31.3616996446,-6.6967954636,Salinity,Mid-depth,psu,-3.4104413806,34.8757864980,25.0156346769,-9.8601518211,4
2011-05-04 08:00:00,Lower,1359,1359,159.0747120565,-31.3616996446,-6.6967954636,Salinity,Mid-depth,psu,-3.3879400314,34.9551321449,31.2519010170,-3.7032311279,4
2011-05-04 09:00:00,Lower,1359,1359,159.0747120565,-31.3616996446,-6.6967954636,Salinity,Mid-depth,psu,-3.3489432438,34.9744061273,34.0074598973,-0.9669462300,4
2011-05-04 10:00:00,Lower,1359,1359,159.0747120565,-31.3616996446,-6.6967954636,Salinity,Mid-depth,psu,-3.3092008952,34.9887885033,34.5647549218,-0.4240335814,4
2011-05-04 11:00:00,Lower,1359,1359,159.0747120565,-31.3616996446,-6.6967954636,Salinity,Mid-depth,psu,-3.2789952832,34.9931455324,34.4502035093,-0.5429420230,4
2011-05-04 12:00:00,Lower,1359,1359,159.0747120565,-31.3616996446,-6.6967954636,Salinity,Mid-depth,psu,-3.2637512874,34.9875196941,33.7367552880,-1.2507644061,4
2011-05-04 13:00:00,Lower,1359,1359,159.0747120565,-31.3616996446,-6.6967954636,Salinity,Mid-depth,psu,-3.2633192299,34.9654570140,32.2381055043,-2.7273515097,4
2011-05-04 14:00:00,Lower,1359,1359,159.0747120565,-31.3616996446,-6.6967954636,Salinity,Mid-depth,psu,-3.2819311698,34.8531937433,29.1096503489,-5.7435433945,4
2011-05-04 15:00:00,Lower,1359,1359,159.0747120565,-31.3616996446,-6.6967954636,Salinity,Mid-depth,psu,-3.3099598709,34.7094157863,25.0661620872,-9.6432536991,4
2011-05-04 16:00:00,Lower,1359,1359,159.0747120565,-31.3616996446,-6.6967954636,Salinity,Mid-depth,psu,-3.3380818632,34.6529470399,21.3648062413,-13.2881407986,4
2011-05-04 17:00:00,Lower,1359,1359,159.0747120565,-31.3616996446,-6.6967954636,Salinity,Mid-depth,psu,-3.3618204765,34.6704032866,18.9838067028,-15.6865965838,4
2011-05-04 18:00:00,Lower,1359,1359,159.0747120565,-31.3616996446,-6.6967954636,Salinity,Mid-depth,psu,-3.3813116153,34.7319775080,17.8783157803,-16.8536617277,4
2011-05-04 19:00:00,Lower,1359,1359,159.0747120565,-31.3616996446,-6.6967954636,Salinity,Mid-depth,psu,-3.3885212322,34.8306900570,21.5907970424,-13.2398930146,4
2011-05-04 20:00:00,Lower,1359,1359,159.0747120565,-31.3616996446,-6.6967954636,Salinity,Mid-depth,psu,-3.3772737068,34.9337856818,29.3427963129,-5.5909893688,4
2011-05-04 21:00:00,Lower,1359,1359,159.0747120565,-31.3616996446,-6.6967954636,Salinity,Mid-depth,psu,-3.3485113233,34.9666729330,32.9514156688,-2.0152572642,4
2011-05-04 22:00:00,Lower,1359,1359,159.0747120565,-31.3616996446,-6.6967954636,Salinity,Mid-depth,psu,-3.3189848745,34.9808755177,33.9932410710,-0.9876344467,4
2011-05-04 23:00:00,Lower,1359,1359,159.0747120565,-31.3616996446,-6.6967954636,Salinity,Mid-depth,psu,-3.2890725009,34.9875517604,33.9898618073,-0.9976899531,4
2011-05-05 00:00:00,Lower,1359,1359,159.0747120565,-31.3616996446,-6.6967954636,Salinity,Mid-depth,psu,-3.2737081070,34.9883667813,33.3525666095,-1.6358001718,4
2011-05-05 01:00:00,Lower,1359,1359,159.0747120565,-31.3616996446,-6.6967954636,Salinity,Mid-depth,psu,-3.2731249674,34.9710327532,31.8754559881,-3.0955767651,4
2011-05-05 02:00:00,Lower,1359,1359,159.0747120565,-31.3616996446,-6.6967954636,Salinity,Mid-depth,psu,-3.2916837363,34.9316367146,28.6754480886,-6.2561886260,4
2011-05-05 03:00:00,Lower,1359,1359,159.0747120565,-31.3616996446,-6.6967954636,Salinity,Mid-depth,psu,-3.3197409718,34.8245531102,24.6569785634,-10.1675745469,4
2011-05-05 04:00:00,Lower,1359,1359,159.0747120565,-31.3616996446,-6.6967954636,Salinity,Mid-depth,psu,-3.3575863408,34.7175992231,19.9133145029,-14.8042847201,4
2011-05-05 05:00:00,Lower,1359,1359,159.0747120565,-31.3616996446,-6.6967954636,Salinity,Mid-depth,psu,-3.3862724052,34.6430784049,17.1632698519,-17.4798085530,4
2011-05-05 06:00:00,Lower,1359,1359,159.0747120565,-31.3616996446,-6.6967954636,Salinity,Mid-depth,psu,-3.4103414621,34.6966029213,15.4791356664,-19.2174672549,4
2011-05-05 07:00:00,Lower,1359,1359,159.0747120565,-31.3616996446,-6.6967954636,Salinity,Mid-depth,psu,-3.4171260537,34.7726405597,18.3571549526,-16.4154856070,4
2011-05-05 08:00:00,Lower,1359,1359,159.0747120565,-31.3616996446,-6.6967954636,Salinity,Mid-depth,psu,-3.4115615058,34.9148175564,27.6915114796,-7.2233060768,4
2011-05-05 09:00:00,Lower,1359,1359,159.0747120565,-31.3616996446,-6.6967954636,Salinity,Mid-depth,psu,-3.3881916904,34.9584172070,32.0160110202,-2.9424061868,4
2011-05-05 10:00:00,Lower,1359,1359,159.0747120565,-31.3616996446,-6.6967954636,Salinity,Mid-depth,psu,-3.3489667193,34.9756654926,34.2368369844,-0.7388285082,4
2011-05-05 11:00:00,Lower,1359,1359,159.0747120565,-31.3616996446,-6.6967954636,Salinity,Mid-depth,psu,-3.3092619613,34.9895052104,34.6206976618,-0.3688075485,4
2011-05-05 12:00:00,Lower,1359,1359,159.0747120565,-31.3616996446,-6.6967954636,Salinity,Mid-depth,psu,-3.2791296215,34.9935749107,34.4474874251,-0.5460874856,4
2011-05-05 13:00:00,Lower,1359,1359,159.0747120565,-31.3616996446,-6.6967954636,Salinity,Mid-depth,psu,-3.2638720898,34.9919149515,33.7533571196,-1.2385578319,4
2011-05-05 14:00:00,Lower,1359,1359,159.0747120565,-31.3616996446,-6.6967954636,Salinity,Mid-depth,psu,-3.2633676570,34.9749753435,32.3412019550,-2.6337733885,4
2011-05-05 15:00:00,Lower,1359,1359,159.0747120565,-31.3616996446,-6.6967954636,Salinity,Mid-depth,psu,-3.2867758152,34.9313494421,28.7975669056,-6.1337825366,4
2011-05-05 16:00:00,Lower,1359,1359,159.0747120565,-31.3616996446,-6.6967954636,Salinity,Mid-depth,psu,-3.3196204960,34.8023406099,24.2257138275,-10.5766267824,4
2011-05-05 17:00:00,Lower,1359,1359,159.0747120565,-31.3616996446,-6.6967954636,Salinity,Mid-depth,psu,-3.3480028673,34.7230861523,20.6442218712,-14.0788642811,4
2011-05-05 18:00:00,Lower,1359,1359,159.0747120565,-31.3616996446,-6.6967954636,Salinity,Mid-depth,psu,-3.3718188166,34.7082811490,18.4957963530,-16.2124847960,4
2011-05-05 19:00:00,Lower,1359,1359,159.0747120565,-31.3616996446,-6.6967954636,Salinity,Mid-depth,psu,-3.3866259397,34.7443203775,18.0515185343,-16.6928018432,4
2011-05-05 20:00:00,Lower,1359,1359,159.0747120565,-31.3616996446,-6.6967954636,Salinity,Mid-depth,psu,-3.3854752248,34.8677527919,25.1105398070,-9.7572129850,4
2011-05-05 21:00:00,Lower,1359,1359,159.0747120565,-31.3616996446,-6.6967954636,Salinity,Mid-depth,psu,-3.3678307280,34.9487098814,30.9441034375,-4.0046064439,4
2011-05-05 22:00:00,Lower,1359,1359,159.0747120565,-31.3616996446,-6.6967954636,Salinity,Mid-depth,psu,-3.3338436421,34.9702174988,33.5404861058,-1.4297313931,4
2011-05-05 23:00:00,Lower,1359,1359,159.0747120565,-31.3616996446,-6.6967954636,Salinity,Mid-depth,psu,-3.3040247228,34.9853526410,34.1701858164,-0.8151668246,4
2011-05-06 00:00:00,Lower,1359,1359,159.0747120565,-31.3616996446,-6.6967954636,Salinity,Mid-depth,psu,-3.2742186724,34.9893572272,33.9368430154,-1.0525142118,4
2011-05-06 01:00:00,Lower,1359,1359,159.0747120565,-31.3616996446,-6.6967954636,Salinity,Mid-depth,psu,-3.2587438550,34.9902282291,33.3355265351,-1.6547016940,4
2011-05-06 02:00:00,Lower,1359,1359,159.0747120565,-31.3616996446,-6.6967954636,Salinity,Mid-depth,psu,-3.2630520769,34.9722773888,31.5198982516,-3.4523791372,4
2011-05-06 03:00:00,Lower,1359,1359,159.0747120565,-31.3616996446,-6.6967954636,Salinity,Mid-depth,psu,-3.2909724524,34.9116697230,27.2314222449,-7.6802474781,4
2011-05-06 04:00:00,Lower,1359,1359,159.0747120565,-31.3616996446,-6.6967954636,Salinity,Mid-depth,psu,-3.3239918880,34.7770223044,22.7464143416,-12.0306079628,4
2011-05-06 05:00:00,Lower,1359,1359,159.0747120565,-31.3616996446,-6.6967954636,Salinity,Mid-depth,psu,-3.3676983744,34.6808282927,18.7267654005,-15.9540628922,4
2011-05-06 06:00:00,Lower,1359,1359,159.0747120565,-31.3616996446,-6.6967954636,Salinity,Mid-depth,psu,-3.4015575946,34.6100326445,15.8023317291,-18.8077009154,4
2011-05-06 07:00:00,Lower,1359,1359,159.0747120565,-31.3616996446,-6.6967954636,Salinity,Mid-depth,psu,-3.4201425309,34.7254189953,14.4380006087,-20.2874183866,4
2011-05-06 08:00:00,Lower,1359,1359,159.0747120565,-31.3616996446,-6.6967954636,Salinity,Mid-depth,psu,-3.4276658068,34.8355946956,18.9932860772,-15.8423086184,4
2011-05-06 09:00:00,Lower,1359,1359,159.0747120565,-31.3616996446,-6.6967954636,Salinity,Mid-depth,psu,-3.4122162936,34.9395411555,28.6498897682,-6.2896513873,4
2011-05-06 10:00:00,Lower,1359,1359,159.0747120565,-31.3616996446,-6.6967954636,Salinity,Mid-depth,psu,-3.3737884999,34.9715305142,33.2773475036,-1.6941830106,4
2011-05-06 11:00:00,Lower,1359,1359,159.0747120565,-31.3616996446,-6.6967954636,Salinity,Mid-depth,psu,-3.3341597358,34.9879128011,34.6000305173,-0.3878822838,4
2011-05-06 12:00:00,Lower,1359,1359,159.0747120565,-31.3616996446,-6.6967954636,Salinity,Mid-depth,psu,-3.2892521718,34.9920784523,34.6595635105,-0.3325149418,4
2011-05-06 13:00:00,Lower,1359,1359,159.0747120565,-31.3616996446,-6.6967954636,Salinity,Mid-depth,psu,-3.2590412099,34.9934162690,34.5072625575,-0.4861537115,4
2011-05-06 14:00:00,Lower,1359,1359,159.0747120565,-31.3616996446,-6.6967954636,Salinity,Mid-depth,psu,-3.2488636534,34.9901033156,33.6396499742,-1.3504533414,4
2011-05-06 15:00:00,Lower,1359,1359,159.0747120565,-31.3616996446,-6.6967954636,Salinity,Mid-depth,psu,-3.2579915456,34.9730320407,31.4764135990,-3.4966184417,4
2011-05-06 16:00:00,Lower,1359,1359,159.0747120565,-31.3616996446,-6.6967954636,Salinity,Mid-depth,psu,-3.2859722352,34.9080391602,27.3198559623,-7.5881831979,4
2011-05-06 17:00:00,Lower,1359,1359,159.0747120565,-31.3616996446,-6.6967954636,Salinity,Mid-depth,psu,-3.3191127679,34.7781804406,23.0155619935,-11.7626184471,4
2011-05-06 18:00:00,Lower,1359,1359,159.0747120565,-31.3616996446,-6.6967954636,Salinity,Mid-depth,psu,-3.3477026387,34.7014488271,19.8855114751,-14.8159373520,4
2011-05-06 19:00:00,Lower,1359,1359,159.0747120565,-31.3616996446,-6.6967954636,Salinity,Mid-depth,psu,-3.3764794250,34.6709368971,17.5118695024,-17.1590673946,4
2011-05-06 20:00:00,Lower,1359,1359,159.0747120565,-31.3616996446,-6.6967954636,Salinity,Mid-depth,psu,-3.3912064748,34.7042220118,16.6436961159,-18.0605258959,4
2011-05-06 21:00:00,Lower,1359,1359,159.0747120565,-31.3616996446,-6.6967954636,Salinity,Mid-depth,psu,-3.3858573128,34.8816519978,25.5096534761,-9.3719985217,4
2011-05-06 22:00:00,Lower,1359,1359,159.0747120565,-31.3616996446,-6.6967954636,Salinity,Mid-depth,psu,-3.3583837394,34.9595675280,31.8477826617,-3.1117848663,4
2011-05-06 23:00:00,Lower,1359,1359,159.0747120565,-31.3616996446,-6.6967954636,Salinity,Mid-depth,psu,-3.3239816796,34.9803588046,33.8170455600,-1.1633132446,4
2011-05-07 00:00:00,Lower,1359,1359,159.0747120565,-31.3616996446,-6.6967954636,Salinity,Mid-depth,psu,-3.2843657449,34.9896408791,34.3017620164,-0.6878788627,4
2011-05-01 01:00:00,Lower,1359,1359,159.0747120565,-31.3616996446,-6.6967954636,Salinity,Near-bottom,psu,-6.1967954636,34.3976356267,10.3752962159,-24.0223394108,2
2011-05-01 02:00:00,Lower,1359,1359,159.0747120565,-31.3616996446,-6.6967954636,Salinity,Near-bottom,psu,-6.1967954636,34.9350573745,10.0059954531,-24.9290619214,2
2011-05-01 03:00:00,Lower,1359,1359,159.0747120565,-31.3616996446,-6.6967954636,Salinity,Near-bottom,psu,-6.1967954636,34.9257266083,10.0009013148,-24.9248252935,2
2011-05-01 04:00:00,Lower,1359,1359,159.0747120565,-31.3616996446,-6.6967954636,Salinity,Near-bottom,psu,-6.1967954636,34.9661205984,10.1291244615,-24.8369961369,2
2011-05-01 05:00:00,Lower,1359,1359,159.0747120565,-31.3616996446,-6.6967954636,Salinity,Near-bottom,psu,-6.1967954636,34.9717658128,27.6080970629,-7.3636687499,2
2011-05-01 06:00:00,Lower,1359,1359,159.0747120565,-31.3616996446,-6.6967954636,Salinity,Near-bottom,psu,-6.1967954636,34.9687843452,33.1565764557,-1.8122078895,2
2011-05-01 07:00:00,Lower,1359,1359,159.0747120565,-31.3616996446,-6.6967954636,Salinity,Near-bottom,psu,-6.1967954636,34.9736922220,34.2933530921,-0.6803391299,2
2011-05-01 08:00:00,Lower,1359,1359,159.0747120565,-31.3616996446,-6.6967954636,Salinity,Near-bottom,psu,-6.1967954636,34.9788930177,34.1802255817,-0.7986674360,2
2011-05-01 09:00:00,Lower,1359,1359,159.0747120565,-31.3616996446,-6.6967954636,Salinity,Near-bottom,psu,-6.1967954636,34.9830812801,33.8717074828,-1.1113737973,2
2011-05-01 10:00:00,Lower,1359,1359,159.0747120565,-31.3616996446,-6.6967954636,Salinity,Near-bottom,psu,-6.1967954636,34.9865498097,32.9343162557,-2.0522335540,2
2011-05-01 11:00:00,Lower,1359,1359,159.0747120565,-31.3616996446,-6.6967954636,Salinity,Near-bottom,psu,-6.1967954636,34.9901710455,31.1766652652,-3.8135057802,2
2011-05-01 12:00:00,Lower,1359,1359,159.0747120565,-31.3616996446,-6.6967954636,Salinity,Near-bottom,psu,-6.1967954636,34.9917421503,27.3919311314,-7.5998110188,2
2011-05-01 13:00:00,Lower,1359,1359,159.0747120565,-31.3616996446,-6.6967954636,Salinity,Near-bottom,psu,-6.1967954636,34.9882719433,22.4887587819,-12.4995131614,2
2011-05-01 14:00:00,Lower,1359,1359,159.0747120565,-31.3616996446,-6.6967954636,Salinity,Near-bottom,psu,-6.1967954636,34.9815632670,19.1531200232,-15.8284432438,2
2011-05-01 15:00:00,Lower,1359,1359,159.0747120565,-31.3616996446,-6.6967954636,Salinity,Near-bottom,psu,-6.1967954636,34.9800394460,18.4289052537,-16.5511341923,2
2011-05-01 16:00:00,Lower,1359,1359,159.0747120565,-31.3616996446,-6.6967954636,Salinity,Near-bottom,psu,-6.1967954636,34.9812792614,24.0836294424,-10.8976498190,2
2011-05-01 17:00:00,Lower,1359,1359,159.0747120565,-31.3616996446,-6.6967954636,Salinity,Near-bottom,psu,-6.1967954636,34.9885451716,30.5317304185,-4.4568147532,2
2011-05-01 18:00:00,Lower,1359,1359,159.0747120565,-31.3616996446,-6.6967954636,Salinity,Near-bottom,psu,-6.1967954636,34.9878144548,33.6002854221,-1.3875290327,2
2011-05-01 19:00:00,Lower,1359,1359,159.0747120565,-31.3616996446,-6.6967954636,Salinity,Near-bottom,psu,-6.1967954636,34.9837673751,34.1691710713,-0.8145963037,2
2011-05-01 20:00:00,Lower,1359,1359,159.0747120565,-31.3616996446,-6.6967954636,Salinity,Near-bottom,psu,-6.1967954636,34.9876082376,34.0078948075,-0.9797134302,2
2011-05-01 21:00:00,Lower,1359,1359,159.0747120565,-31.3616996446,-6.6967954636,Salinity,Near-bottom,psu,-6.1967954636,34.9901546857,33.8878984168,-1.1022562689,2
2011-05-01 22:00:00,Lower,1359,1359,159.0747120565,-31.3616996446,-6.6967954636,Salinity,Near-bottom,psu,-6.1967954636,34.9915841091,33.2293824999,-1.7622016092,2
2011-05-01 23:00:00,Lower,1359,1359,159.0747120565,-31.3616996446,-6.6967954636,Salinity,Near-bottom,psu,-6.1967954636,34.9933805692,31.1024192305,-3.8909613387,2
2011-05-02 00:00:00,Lower,1359,1359,159.0747120565,-31.3616996446,-6.6967954636,Salinity,Near-bottom,psu,-6.1967954636,34.9934806694,27.1787045963,-7.8147760731,2
2011-05-02 01:00:00,Lower,1359,1359,159.0747120565,-31.3616996446,-6.6967954636,Salinity,Near-bottom,psu,-6.1967954636,34.9901843517,22.2415617316,-12.7486226200,2
2011-05-02 02:00:00,Lower,1359,1359,159.0747120565,-31.3616996446,-6.6967954636,Salinity,Near-bottom,psu,-6.1967954636,34.9876853056,18.4147039602,-16.5729813454,2
2011-05-02 03:00:00,Lower,1359,1359,159.0747120565,-31.3616996446,-6.6967954636,Salinity,Near-bottom,psu,-6.1967954636,34.9823853278,16.6767025629,-18.3056827649,2
2011-05-02 04:00:00,Lower,1359,1359,159.0747120565,-31.3616996446,-6.6967954636,Salinity,Near-bottom,psu,-6.1967954636,34.9802271661,18.0847350311,-16.8954921350,2
2011-05-02 05:00:00,Lower,1359,1359,159.0747120565,-31.3616996446,-6.6967954636,Salinity,Near-bottom,psu,-6.1967954636,34.9836565124,26.8603855820,-8.1232709304,2
2011-05-02 06:00:00,Lower,1359,1359,159.0747120565,-31.3616996446,-6.6967954636,Salinity,Near-bottom,psu,-6.1967954636,34.9897955537,32.2733818728,-2.7164136808,2
2011-05-02 07:00:00,Lower,1359,1359,159.0747120565,-31.3616996446,-6.6967954636,Salinity,Near-bottom,psu,-6.1967954636,34.9862246959,34.1649523788,-0.8212723171,2
2011-05-02 08:00:00,Lower,1359,1359,159.0747120565,-31.3616996446,-6.6967954636,Salinity,Near-bottom,psu,-6.1967954636,34.9880346838,34.4128129946,-0.5752216893,2
2011-05-02 09:00:00,Lower,1359,1359,159.0747120565,-31.3616996446,-6.6967954636,Salinity,Near-bottom,psu,-6.1967954636,34.9930465015,34.1963562386,-0.7966902628,2
2011-05-02 10:00:00,Lower,1359,1359,159.0747120565,-31.3616996446,-6.6967954636,Salinity,Near-bottom,psu,-6.1967954636,34.9944925341,33.8809013931,-1.1135911409,2
2011-05-02 11:00:00,Lower,1359,1359,159.0747120565,-31.3616996446,-6.6967954636,Salinity,Near-bottom,psu,-6.1967954636,34.9940185547,32.9703900195,-2.0236285352,2
2011-05-02 12:00:00,Lower,1359,1359,159.0747120565,-31.3616996446,-6.6967954636,Salinity,Near-bottom,psu,-6.1967954636,34.9948117494,30.8717495841,-4.1230621653,2
2011-05-02 13:00:00,Lower,1359,1359,159.0747120565,-31.3616996446,-6.6967954636,Salinity,Near-bottom,psu,-6.1967954636,34.9941472846,27.2688497244,-7.7252975601,2
2011-05-02 14:00:00,Lower,1359,1359,159.0747120565,-31.3616996446,-6.6967954636,Salinity,Near-bottom,psu,-6.1967954636,34.9917238637,22.8433870447,-12.1483368191,2
2011-05-02 15:00:00,Lower,1359,1359,159.0747120565,-31.3616996446,-6.6967954636,Salinity,Near-bottom,psu,-6.1967954636,34.9887320272,19.5959430907,-15.3927889364,2
2011-05-02 16:00:00,Lower,1359,1359,159.0747120565,-31.3616996446,-6.6967954636,Salinity,Near-bottom,psu,-6.1967954636,34.9834855863,19.8109269401,-15.1725586462,2
2011-05-02 17:00:00,Lower,1359,1359,159.0747120565,-31.3616996446,-6.6967954636,Salinity,Near-bottom,psu,-6.1967954636,34.9829845493,24.0840703193,-10.8989142300,2
2011-05-02 18:00:00,Lower,1359,1359,159.0747120565,-31.3616996446,-6.6967954636,Salinity,Near-bottom,psu,-6.1967954636,34.9870266469,30.6676848525,-4.3193417943,2
2011-05-02 19:00:00,Lower,1359,1359,159.0747120565,-31.3616996446,-6.6967954636,Salinity,Near-bottom,psu,-6.1967954636,34.9887577990,33.7428818257,-1.2458759733,2
2011-05-02 20:00:00,Lower,1359,1359,159.0747120565,-31.3616996446,-6.6967954636,Salinity,Near-bottom,psu,-6.1967954636,34.9879415979,33.9410218997,-1.0469196981,2
2011-05-02 21:00:00,Lower,1359,1359,159.0747120565,-31.3616996446,-6.6967954636,Salinity,Near-bottom,psu,-6.1967954636,34.9894738999,33.9993226887,-0.9901512111,2
2011-05-02 22:00:00,Lower,1359,1359,159.0747120565,-31.3616996446,-6.6967954636,Salinity,Near-bottom,psu,-6.1967954636,34.9921432310,33.7555609891,-1.2365822419,2
2011-05-02 23:00:00,Lower,1359,1359,159.0747120565,-31.3616996446,-6.6967954636,Salinity,Near-bottom,psu,-6.1967954636,34.9933093092,32.8365191476,-2.1567901616,2
2011-05-03 00:00:00,Lower,1359,1359,159.0747120565,-31.3616996446,-6.6967954636,Salinity,Near-bottom,psu,-6.1967954636,34.9945117516,30.1811090976,-4.8134026540,2
2011-05-03 01:00:00,Lower,1359,1359,159.0747120565,-31.3616996446,-6.6967954636,Salinity,Near-bottom,psu,-6.1967954636,34.9932328453,26.3070059252,-8.6862269200,2
2011-05-03 02:00:00,Lower,1359,1359,159.0747120565,-31.3616996446,-6.6967954636,Salinity,Near-bottom,psu,-6.1967954636,34.9910144741,21.5359794069,-13.4550350673,2
2011-05-03 03:00:00,Lower,1359,1359,159.0747120565,-31.3616996446,-6.6967954636,Salinity,Near-bottom,psu,-6.1967954636,34.9917627053,17.9701435923,-17.0216191130,2
2011-05-03 04:00:00,Lower,1359,1359,159.0747120565,-31.3616996446,-6.6967954636,Salinity,Near-bottom,psu,-6.1967954636,34.9875767115,16.3049273549,-18.6826493565,2
2011-05-03 05:00:00,Lower,1359,1359,159.0747120565,-31.3616996446,-6.6967954636,Salinity,Near-bottom,psu,-6.1967954636,34.9855244173,16.4722724340,-18.5132519832,2
2011-05-03 06:00:00,Lower,1359,1359,159.0747120565,-31.3616996446,-6.6967954636,Salinity,Near-bottom,psu,-6.1967954636,34.9770915237,26.6013406276,-8.3757508961,2
2011-05-03 07:00:00,Lower,1359,1359,159.0747120565,-31.3616996446,-6.6967954636,Salinity,Near-bottom,psu,-6.1967954636,34.9880123332,32.7751216860,-2.2128906473,2
2011-05-03 08:00:00,Lower,1359,1359,159.0747120565,-31.3616996446,-6.6967954636,Salinity,Near-bottom,psu,-6.1967954636,34.9883087528,34.2674104166,-0.7208983361,2
2011-05-03 09:00:00,Lower,1359,1359,159.0747120565,-31.3616996446,-6.6967954636,Salinity,Near-bottom,psu,-6.1967954636,34.9882944897,34.4574752029,-0.5308192868,2
2011-05-03 10:00:00,Lower,1359,1359,159.0747120565,-31.3616996446,-6.6967954636,Salinity,Near-bottom,psu,-6.1967954636,34.9935689838,34.3665139418,-0.6270550421,2
2011-05-03 11:00:00,Lower,1359,1359,159.0747120565,-31.3616996446,-6.6967954636,Salinity,Near-bottom,psu,-6.1967954636,34.9950284926,33.9473665766,-1.0476619160,2
2011-05-03 12:00:00,Lower,1359,1359,159.0747120565,-31.3616996446,-6.6967954636,Salinity,Near-bottom,psu,-6.1967954636,34.9942853212,32.8754511447,-2.1188341765,2
2011-05-03 13:00:00,Lower,1359,1359,159.0747120565,-31.3616996446,-6.6967954636,Salinity,Near-bottom,psu,-6.1967954636,34.9951727694,30.2039972628,-4.7911755066,2
2011-05-03 14:00:00,Lower,1359,1359,159.0747120565,-31.3616996446,-6.6967954636,Salinity,Near-bottom,psu,-6.1967954636,34.9930690886,26.6585608813,-8.3345082072,2
2011-05-03 15:00:00,Lower,1359,1359,159.0747120565,-31.3616996446,-6.6967954636,Salinity,Near-bottom,psu,-6.1967954636,34.9928864153,22.3641600495,-12.6287263658,2
2011-05-03 16:00:00,Lower,1359,1359,159.0747120565,-31.3616996446,-6.6967954636,Salinity,Near-bottom,psu,-6.1967954636,34.9929328475,19.2962396741,-15.6966931734,2
2011-05-03 17:00:00,Lower,1359,1359,159.0747120565,-31.3616996446,-6.6967954636,Salinity,Near-bottom,psu,-6.1967954636,34.9898474262,18.3904183056,-16.5994291206,2
2011-05-03 18:00:00,Lower,1359,1359,159.0747120565,-31.3616996446,-6.6967954636,Salinity,Near-bottom,psu,-6.1967954636,34.9804422319,25.0845106324,-9.8959315995,2
2011-05-03 19:00:00,Lower,1359,1359,159.0747120565,-31.3616996446,-6.6967954636,Salinity,Near-bottom,psu,-6.1967954636,34.9858683681,31.5549291601,-3.4309392080,2
2011-05-03 20:00:00,Lower,1359,1359,159.0747120565,-31.3616996446,-6.6967954636,Salinity,Near-bottom,psu,-6.1967954636,34.9915252372,33.8312058404,-1.1603193967,2
2011-05-03 21:00:00,Lower,1359,1359,159.0747120565,-31.3616996446,-6.6967954636,Salinity,Near-bottom,psu,-6.1967954636,34.9874437734,34.1707490190,-0.8166947544,2
2011-05-03 22:00:00,Lower,1359,1359,159.0747120565,-31.3616996446,-6.6967954636,Salinity,Near-bottom,psu,-6.1967954636,34.9898038776,34.2087159351,-0.7810879426,2
2011-05-03 23:00:00,Lower,1359,1359,159.0747120565,-31.3616996446,-6.6967954636,Salinity,Near-bottom,psu,-6.1967954636,34.9921214309,33.8338740750,-1.1582473559,2
2011-05-04 00:00:00,Lower,1359,1359,159.0747120565,-31.3616996446,-6.6967954636,Salinity,Near-bottom,psu,-6.1967954636,34.9931606801,32.7226733540,-2.2704873261,2
2011-05-04 01:00:00,Lower,1359,1359,159.0747120565,-31.3616996446,-6.6967954636,Salinity,Near-bottom,psu,-6.1967954636,34.9945212690,29.9401963886,-5.0543248804,2
2011-05-04 02:00:00,Lower,1359,1359,159.0747120565,-31.3616996446,-6.6967954636,Salinity,Near-bottom,psu,-6.1967954636,34.9923147354,25.7250213506,-9.2672933848,2
2011-05-04 03:00:00,Lower,1359,1359,159.0747120565,-31.3616996446,-6.6967954636,Salinity,Near-bottom,psu,-6.1967954636,34.9920857353,20.2776481784,-14.7144375569,2
2011-05-04 04:00:00,Lower,1359,1359,159.0747120565,-31.3616996446,-6.6967954636,Salinity,Near-bottom,psu,-6.1967954636,34.9924785051,17.3430939095,-17.6493845956,2
2011-05-04 05:00:00,Lower,1359,1359,159.0747120565,-31.3616996446,-6.6967954636,Salinity,Near-bottom,psu,-6.1967954636,34.9893374760,15.7478886823,-19.2414487936,2
2011-05-04 06:00:00,Lower,1359,1359,159.0747120565,-31.3616996446,-6.6967954636,Salinity,Near-bottom,psu,-6.1967954636,34.9860449470,17.1000021637,-17.8860427833,2
2011-05-04 07:00:00,Lower,1359,1359,159.0747120565,-31.3616996446,-6.6967954636,Salinity,Near-bottom,psu,-6.1967954636,34.9760821363,27.5889004251,-7.3871817112,2
2011-05-04 08:00:00,Lower,1359,1359,159.0747120565,-31.3616996446,-6.6967954636,Salinity,Near-bottom,psu,-6.1967954636,34.9876977583,33.1234530394,-1.8642447189,2
2011-05-04 09:00:00,Lower,1359,1359,159.0747120565,-31.3616996446,-6.6967954636,Salinity,Near-bottom,psu,-6.1967954636,34.9858347840,34.4683880870,-0.5174466969,2
2011-05-04 10:00:00,Lower,1359,1359,159.0747120565,-31.3616996446,-6.6967954636,Salinity,Near-bottom,psu,-6.1967954636,34.9904170999,34.4890451463,-0.5013719536,2
2011-05-04 11:00:00,Lower,1359,1359,159.0747120565,-31.3616996446,-6.6967954636,Salinity,Near-bottom,psu,-6.1967954636,34.9945498986,34.4721681185,-0.5223817801,2
2011-05-04 12:00:00,Lower,1359,1359,159.0747120565,-31.3616996446,-6.6967954636,Salinity,Near-bottom,psu,-6.1967954636,34.9950982581,33.9324568164,-1.0626414417,2
2011-05-04 13:00:00,Lower,1359,1359,159.0747120565,-31.3616996446,-6.6967954636,Salinity,Near-bottom,psu,-6.1967954636,34.9961306777,32.7316304428,-2.2645002350,2
2011-05-04 14:00:00,Lower,1359,1359,159.0747120565,-31.3616996446,-6.6967954636,Salinity,Near-bottom,psu,-6.1967954636,34.9957340933,29.7144660089,-5.2812680844,2
2011-05-04 15:00:00,Lower,1359,1359,159.0747120565,-31.3616996446,-6.6967954636,Salinity,Near-bottom,psu,-6.1967954636,34.9964543765,25.3019620741,-9.6944923024,2
2011-05-04 16:00:00,Lower,1359,1359,159.0747120565,-31.3616996446,-6.6967954636,Salinity,Near-bottom,psu,-6.1967954636,34.9954670387,21.1074640841,-13.8880029546,2
2011-05-04 17:00:00,Lower,1359,1359,159.0747120565,-31.3616996446,-6.6967954636,Salinity,Near-bottom,psu,-6.1967954636,34.9935272457,18.7083091593,-16.2852180864,2
2011-05-04 18:00:00,Lower,1359,1359,159.0747120565,-31.3616996446,-6.6967954636,Salinity,Near-bottom,psu,-6.1967954636,34.9868032590,17.9679155251,-17.0188877338,2
2011-05-04 19:00:00,Lower,1359,1359,159.0747120565,-31.3616996446,-6.6967954636,Salinity,Near-bottom,psu,-6.1967954636,34.9783192540,23.2473447366,-11.7309745174,2
2011-05-04 20:00:00,Lower,1359,1359,159.0747120565,-31.3616996446,-6.6967954636,Salinity,Near-bottom,psu,-6.1967954636,34.9857665905,31.4113999595,-3.5743666310,2
2011-05-04 21:00:00,Lower,1359,1359,159.0747120565,-31.3616996446,-6.6967954636,Salinity,Near-bottom,psu,-6.1967954636,34.9879975862,34.0171140177,-0.9708835685,2
2011-05-04 22:00:00,Lower,1359,1359,159.0747120565,-31.3616996446,-6.6967954636,Salinity,Near-bottom,psu,-6.1967954636,34.9874594645,34.1155604055,-0.8718990589,2
2011-05-04 23:00:00,Lower,1359,1359,159.0747120565,-31.3616996446,-6.6967954636,Salinity,Near-bottom,psu,-6.1967954636,34.9906315229,34.0810278313,-0.9096036916,2
2011-05-05 00:00:00,Lower,1359,1359,159.0747120565,-31.3616996446,-6.6967954636,Salinity,Near-bottom,psu,-6.1967954636,34.9925069906,33.7269993695,-1.2655076211,2
2011-05-05 01:00:00,Lower,1359,1359,159.0747120565,-31.3616996446,-6.6967954636,Salinity,Near-bottom,psu,-6.1967954636,34.9943200728,32.5287600600,-2.4655600128,2
2011-05-05 02:00:00,Lower,1359,1359,159.0747120565,-31.3616996446,-6.6967954636,Salinity,Near-bottom,psu,-6.1967954636,34.9944135006,29.3764187745,-5.6179947261,2
2011-05-05 03:00:00,Lower,1359,1359,159.0747120565,-31.3616996446,-6.6967954636,Salinity,Near-bottom,psu,-6.1967954636,34.9934466253,24.7717665437,-10.2216800817,2
2011-05-05 04:00:00,Lower,1359,1359,159.0747120565,-31.3616996446,-6.6967954636,Salinity,Near-bottom,psu,-6.1967954636,34.9928584803,19.6620093417,-15.3308491386,2
2011-05-05 05:00:00,Lower,1359,1359,159.0747120565,-31.3616996446,-6.6967954636,Salinity,Near-bottom,psu,-6.1967954636,34.9930825905,16.7232031614,-18.2698794292,2
2011-05-05 06:00:00,Lower,1359,1359,159.0747120565,-31.3616996446,-6.6967954636,Salinity,Near-bottom,psu,-6.1967954636,34.9899982314,15.1606861162,-19.8293121152,2
2011-05-05 07:00:00,Lower,1359,1359,159.0747120565,-31.3616996446,-6.6967954636,Salinity,Near-bottom,psu,-6.1967954636,34.9824518440,19.6284077959,-15.3540440480,2
2011-05-05 08:00:00,Lower,1359,1359,159.0747120565,-31.3616996446,-6.6967954636,Salinity,Near-bottom,psu,-6.1967954636,34.9795278166,30.1256804254,-4.8538473912,2
2011-05-05 09:00:00,Lower,1359,1359,159.0747120565,-31.3616996446,-6.6967954636,Salinity,Near-bottom,psu,-6.1967954636,34.9897666746,33.5799947331,-1.4097719416,2
2011-05-05 10:00:00,Lower,1359,1359,159.0747120565,-31.3616996446,-6.6967954636,Salinity,Near-bottom,psu,-6.1967954636,34.9859648901,34.5904446568,-0.3955202333,2
2011-05-05 11:00:00,Lower,1359,1359,159.0747120565,-31.3616996446,-6.6967954636,Salinity,Near-bottom,psu,-6.1967954636,34.9910267698,34.5187399440,-0.4722868259,2
2011-05-05 12:00:00,Lower,1359,1359,159.0747120565,-31.3616996446,-6.6967954636,Salinity,Near-bottom,psu,-6.1967954636,34.9948637918,34.4215819598,-0.5732818320,2
2011-05-05 13:00:00,Lower,1359,1359,159.0747120565,-31.3616996446,-6.6967954636,Salinity,Near-bottom,psu,-6.1967954636,34.9953433427,33.8930623324,-1.1022810103,2
2011-05-05 14:00:00,Lower,1359,1359,159.0747120565,-31.3616996446,-6.6967954636,Salinity,Near-bottom,psu,-6.1967954636,34.9955112023,32.7899417354,-2.2055694669,2
2011-05-05 15:00:00,Lower,1359,1359,159.0747120565,-31.3616996446,-6.6967954636,Salinity,Near-bottom,psu,-6.1967954636,34.9952911562,29.3473555841,-5.6479355721,2
2011-05-05 16:00:00,Lower,1359,1359,159.0747120565,-31.3616996446,-6.6967954636,Salinity,Near-bottom,psu,-6.1967954636,34.9947060130,24.2193270697,-10.7753789433,2
2011-05-05 17:00:00,Lower,1359,1359,159.0747120565,-31.3616996446,-6.6967954636,Salinity,Near-bottom,psu,-6.1967954636,34.9939535607,20.2897838241,-14.7041697366,2
2011-05-05 18:00:00,Lower,1359,1359,159.0747120565,-31.3616996446,-6.6967954636,Salinity,Near-bottom,psu,-6.1967954636,34.9921388400,18.1688589963,-16.8232798437,2
2011-05-05 19:00:00,Lower,1359,1359,159.0747120565,-31.3616996446,-6.6967954636,Salinity,Near-bottom,psu,-6.1967954636,34.9866569242,18.2457830240,-16.7408739002,2
2011-05-05 20:00:00,Lower,1359,1359,159.0747120565,-31.3616996446,-6.6967954636,Salinity,Near-bottom,psu,-6.1967954636,34.9775257304,27.1993108127,-7.7782149178,2
2011-05-05 21:00:00,Lower,1359,1359,159.0747120565,-31.3616996446,-6.6967954636,Salinity,Near-bottom,psu,-6.1967954636,34.9883277339,32.7657058586,-2.2226218753,2
2011-05-05 22:00:00,Lower,1359,1359,159.0747120565,-31.3616996446,-6.6967954636,Salinity,Near-bottom,psu,-6.1967954636,34.9877669217,34.0663294499,-0.9214374717,2
2011-05-05 23:00:00,Lower,1359,1359,159.0747120565,-31.3616996446,-6.6967954636,Salinity,Near-bottom,psu,-6.1967954636,34.9884062040,34.1814440121,-0.8069621919,2
2011-05-06 00:00:00,Lower,1359,1359,159.0747120565,-31.3616996446,-6.6967954636,Salinity,Near-bottom,psu,-6.1967954636,34.9920718399,34.1002416268,-0.8918302130,2
2011-05-06 01:00:00,Lower,1359,1359,159.0747120565,-31.3616996446,-6.6967954636,Salinity,Near-bottom,psu,-6.1967954636,34.9931500359,33.7019411643,-1.2912088716,2
2011-05-06 02:00:00,Lower,1359,1359,159.0747120565,-31.3616996446,-6.6967954636,Salinity,Near-bottom,psu,-6.1967954636,34.9943710272,32.1990704391,-2.7953005881,2
2011-05-06 03:00:00,Lower,1359,1359,159.0747120565,-31.3616996446,-6.6967954636,Salinity,Near-bottom,psu,-6.1967954636,34.9941053229,27.8023046578,-7.1918006651,2
2011-05-06 04:00:00,Lower,1359,1359,159.0747120565,-31.3616996446,-6.6967954636,Salinity,Near-bottom,psu,-6.1967954636,34.9931101062,22.6645237511,-12.3285863551,2
2011-05-06 05:00:00,Lower,1359,1359,159.0747120565,-31.3616996446,-6.6967954636,Salinity,Near-bottom,psu,-6.1967954636,34.9917177417,18.3480683490,-16.6436493928,2
2011-05-06 06:00:00,Lower,1359,1359,159.0747120565,-31.3616996446,-6.6967954636,Salinity,Near-bottom,psu,-6.1967954636,34.9915444547,15.3280031862,-19.6635412685,2
2011-05-06 07:00:00,Lower,1359,1359,159.0747120565,-31.3616996446,-6.6967954636,Salinity,Near-bottom,psu,-6.1967954636,34.9863284280,14.2598821377,-20.7264462903,2
2011-05-06 08:00:00,Lower,1359,1359,159.0747120565,-31.3616996446,-6.6967954636,Salinity,Near-bottom,psu,-6.1967954636,34.9768696561,20.7103218214,-14.2665478348,2
2011-05-06 09:00:00,Lower,1359,1359,159.0747120565,-31.3616996446,-6.6967954636,Salinity,Near-bottom,psu,-6.1967954636,34.9822623911,31.0694636746,-3.9127987165,2
2011-05-06 10:00:00,Lower,1359,1359,159.0747120565,-31.3616996446,-6.6967954636,Salinity,Near-bottom,psu,-6.1967954636,34.9840941940,34.1638542963,-0.8202398977,2
2011-05-06 11:00:00,Lower,1359,1359,159.0747120565,-31.3616996446,-6.6967954636,Salinity,Near-bottom,psu,-6.1967954636,34.9896225548,34.7002189284,-0.2894036265,2
2011-05-06 12:00:00,Lower,1359,1359,159.0747120565,-31.3616996446,-6.6967954636,Salinity,Near-bottom,psu,-6.1967954636,34.9940767321,34.5554234393,-0.4386532928,2
2011-05-06 13:00:00,Lower,1359,1359,159.0747120565,-31.3616996446,-6.6967954636,Salinity,Near-bottom,psu,-6.1967954636,34.9947858593,34.5131991299,-0.4815867294,2
2011-05-06 14:00:00,Lower,1359,1359,159.0747120565,-31.3616996446,-6.6967954636,Salinity,Near-bottom,psu,-6.1967954636,34.9950838121,33.8228802044,-1.1722036078,2
2011-05-06 15:00:00,Lower,1359,1359,159.0747120565,-31.3616996446,-6.6967954636,Salinity,Near-bottom,psu,-6.1967954636,34.9952173265,31.9820671425,-3.0131501840,2
2011-05-06 16:00:00,Lower,1359,1359,159.0747120565,-31.3616996446,-6.6967954636,Salinity,Near-bottom,psu,-6.1967954636,34.9945504232,27.7590834979,-7.2354669254,2
2011-05-06 17:00:00,Lower,1359,1359,159.0747120565,-31.3616996446,-6.6967954636,Salinity,Near-bottom,psu,-6.1967954636,34.9937669158,22.9297710502,-12.0639958656,2
2011-05-06 18:00:00,Lower,1359,1359,159.0747120565,-31.3616996446,-6.6967954636,Salinity,Near-bottom,psu,-6.1967954636,34.9931967562,19.5235456013,-15.4696511549,2
2011-05-06 19:00:00,Lower,1359,1359,159.0747120565,-31.3616996446,-6.6967954636,Salinity,Near-bottom,psu,-6.1967954636,34.9922778206,17.1920590068,-17.8002188138,2
2011-05-06 20:00:00,Lower,1359,1359,159.0747120565,-31.3616996446,-6.6967954636,Salinity,Near-bottom,psu,-6.1967954636,34.9888846945,16.7569087511,-18.2319759434,2
2011-05-06 21:00:00,Lower,1359,1359,159.0747120565,-31.3616996446,-6.6967954636,Salinity,Near-bottom,psu,-6.1967954636,34.9767399416,27.8275029986,-7.1492369430,2
2011-05-06 22:00:00,Lower,1359,1359,159.0747120565,-31.3616996446,-6.6967954636,Salinity,Near-bottom,psu,-6.1967954636,34.9869813822,33.4702982086,-1.5166831736,2
2011-05-06 23:00:00,Lower,1359,1359,159.0747120565,-31.3616996446,-6.6967954636,Salinity,Near-bottom,psu,-6.1967954636,34.9858562035,34.0684506119,-0.9174055917,2
2011-05-07 00:00:00,Lower,1359,1359,159.0747120565,-31.3616996446,-6.6967954636,Salinity,Near-bottom,psu,-6.1967954636,34.9915832963,34.4109691588,-0.5806141375,2
2011-05-01 01:00:00,Lower,1359,1359,159.0747120565,-31.3616996446,-6.6967954636,Salinity,Surface,psu,-0.5137838996,10.1827773429,10.4298155284,0.2470381855,4
2011-05-01 02:00:00,Lower,1359,1359,159.0747120565,-31.3616996446,-6.6967954636,Salinity,Surface,psu,-0.5687976381,10.1555003711,10.0162158484,-0.1392845227,4
2011-05-01 03:00:00,Lower,1359,1359,159.0747120565,-31.3616996446,-6.6967954636,Salinity,Surface,psu,-0.5979628703,10.6263183395,10.0026893209,-0.6236290186,4
2011-05-01 04:00:00,Lower,1359,1359,159.0747120565,-31.3616996446,-6.6967954636,Salinity,Surface,psu,-0.5988047099,10.9570350558,10.0594749144,-0.8975601414,4
2011-05-01 05:00:00,Lower,1359,1359,159.0747120565,-31.3616996446,-6.6967954636,Salinity,Surface,psu,-0.5849895226,11.7013789623,24.5551436086,12.8537646462,4
2011-05-01 06:00:00,Lower,1359,1359,159.0747120565,-31.3616996446,-6.6967954636,Salinity,Surface,psu,-0.5293535672,12.6076041656,31.3027223608,18.6951181952,4
2011-05-01 07:00:00,Lower,1359,1359,159.0747120565,-31.3616996446,-6.6967954636,Salinity,Surface,psu,-0.4708797785,13.0509504173,33.8700299047,20.8190794874,4
2011-05-01 08:00:00,Lower,1359,1359,159.0747120565,-31.3616996446,-6.6967954636,Salinity,Surface,psu,-0.4114286418,13.4467382284,34.1316159761,20.6848777477,4
2011-05-01 09:00:00,Lower,1359,1359,159.0747120565,-31.3616996446,-6.6967954636,Salinity,Surface,psu,-0.3709228034,13.9666362189,33.5080534218,19.5414172029,4
2011-05-01 10:00:00,Lower,1359,1359,159.0747120565,-31.3616996446,-6.6967954636,Salinity,Surface,psu,-0.3597194589,14.4609837918,32.2284231687,17.7674393769,4
2011-05-01 11:00:00,Lower,1359,1359,159.0747120565,-31.3616996446,-6.6967954636,Salinity,Surface,psu,-0.3684848370,15.0643485495,30.2770955378,15.2127469883,4
2011-05-01 12:00:00,Lower,1359,1359,159.0747120565,-31.3616996446,-6.6967954636,Salinity,Surface,psu,-0.4145935506,15.4414690700,26.7039286634,11.2624595934,4
2011-05-01 13:00:00,Lower,1359,1359,159.0747120565,-31.3616996446,-6.6967954636,Salinity,Surface,psu,-0.4701785472,15.6928731359,22.4414634216,6.7485902858,4
2011-05-01 14:00:00,Lower,1359,1359,159.0747120565,-31.3616996446,-6.6967954636,Salinity,Surface,psu,-0.5168952911,15.8788756218,19.2430101493,3.3641345275,4
2011-05-01 15:00:00,Lower,1359,1359,159.0747120565,-31.3616996446,-6.6967954636,Salinity,Surface,psu,-0.5556468313,16.0241134449,18.0696871605,2.0455737156,4
2011-05-01 16:00:00,Lower,1359,1359,159.0747120565,-31.3616996446,-6.6967954636,Salinity,Surface,psu,-0.5705003037,16.3088821528,22.1248962456,5.8160140928,4
2011-05-01 17:00:00,Lower,1359,1359,159.0747120565,-31.3616996446,-6.6967954636,Salinity,Surface,psu,-0.5663230558,16.7365568226,28.3528769950,11.6163201724,4
2011-05-01 18:00:00,Lower,1359,1359,159.0747120565,-31.3616996446,-6.6967954636,Salinity,Surface,psu,-0.5193736886,17.1524230257,32.1475650952,14.9951420694,4
2011-05-01 19:00:00,Lower,1359,1359,159.0747120565,-31.3616996446,-6.6967954636,Salinity,Surface,psu,-0.4607930065,17.6663232864,33.8626817682,16.1963584819,4
2011-05-01 20:00:00,Lower,1359,1359,159.0747120565,-31.3616996446,-6.6967954636,Salinity,Surface,psu,-0.4013547519,18.1307548840,34.0016169674,15.8708620833,4
2011-05-01 21:00:00,Lower,1359,1359,159.0747120565,-31.3616996446,-6.6967954636,Salinity,Surface,psu,-0.3510451381,18.5904194443,33.5446949299,14.9542754855,4
2011-05-01 22:00:00,Lower,1359,1359,159.0747120565,-31.3616996446,-6.6967954636,Salinity,Surface,psu,-0.3301858116,18.9650445573,32.6004723256,13.6354277682,4
2011-05-01 23:00:00,Lower,1359,1359,159.0747120565,-31.3616996446,-6.6967954636,Salinity,Surface,psu,-0.3482933292,19.2392414790,30.2355052353,10.9962637563,4
2011-05-02 00:00:00,Lower,1359,1359,159.0747120565,-31.3616996446,-6.6967954636,Salinity,Surface,psu,-0.3943929534,19.6086468627,26.5685126796,6.9598658169,4
2011-05-02 01:00:00,Lower,1359,1359,159.0747120565,-31.3616996446,-6.6967954636,Salinity,Surface,psu,-0.4596078405,19.5926162851,22.2925207029,2.6999044177,4
2011-05-02 02:00:00,Lower,1359,1359,159.0747120565,-31.3616996446,-6.6967954636,Salinity,Surface,psu,-0.5161568912,19.4450351482,18.7221197825,-0.7229153657,4
2011-05-02 03:00:00,Lower,1359,1359,159.0747120565,-31.3616996446,-6.6967954636,Salinity,Surface,psu,-0.5642566870,19.3658942343,16.8394648060,-2.5264294284,4
2011-05-02 04:00:00,Lower,1359,1359,159.0747120565,-31.3616996446,-6.6967954636,Salinity,Surface,psu,-0.5953453375,19.3242281551,17.2972597221,-2.0269684330,4
2011-05-02 05:00:00,Lower,1359,1359,159.0747120565,-31.3616996446,-6.6967954636,Salinity,Surface,psu,-0.6030843978,19.5423759073,24.3179620225,4.7755861152,4
2011-05-02 06:00:00,Lower,1359,1359,159.0747120565,-31.3616996446,-6.6967954636,Salinity,Surface,psu,-0.5780517791,19.9100980808,30.1899008876,10.2798028068,4
2011-05-02 07:00:00,Lower,1359,1359,159.0747120565,-31.3616996446,-6.6967954636,Salinity,Surface,psu,-0.5201636426,20.3184374433,33.2364606027,12.9180231594,4
2011-05-02 08:00:00,Lower,1359,1359,159.0747120565,-31.3616996446,-6.6967954636,Salinity,Surface,psu,-0.4515799815,20.9415118544,34.3304598455,13.3889479911,4
2011-05-02 09:00:00,Lower,1359,1359,159.0747120565,-31.3616996446,-6.6967954636,Salinity,Surface,psu,-0.3915055681,21.4718336572,34.2565815261,12.7847478688,4
2011-05-02 10:00:00,Lower,1359,1359,159.0747120565,-31.3616996446,-6.6967954636,Salinity,Surface,psu,-0.3509883832,21.8344617149,33.6026362122,11.7681744973,4
2011-05-02 11:00:00,Lower,1359,1359,159.0747120565,-31.3616996446,-6.6967954636,Salinity,Surface,psu,-0.3398683592,21.9975811933,32.3700391307,10.3724579373,4
2011-05-02 12:00:00,Lower,1359,1359,159.0747120565,-31.3616996446,-6.6967954636,Salinity,Surface,psu,-0.3581197693,22.1303341124,30.0622140981,7.9318799857,4
2011-05-02 13:00:00,Lower,1359,1359,159.0747120565,-31.3616996446,-6.6967954636,Salinity,Surface,psu,-0.4044002428,22.2166286972,26.6859104020,4.4692817048,4
2011-05-02 14:00:00,Lower,1359,1359,159.0747120565,-31.3616996446,-6.6967954636,Salinity,Surface,psu,-0.4604990714,21.9355925106,22.8573274032,0.9217348925,4
2011-05-02 15:00:00,Lower,1359,1359,159.0747120565,-31.3616996446,-6.6967954636,Salinity,Surface,psu,-0.5074133113,21.6179080080,19.7770777531,-1.8408302549,4
2011-05-02 16:00:00,Lower,1359,1359,159.0747120565,-31.3616996446,-6.6967954636,Salinity,Surface,psu,-0.5371468967,21.4423679420,19.3552718827,-2.0870960592,4
2011-05-02 17:00:00,Lower,1359,1359,159.0747120565,-31.3616996446,-6.6967954636,Salinity,Surface,psu,-0.5604836619,21.3895049457,22.3185559922,0.9290510465,4
2011-05-02 18:00:00,Lower,1359,1359,159.0747120565,-31.3616996446,-6.6967954636,Salinity,Surface,psu,-0.5469277813,21.5714100357,28.5833981297,7.0119880940,4
2011-05-02 19:00:00,Lower,1359,1359,159.0747120565,-31.3616996446,-6.6967954636,Salinity,Surface,psu,-0.4995210697,21.8859629158,32.3885957689,10.5026328530,4
2011-05-02 20:00:00,Lower,1359,1359,159.0747120565,-31.3616996446,-6.6967954636,Salinity,Surface,psu,-0.4410256303,22.2359099114,33.6659554029,11.4300454915,4
2011-05-02 21:00:00,Lower,1359,1359,159.0747120565,-31.3616996446,-6.6967954636,Salinity,Surface,psu,-0.3811947546,22.5909694592,33.7626263154,11.1716568562,4
2011-05-02 22:00:00,Lower,1359,1359,159.0747120565,-31.3616996446,-6.6967954636,Salinity,Surface,psu,-0.3409186335,22.9150551394,33.2965933726,10.3815382332,4
2011-05-02 23:00:00,Lower,1359,1359,159.0747120565,-31.3616996446,-6.6967954636,Salinity,Surface,psu,-0.3296736087,23.0630827372,32.1122805159,9.0491977787,4
2011-05-03 00:00:00,Lower,1359,1359,159.0747120565,-31.3616996446,-6.6967954636,Salinity,Surface,psu,-0.3574457068,23.2451468336,29.3191457832,6.0739989496,4
2011-05-03 01:00:00,Lower,1359,1359,159.0747120565,-31.3616996446,-6.6967954636,Salinity,Surface,psu,-0.4036159937,23.3614299684,25.7632885085,2.4018585401,4
2011-05-03 02:00:00,Lower,1359,1359,159.0747120565,-31.3616996446,-6.6967954636,Salinity,Surface,psu,-0.4692299332,23.0848729888,21.6318585430,-1.4530144458,4
2011-05-03 03:00:00,Lower,1359,1359,159.0747120565,-31.3616996446,-6.6967954636,Salinity,Surface,psu,-0.5258557592,22.6845245088,18.2590720487,-4.4254524600,4
2011-05-03 04:00:00,Lower,1359,1359,159.0747120565,-31.3616996446,-6.6967954636,Salinity,Surface,psu,-0.5742584514,22.4291350917,16.4753105135,-5.9538245782,4
2011-05-03 05:00:00,Lower,1359,1359,159.0747120565,-31.3616996446,-6.6967954636,Salinity,Surface,psu,-0.6141614180,22.2149727897,15.9912644301,-6.2237083596,4
2011-05-03 06:00:00,Lower,1359,1359,159.0747120565,-31.3616996446,-6.6967954636,Salinity,Surface,psu,-0.6131842217,22.3783398179,23.9221572844,1.5438174665,4
2011-05-03 07:00:00,Lower,1359,1359,159.0747120565,-31.3616996446,-6.6967954636,Salinity,Surface,psu,-0.5785940029,22.7014417057,30.7143328306,8.0128911249,4
2011-05-03 08:00:00,Lower,1359,1359,159.0747120565,-31.3616996446,-6.6967954636,Salinity,Surface,psu,-0.5203609061,23.0515494242,33.4696461098,10.4180966856,4
2011-05-03 09:00:00,Lower,1359,1359,159.0747120565,-31.3616996446,-6.6967954636,Salinity,Surface,psu,-0.4417334718,23.6212876050,34.4368530479,10.8155654429,4
2011-05-03 10:00:00,Lower,1359,1359,159.0747120565,-31.3616996446,-6.6967954636,Salinity,Surface,psu,-0.3813514345,24.0532450259,34.3747852753,10.3215402494,4
2011-05-03 11:00:00,Lower,1359,1359,159.0747120565,-31.3616996446,-6.6967954636,Salinity,Surface,psu,-0.3411732054,24.4252155172,33.7304221905,9.3052066733,4
2011-05-03 12:00:00,Lower,1359,1359,159.0747120565,-31.3616996446,-6.6967954636,Salinity,Surface,psu,-0.3397295792,24.5823443240,32.2833656753,7.7010213512,4
2011-05-03 13:00:00,Lower,1359,1359,159.0747120565,-31.3616996446,-6.6967954636,Salinity,Surface,psu,-0.3673837542,24.7013016146,29.4744408851,4.7731392706,4
2011-05-03 14:00:00,Lower,1359,1359,159.0747120565,-31.3616996446,-6.6967954636,Salinity,Surface,psu,-0.4138325827,24.7247982587,26.1706296589,1.4458314002,4
2011-05-03 15:00:00,Lower,1359,1359,159.0747120565,-31.3616996446,-6.6967954636,Salinity,Surface,psu,-0.4699787053,24.2992604979,22.4405270355,-1.8587334624,4
2011-05-03 16:00:00,Lower,1359,1359,159.0747120565,-31.3616996446,-6.6967954636,Salinity,Surface,psu,-0.5171058377,23.9047573989,19.4977156855,-4.4070417134,4
2011-05-03 17:00:00,Lower,1359,1359,159.0747120565,-31.3616996446,-6.6967954636,Salinity,Surface,psu,-0.5560143143,23.6289917126,18.2296032909,-5.3993884217,4
2011-05-03 18:00:00,Lower,1359,1359,159.0747120565,-31.3616996446,-6.6967954636,Salinity,Surface,psu,-0.5618160205,23.6063449226,23.1419228975,-0.4644220251,4
2011-05-03 19:00:00,Lower,1359,1359,159.0747120565,-31.3616996446,-6.6967954636,Salinity,Surface,psu,-0.5474655163,23.7612952384,29.5349275788,5.7736323404,4
2011-05-03 20:00:00,Lower,1359,1359,159.0747120565,-31.3616996446,-6.6967954636,Salinity,Surface,psu,-0.4997265792,24.0321027884,32.6167455925,8.5846428041,4
2011-05-03 21:00:00,Lower,1359,1359,159.0747120565,-31.3616996446,-6.6967954636,Salinity,Surface,psu,-0.4312605240,24.2902835708,33.9754766103,9.6851930394,4
2011-05-03 22:00:00,Lower,1359,1359,159.0747120565,-31.3616996446,-6.6967954636,Salinity,Surface,psu,-0.3715016702,24.6789411921,33.9920125413,9.3130713492,4
2011-05-03 23:00:00,Lower,1359,1359,159.0747120565,-31.3616996446,-6.6967954636,Salinity,Surface,psu,-0.3309468543,24.9499102849,33.4450979432,8.4951876584,4
2011-05-04 00:00:00,Lower,1359,1359,159.0747120565,-31.3616996446,-6.6967954636,Salinity,Surface,psu,-0.3295012162,25.1950260852,32.0004424870,6.8054164018,4
2011-05-04 01:00:00,Lower,1359,1359,159.0747120565,-31.3616996446,-6.6967954636,Salinity,Surface,psu,-0.3572829433,25.3987863228,29.1271465282,3.7283602055,4
2011-05-04 02:00:00,Lower,1359,1359,159.0747120565,-31.3616996446,-6.6967954636,Salinity,Surface,psu,-0.4130296941,25.4090773697,25.2590793604,-0.1499980093,4
2011-05-04 03:00:00,Lower,1359,1359,159.0747120565,-31.3616996446,-6.6967954636,Salinity,Surface,psu,-0.4884565222,24.8819252282,20.5125466074,-4.3693786208,4
2011-05-04 04:00:00,Lower,1359,1359,159.0747120565,-31.3616996446,-6.6967954636,Salinity,Surface,psu,-0.5459118842,24.3168561354,17.7150501377,-6.6018059977,4
2011-05-04 05:00:00,Lower,1359,1359,159.0747120565,-31.3616996446,-6.6967954636,Salinity,Surface,psu,-0.5940119307,23.9546570408,16.0097800907,-7.9448769501,4
2011-05-04 06:00:00,Lower,1359,1359,159.0747120565,-31.3616996446,-6.6967954636,Salinity,Surface,psu,-0.6248818665,23.7101597218,16.3856907869,-7.3244689349,4
2011-05-04 07:00:00,Lower,1359,1359,159.0747120565,-31.3616996446,-6.6967954636,Salinity,Surface,psu,-0.6240872976,23.8197617206,24.8982778197,1.0785160992,4
2011-05-04 08:00:00,Lower,1359,1359,159.0747120565,-31.3616996446,-6.6967954636,Salinity,Surface,psu,-0.5790845993,24.1213505015,31.1908391295,7.0694886280,4
2011-05-04 09:00:00,Lower,1359,1359,159.0747120565,-31.3616996446,-6.6967954636,Salinity,Surface,psu,-0.5010910239,24.5261628362,33.9951765666,9.4690137304,4
2011-05-04 10:00:00,Lower,1359,1359,159.0747120565,-31.3616996446,-6.6967954636,Salinity,Surface,psu,-0.4216063269,25.0134242232,34.5469734086,9.5335491854,4
2011-05-04 11:00:00,Lower,1359,1359,159.0747120565,-31.3616996446,-6.6967954636,Salinity,Surface,psu,-0.3611951028,25.3424807288,34.4202167237,9.0777359949,4
2011-05-04 12:00:00,Lower,1359,1359,159.0747120565,-31.3616996446,-6.6967954636,Salinity,Surface,psu,-0.3307071112,25.4849015250,33.6825954898,8.1976939648,4
2011-05-04 13:00:00,Lower,1359,1359,159.0747120565,-31.3616996446,-6.6967954636,Salinity,Surface,psu,-0.3298429962,25.4749299632,32.1612302772,6.6863003140,4
2011-05-04 14:00:00,Lower,1359,1359,159.0747120565,-31.3616996446,-6.6967954636,Salinity,Surface,psu,-0.3670668761,25.8836988235,29.0337109471,3.1500121236,4
2011-05-04 15:00:00,Lower,1359,1359,159.0747120565,-31.3616996446,-6.6967954636,Salinity,Surface,psu,-0.4231242782,26.0741836422,25.0207006886,-1.0534829535,4
2011-05-04 16:00:00,Lower,1359,1359,159.0747120565,-31.3616996446,-6.6967954636,Salinity,Surface,psu,-0.4793682628,25.4505763760,21.3405533695,-4.1100230066,4
2011-05-04 17:00:00,Lower,1359,1359,159.0747120565,-31.3616996446,-6.6967954636,Salinity,Surface,psu,-0.5268454895,24.8706327129,18.9668337278,-5.9037989850,4
2011-05-04 18:00:00,Lower,1359,1359,159.0747120565,-31.3616996446,-6.6967954636,Salinity,Surface,psu,-0.5658277671,24.4839443624,17.8419664176,-6.6419779448,4
2011-05-04 19:00:00,Lower,1359,1359,159.0747120565,-31.3616996446,-6.6967954636,Salinity,Surface,psu,-0.5802470008,24.3561859405,21.4946397122,-2.8615462283,4
2011-05-04 20:00:00,Lower,1359,1359,159.0747120565,-31.3616996446,-6.6967954636,Salinity,Surface,psu,-0.5577519499,24.5514962026,29.2680714417,4.7165752391,4
2011-05-04 21:00:00,Lower,1359,1359,159.0747120565,-31.3616996446,-6.6967954636,Salinity,Surface,psu,-0.5002271831,24.8304578563,32.9228144971,8.0923566408,4
2011-05-04 22:00:00,Lower,1359,1359,159.0747120565,-31.3616996446,-6.6967954636,Salinity,Surface,psu,-0.4411742854,25.1059291065,33.9599779874,8.8540488809,4
2011-05-04 23:00:00,Lower,1359,1359,159.0747120565,-31.3616996446,-6.6967954636,Salinity,Surface,psu,-0.3813495383,25.4826990381,33.9464759076,8.4637768694,4
2011-05-05 00:00:00,Lower,1359,1359,159.0747120565,-31.3616996446,-6.6967954636,Salinity,Surface,psu,-0.3506207504,25.6390320645,33.2883693757,7.6493373112,4
2011-05-05 01:00:00,Lower,1359,1359,159.0747120565,-31.3616996446,-6.6967954636,Salinity,Surface,psu,-0.3494544713,25.9003860683,31.7939492073,5.8935631390,4
2011-05-05 02:00:00,Lower,1359,1359,159.0747120565,-31.3616996446,-6.6967954636,Salinity,Surface,psu,-0.3865720090,26.0658021113,28.5983310273,2.5325289159,4
2011-05-05 03:00:00,Lower,1359,1359,159.0747120565,-31.3616996446,-6.6967954636,Salinity,Surface,psu,-0.4426864801,25.8993519791,24.6109394785,-1.2884125006,4
2011-05-05 04:00:00,Lower,1359,1359,159.0747120565,-31.3616996446,-6.6967954636,Salinity,Surface,psu,-0.5183772181,25.3228509585,19.8992579103,-5.4235930482,4
2011-05-05 05:00:00,Lower,1359,1359,159.0747120565,-31.3616996446,-6.6967954636,Salinity,Surface,psu,-0.5757493468,24.6482689164,17.1557328549,-7.4925360615,4
2011-05-05 06:00:00,Lower,1359,1359,159.0747120565,-31.3616996446,-6.6967954636,Salinity,Surface,psu,-0.6238874607,24.3341296628,15.4657691038,-8.8683605590,4
2011-05-05 07:00:00,Lower,1359,1359,159.0747120565,-31.3616996446,-6.6967954636,Salinity,Surface,psu,-0.6374566439,24.2002775703,18.2680019489,-5.9322756214,4
2011-05-05 08:00:00,Lower,1359,1359,159.0747120565,-31.3616996446,-6.6967954636,Salinity,Surface,psu,-0.6263275480,24.3749291114,27.5994192155,3.2244901041,4
2011-05-05 09:00:00,Lower,1359,1359,159.0747120565,-31.3616996446,-6.6967954636,Salinity,Surface,psu,-0.5795879173,24.6996545966,31.9720920758,7.2724374792,4
2011-05-05 10:00:00,Lower,1359,1359,159.0747120565,-31.3616996446,-6.6967954636,Salinity,Surface,psu,-0.5011379750,25.0881514626,34.2286857686,9.1405343060,4
2011-05-05 11:00:00,Lower,1359,1359,159.0747120565,-31.3616996446,-6.6967954636,Salinity,Surface,psu,-0.4217284591,25.5514094523,34.6040255461,9.0526160938,4
2011-05-05 12:00:00,Lower,1359,1359,159.0747120565,-31.3616996446,-6.6967954636,Salinity,Surface,psu,-0.3614637794,25.9107416889,34.4186765884,8.5079348995,4
2011-05-05 13:00:00,Lower,1359,1359,159.0747120565,-31.3616996446,-6.6967954636,Salinity,Surface,psu,-0.3309487161,26.1937285318,33.7008378075,7.5071092757,4
2011-05-05 14:00:00,Lower,1359,1359,159.0747120565,-31.3616996446,-6.6967954636,Salinity,Surface,psu,-0.3299398503,26.5144131039,32.2671947288,5.7527816250,4
2011-05-05 15:00:00,Lower,1359,1359,159.0747120565,-31.3616996446,-6.6967954636,Salinity,Surface,psu,-0.3767561669,26.7550210251,28.7269067242,1.9718856991,4
2011-05-05 16:00:00,Lower,1359,1359,159.0747120565,-31.3616996446,-6.6967954636,Salinity,Surface,psu,-0.4424455284,26.3592034819,24.1909349635,-2.1682685184,4
2011-05-05 17:00:00,Lower,1359,1359,159.0747120565,-31.3616996446,-6.6967954636,Salinity,Surface,psu,-0.4992102709,25.7078720726,20.6275414707,-5.0803306019,4
2011-05-05 18:00:00,Lower,1359,1359,159.0747120565,-31.3616996446,-6.6967954636,Salinity,Surface,psu,-0.5468421696,25.1376140140,18.4821864783,-6.6554275357,4
2011-05-05 19:00:00,Lower,1359,1359,159.0747120565,-31.3616996446,-6.6967954636,Salinity,Surface,psu,-0.5764564158,24.7988297676,18.0057597959,-6.7930699717,4
2011-05-05 20:00:00,Lower,1359,1359,159.0747120565,-31.3616996446,-6.6967954636,Salinity,Surface,psu,-0.5741549860,24.8114922660,25.0111650791,0.1996728131,4
2011-05-05 21:00:00,Lower,1359,1359,159.0747120565,-31.3616996446,-6.6967954636,Salinity,Surface,psu,-0.5388659924,24.9937588521,30.8859369092,5.8921780571,4
2011-05-05 22:00:00,Lower,1359,1359,159.0747120565,-31.3616996446,-6.6967954636,Salinity,Surface,psu,-0.4708918206,25.3016074706,33.5143060952,8.2126986246,4
2011-05-05 23:00:00,Lower,1359,1359,159.0747120565,-31.3616996446,-6.6967954636,Salinity,Surface,psu,-0.4112539820,25.5310053373,34.1371478576,8.6061425203,4
2011-05-06 00:00:00,Lower,1359,1359,159.0747120565,-31.3616996446,-6.6967954636,Salinity,Surface,psu,-0.3516418812,25.9969123287,33.8904928803,7.8935805516,4
2011-05-06 01:00:00,Lower,1359,1359,159.0747120565,-31.3616996446,-6.6967954636,Salinity,Surface,psu,-0.3206922465,26.1069228504,33.2698928333,7.1629699829,4
2011-05-06 02:00:00,Lower,1359,1359,159.0747120565,-31.3616996446,-6.6967954636,Salinity,Surface,psu,-0.3293086902,26.4995774455,31.4364608347,4.9368833892,4
2011-05-06 03:00:00,Lower,1359,1359,159.0747120565,-31.3616996446,-6.6967954636,Salinity,Surface,psu,-0.3851494413,26.6381585991,27.1664819963,0.5283233971,4
2011-05-06 04:00:00,Lower,1359,1359,159.0747120565,-31.3616996446,-6.6967954636,Salinity,Surface,psu,-0.4511883124,26.1475756163,22.7181138288,-3.4294617875,4
2011-05-06 05:00:00,Lower,1359,1359,159.0747120565,-31.3616996446,-6.6967954636,Salinity,Surface,psu,-0.5386012852,25.4047384916,18.7186545592,-6.6860839324,4
2011-05-06 06:00:00,Lower,1359,1359,159.0747120565,-31.3616996446,-6.6967954636,Salinity,Surface,psu,-0.6063197257,24.5608372367,15.7970104054,-8.7638268313,4
2011-05-06 07:00:00,Lower,1359,1359,159.0747120565,-31.3616996446,-6.6967954636,Salinity,Surface,psu,-0.6434895982,24.3400004740,14.4196199323,-9.9203805417,4
2011-05-06 08:00:00,Lower,1359,1359,159.0747120565,-31.3616996446,-6.6967954636,Salinity,Surface,psu,-0.6585361500,24.3075893280,18.8951094460,-5.4124798820,4
2011-05-06 09:00:00,Lower,1359,1359,159.0747120565,-31.3616996446,-6.6967954636,Salinity,Surface,psu,-0.6276371236,24.5984955661,28.5595291098,3.9610335437,4
2011-05-06 10:00:00,Lower,1359,1359,159.0747120565,-31.3616996446,-6.6967954636,Salinity,Surface,psu,-0.5507815363,25.0032368417,33.2515976104,8.2483607688,4
2011-05-06 11:00:00,Lower,1359,1359,159.0747120565,-31.3616996446,-6.6967954636,Salinity,Surface,psu,-0.4715240080,25.5308485013,34.5898646808,9.0590161795,4
2011-05-06 12:00:00,Lower,1359,1359,159.0747120565,-31.3616996446,-6.6967954636,Salinity,Surface,psu,-0.3817088800,26.1072979353,34.6416779062,8.5343799709,4
2011-05-06 13:00:00,Lower,1359,1359,159.0747120565,-31.3616996446,-6.6967954636,Salinity,Surface,psu,-0.3212869563,26.1895345869,34.4780049398,8.2884703529,4
2011-05-06 14:00:00,Lower,1359,1359,159.0747120565,-31.3616996446,-6.6967954636,Salinity,Surface,psu,-0.3009318433,26.7960347085,33.5830487282,6.7870140197,4
2011-05-06 15:00:00,Lower,1359,1359,159.0747120565,-31.3616996446,-6.6967954636,Salinity,Surface,psu,-0.3191876277,27.0293050154,31.3989658876,4.3696608722,4
2011-05-06 16:00:00,Lower,1359,1359,159.0747120565,-31.3616996446,-6.6967954636,Salinity,Surface,psu,-0.3751490069,27.2435733203,27.2601655851,0.0165922648,4
2011-05-06 17:00:00,Lower,1359,1359,159.0747120565,-31.3616996446,-6.6967954636,Salinity,Surface,psu,-0.4414300722,26.6168542921,22.9891271443,-3.6277271478,4
2011-05-06 18:00:00,Lower,1359,1359,159.0747120565,-31.3616996446,-6.6967954636,Salinity,Surface,psu,-0.4986098138,25.8871195660,19.8713386269,-6.0157809391,4
2011-05-06 19:00:00,Lower,1359,1359,159.0747120565,-31.3616996446,-6.6967954636,Salinity,Surface,psu,-0.5561633863,25.2476631112,17.5021552049,-7.7455079063,4
2011-05-06 20:00:00,Lower,1359,1359,159.0747120565,-31.3616996446,-6.6967954636,Salinity,Surface,psu,-0.5856174861,24.8504079955,16.6053097934,-8.2450982021,4
2011-05-06 21:00:00,Lower,1359,1359,159.0747120565,-31.3616996446,-6.6967954636,Salinity,Surface,psu,-0.5749191620,24.9597512843,25.4012281852,0.4414769009,4
2011-05-06 22:00:00,Lower,1359,1359,159.0747120565,-31.3616996446,-6.6967954636,Salinity,Surface,psu,-0.5199720153,25.2432677575,31.7947641189,6.5514963614,4
2011-05-06 23:00:00,Lower,1359,1359,159.0747120565,-31.3616996446,-6.6967954636,Salinity,Surface,psu,-0.4511678957,25.5829039738,33.7850434993,8.2021395254,4
2011-05-07 00:00:00,Lower,1359,1359,159.0747120565,-31.3616996446,-6.6967954636,Salinity,Surface,psu,-0.3719360263,26.1248268535,34.2654420102,8.1406151567,4
2011-05-01 01:00:00,Lower,1359,1359,159.0747120565,-31.3616996446,-6.6967954636,Temperature,Mid-depth,°C,-3.3552896816,19.9997664351,19.9661011918,-0.0336652433,4
2011-05-01 02:00:00,Lower,1359,1359,159.0747120565,-31.3616996446,-6.6967954636,Temperature,Mid-depth,°C,-3.3827965508,19.9987828089,19.9323141943,-0.0664686146,4
2011-05-01 03:00:00,Lower,1359,1359,159.0747120565,-31.3616996446,-6.6967954636,Temperature,Mid-depth,°C,-3.3973791669,19.9993631840,19.8998580463,-0.0995051377,4
2011-05-01 04:00:00,Lower,1359,1359,159.0747120565,-31.3616996446,-6.6967954636,Temperature,Mid-depth,°C,-3.3978000867,19.9990600353,19.8694420608,-0.1296179744,4
2011-05-01 05:00:00,Lower,1359,1359,159.0747120565,-31.3616996446,-6.6967954636,Temperature,Mid-depth,°C,-3.3908924931,19.9995586086,19.9151571567,-0.0844014519,4
2011-05-01 06:00:00,Lower,1359,1359,159.0747120565,-31.3616996446,-6.6967954636,Temperature,Mid-depth,°C,-3.3630745154,19.9997495958,19.9417760567,-0.0579735391,4
2011-05-01 07:00:00,Lower,1359,1359,159.0747120565,-31.3616996446,-6.6967954636,Temperature,Mid-depth,°C,-3.3338376210,19.9999679528,19.9607918576,-0.0391760952,4
2011-05-01 08:00:00,Lower,1359,1359,159.0747120565,-31.3616996446,-6.6967954636,Temperature,Mid-depth,°C,-3.3041120527,20.0004667201,19.9630088083,-0.0374579119,4
2011-05-01 09:00:00,Lower,1359,1359,159.0747120565,-31.3616996446,-6.6967954636,Temperature,Mid-depth,°C,-3.2838591335,20.0009352879,19.9525792415,-0.0483560464,4
2011-05-01 10:00:00,Lower,1359,1359,159.0747120565,-31.3616996446,-6.6967954636,Temperature,Mid-depth,°C,-3.2782574612,20.0014869094,19.9314354836,-0.0700514258,4
2011-05-01 11:00:00,Lower,1359,1359,159.0747120565,-31.3616996446,-6.6967954636,Temperature,Mid-depth,°C,-3.2826401503,20.0021228126,19.8989445285,-0.1031782841,4
2011-05-01 12:00:00,Lower,1359,1359,159.0747120565,-31.3616996446,-6.6967954636,Temperature,Mid-depth,°C,-3.3056945071,20.0035494333,19.8379632025,-0.1655862308,4
2011-05-01 13:00:00,Lower,1359,1359,159.0747120565,-31.3616996446,-6.6967954636,Temperature,Mid-depth,°C,-3.3334870054,20.0083139563,19.7701142911,-0.2381996651,4
2011-05-01 14:00:00,Lower,1359,1359,159.0747120565,-31.3616996446,-6.6967954636,Temperature,Mid-depth,°C,-3.3568453773,20.0121969420,19.7228576373,-0.2893393047,4
2011-05-01 15:00:00,Lower,1359,1359,159.0747120565,-31.3616996446,-6.6967954636,Temperature,Mid-depth,°C,-3.3762211474,20.0122820859,19.7042834426,-0.3079986434,4
2011-05-01 16:00:00,Lower,1359,1359,159.0747120565,-31.3616996446,-6.6967954636,Temperature,Mid-depth,°C,-3.3836478836,20.0093066652,19.7635693911,-0.2457372741,4
2011-05-01 17:00:00,Lower,1359,1359,159.0747120565,-31.3616996446,-6.6967954636,Temperature,Mid-depth,°C,-3.3815592597,20.0064371975,19.8573428349,-0.1490943627,4
2011-05-01 18:00:00,Lower,1359,1359,159.0747120565,-31.3616996446,-6.6967954636,Temperature,Mid-depth,°C,-3.3580845761,20.0029850130,19.9113817656,-0.0916032474,4
2011-05-01 19:00:00,Lower,1359,1359,159.0747120565,-31.3616996446,-6.6967954636,Temperature,Mid-depth,°C,-3.3287942350,20.0014633018,19.9351205609,-0.0663427409,4
2011-05-01 20:00:00,Lower,1359,1359,159.0747120565,-31.3616996446,-6.6967954636,Temperature,Mid-depth,°C,-3.2990751077,20.0009590022,19.9280780426,-0.0728809596,4
2011-05-01 21:00:00,Lower,1359,1359,159.0747120565,-31.3616996446,-6.6967954636,Temperature,Mid-depth,°C,-3.2739203008,20.0006922558,19.9048781741,-0.0958140817,4
2011-05-01 22:00:00,Lower,1359,1359,159.0747120565,-31.3616996446,-6.6967954636,Temperature,Mid-depth,°C,-3.2634906376,20.0004257942,19.8596803583,-0.1407454360,4
2011-05-01 23:00:00,Lower,1359,1359,159.0747120565,-31.3616996446,-6.6967954636,Temperature,Mid-depth,°C,-3.2725443964,20.0000066833,19.7549830567,-0.2450236266,4
2011-05-02 00:00:00,Lower,1359,1359,159.0747120565,-31.3616996446,-6.6967954636,Temperature,Mid-depth,°C,-3.2955942085,19.9994933627,19.5995193159,-0.3999740468,4
2011-05-02 01:00:00,Lower,1359,1359,159.0747120565,-31.3616996446,-6.6967954636,Temperature,Mid-depth,°C,-3.3282016520,19.9983066484,19.4361237059,-0.5621829425,4
2011-05-02 02:00:00,Lower,1359,1359,159.0747120565,-31.3616996446,-6.6967954636,Temperature,Mid-depth,°C,-3.3564761774,19.9964524579,19.3048898462,-0.6915626118,4
2011-05-02 03:00:00,Lower,1359,1359,159.0747120565,-31.3616996446,-6.6967954636,Temperature,Mid-depth,°C,-3.3805260753,19.9958829672,19.2153942285,-0.7804887388,4
2011-05-02 04:00:00,Lower,1359,1359,159.0747120565,-31.3616996446,-6.6967954636,Temperature,Mid-depth,°C,-3.3960704005,19.9960989127,19.2048884935,-0.7912104192,4
2011-05-02 05:00:00,Lower,1359,1359,159.0747120565,-31.3616996446,-6.6967954636,Temperature,Mid-depth,°C,-3.3999399307,19.9976437081,19.4754853858,-0.5221583223,4
2011-05-02 06:00:00,Lower,1359,1359,159.0747120565,-31.3616996446,-6.6967954636,Temperature,Mid-depth,°C,-3.3874236213,19.9986349221,19.7269277931,-0.2717071290,4
2011-05-02 07:00:00,Lower,1359,1359,159.0747120565,-31.3616996446,-6.6967954636,Temperature,Mid-depth,°C,-3.3584795531,19.9988489376,19.8665978345,-0.1322511031,4
2011-05-02 08:00:00,Lower,1359,1359,159.0747120565,-31.3616996446,-6.6967954636,Temperature,Mid-depth,°C,-3.3241877225,20.0003414832,19.9241751999,-0.0761662833,4
2011-05-02 09:00:00,Lower,1359,1359,159.0747120565,-31.3616996446,-6.6967954636,Temperature,Mid-depth,°C,-3.2941505158,20.0019364996,19.9211535685,-0.0807829311,4
2011-05-02 10:00:00,Lower,1359,1359,159.0747120565,-31.3616996446,-6.6967954636,Temperature,Mid-depth,°C,-3.2738919234,20.0037950507,19.8839607631,-0.1198342876,4
2011-05-02 11:00:00,Lower,1359,1359,159.0747120565,-31.3616996446,-6.6967954636,Temperature,Mid-depth,°C,-3.2683319114,20.0062353454,19.8152895450,-0.1909458004,4
2011-05-02 12:00:00,Lower,1359,1359,159.0747120565,-31.3616996446,-6.6967954636,Temperature,Mid-depth,°C,-3.2774576164,20.0103570644,19.6838613568,-0.3264957076,4
2011-05-02 13:00:00,Lower,1359,1359,159.0747120565,-31.3616996446,-6.6967954636,Temperature,Mid-depth,°C,-3.3005978532,20.0154195465,19.4853946093,-0.5300249372,4
2011-05-02 14:00:00,Lower,1359,1359,159.0747120565,-31.3616996446,-6.6967954636,Temperature,Mid-depth,°C,-3.3286472675,20.0186599119,19.2571126448,-0.7615472671,4
2011-05-02 15:00:00,Lower,1359,1359,159.0747120565,-31.3616996446,-6.6967954636,Temperature,Mid-depth,°C,-3.3521043874,20.0148353238,19.0739534164,-0.9408819074,4
2011-05-02 16:00:00,Lower,1359,1359,159.0747120565,-31.3616996446,-6.6967954636,Temperature,Mid-depth,°C,-3.3669711801,20.0091460946,19.0398523244,-0.9692937703,4
2011-05-02 17:00:00,Lower,1359,1359,159.0747120565,-31.3616996446,-6.6967954636,Temperature,Mid-depth,°C,-3.3786395627,20.0056013212,19.1995888081,-0.8060125132,4
2011-05-02 18:00:00,Lower,1359,1359,159.0747120565,-31.3616996446,-6.6967954636,Temperature,Mid-depth,°C,-3.3718616224,20.0016520311,19.5583633863,-0.4432886447,4
2011-05-02 19:00:00,Lower,1359,1359,159.0747120565,-31.3616996446,-6.6967954636,Temperature,Mid-depth,°C,-3.3481582666,19.9999641317,19.7861580035,-0.2138061283,4
2011-05-02 20:00:00,Lower,1359,1359,159.0747120565,-31.3616996446,-6.6967954636,Temperature,Mid-depth,°C,-3.3189105469,19.9995999098,19.8593478304,-0.1402520795,4
2011-05-02 21:00:00,Lower,1359,1359,159.0747120565,-31.3616996446,-6.6967954636,Temperature,Mid-depth,°C,-3.2889951091,19.9999296038,19.8588654223,-0.1410641814,4
2011-05-02 22:00:00,Lower,1359,1359,159.0747120565,-31.3616996446,-6.6967954636,Temperature,Mid-depth,°C,-3.2688570486,19.9997049962,19.8139103052,-0.1857946910,4
2011-05-02 23:00:00,Lower,1359,1359,159.0747120565,-31.3616996446,-6.6967954636,Temperature,Mid-depth,°C,-3.2632345361,19.9986882753,19.7072995658,-0.2913887095,4
2011-05-03 00:00:00,Lower,1359,1359,159.0747120565,-31.3616996446,-6.6967954636,Temperature,Mid-depth,°C,-3.2771205852,19.9968898657,19.4627795163,-0.5341103494,4
2011-05-03 01:00:00,Lower,1359,1359,159.0747120565,-31.3616996446,-6.6967954636,Temperature,Mid-depth,°C,-3.3002057286,19.9928807911,19.1509172907,-0.8419635004,4
2011-05-03 02:00:00,Lower,1359,1359,159.0747120565,-31.3616996446,-6.6967954636,Temperature,Mid-depth,°C,-3.3330126984,19.9823762572,18.7965031777,-1.1858730795,4
2011-05-03 03:00:00,Lower,1359,1359,159.0747120565,-31.3616996446,-6.6967954636,Temperature,Mid-depth,°C,-3.3613256114,19.9713570946,18.5124857214,-1.4588713732,4
2011-05-03 04:00:00,Lower,1359,1359,159.0747120565,-31.3616996446,-6.6967954636,Temperature,Mid-depth,°C,-3.3855269575,19.9710255920,18.3425976815,-1.6284279105,4
2011-05-03 05:00:00,Lower,1359,1359,159.0747120565,-31.3616996446,-6.6967954636,Temperature,Mid-depth,°C,-3.4054784408,19.9715322637,18.2755767659,-1.6959554978,4
2011-05-03 06:00:00,Lower,1359,1359,159.0747120565,-31.3616996446,-6.6967954636,Temperature,Mid-depth,°C,-3.4049898426,19.9845077755,18.9519118642,-1.0325959113,4
2011-05-03 07:00:00,Lower,1359,1359,159.0747120565,-31.3616996446,-6.6967954636,Temperature,Mid-depth,°C,-3.3876947332,19.9947781351,19.5632104435,-0.4315676916,4
2011-05-03 08:00:00,Lower,1359,1359,159.0747120565,-31.3616996446,-6.6967954636,Temperature,Mid-depth,°C,-3.3585781848,19.9991037305,19.8181341245,-0.1809696060,4
2011-05-03 09:00:00,Lower,1359,1359,159.0747120565,-31.3616996446,-6.6967954636,Temperature,Mid-depth,°C,-3.3192644677,20.0060174868,19.9255764631,-0.0804410237,4
2011-05-03 10:00:00,Lower,1359,1359,159.0747120565,-31.3616996446,-6.6967954636,Temperature,Mid-depth,°C,-3.2890734490,20.0134297061,19.9357402926,-0.0776894135,4
2011-05-03 11:00:00,Lower,1359,1359,159.0747120565,-31.3616996446,-6.6967954636,Temperature,Mid-depth,°C,-3.2689843345,20.0212112713,19.8922881736,-0.1289230977,4
2011-05-03 12:00:00,Lower,1359,1359,159.0747120565,-31.3616996446,-6.6967954636,Temperature,Mid-depth,°C,-3.2682625214,20.0326218851,19.7754823521,-0.2571395330,4
2011-05-03 13:00:00,Lower,1359,1359,159.0747120565,-31.3616996446,-6.6967954636,Temperature,Mid-depth,°C,-3.2820896089,20.0485212873,19.5223276502,-0.5261936371,4
2011-05-03 14:00:00,Lower,1359,1359,159.0747120565,-31.3616996446,-6.6967954636,Temperature,Mid-depth,°C,-3.3053140231,20.0581769645,19.2004898473,-0.8576871172,4
2011-05-03 15:00:00,Lower,1359,1359,159.0747120565,-31.3616996446,-6.6967954636,Temperature,Mid-depth,°C,-3.3333870845,20.0605532171,18.8099568943,-1.2505963228,4
2011-05-03 16:00:00,Lower,1359,1359,159.0747120565,-31.3616996446,-6.6967954636,Temperature,Mid-depth,°C,-3.3569506506,20.0409126772,18.4936611507,-1.5472515264,4
2011-05-03 17:00:00,Lower,1359,1359,159.0747120565,-31.3616996446,-6.6967954636,Temperature,Mid-depth,°C,-3.3764048889,20.0177241950,18.3414442501,-1.6762799449,4
2011-05-03 18:00:00,Lower,1359,1359,159.0747120565,-31.3616996446,-6.6967954636,Temperature,Mid-depth,°C,-3.3793057420,19.9998837397,18.7990301135,-1.2008536262,4
2011-05-03 19:00:00,Lower,1359,1359,159.0747120565,-31.3616996446,-6.6967954636,Temperature,Mid-depth,°C,-3.3721304899,19.9967989205,19.4061180708,-0.5906808496,4
2011-05-03 20:00:00,Lower,1359,1359,159.0747120565,-31.3616996446,-6.6967954636,Temperature,Mid-depth,°C,-3.3482610214,19.9969427598,19.7030952591,-0.2938475007,4
2011-05-03 21:00:00,Lower,1359,1359,159.0747120565,-31.3616996446,-6.6967954636,Temperature,Mid-depth,°C,-3.3140279938,19.9979354637,19.8424367708,-0.1554986929,4
2011-05-03 22:00:00,Lower,1359,1359,159.0747120565,-31.3616996446,-6.6967954636,Temperature,Mid-depth,°C,-3.2841485669,19.9987316449,19.8355302651,-0.1632013797,4
2011-05-03 23:00:00,Lower,1359,1359,159.0747120565,-31.3616996446,-6.6967954636,Temperature,Mid-depth,°C,-3.2638711589,19.9983735938,19.7592814142,-0.2390921796,4
2011-05-04 00:00:00,Lower,1359,1359,159.0747120565,-31.3616996446,-6.6967954636,Temperature,Mid-depth,°C,-3.2631483399,19.9962265934,19.5698464136,-0.4263801798,4
2011-05-04 01:00:00,Lower,1359,1359,159.0747120565,-31.3616996446,-6.6967954636,Temperature,Mid-depth,°C,-3.2770392034,19.9915528911,19.1924199047,-0.7991329864,4
2011-05-04 02:00:00,Lower,1359,1359,159.0747120565,-31.3616996446,-6.6967954636,Temperature,Mid-depth,°C,-3.3049125788,19.9793275737,18.6886323721,-1.2906952016,4
2011-05-04 03:00:00,Lower,1359,1359,159.0747120565,-31.3616996446,-6.6967954636,Temperature,Mid-depth,°C,-3.3426259929,19.9551391154,18.0960413255,-1.8590977898,4
2011-05-04 04:00:00,Lower,1359,1359,159.0747120565,-31.3616996446,-6.6967954636,Temperature,Mid-depth,°C,-3.3713536739,19.9389214736,17.7389444591,-2.1999770146,4
2011-05-04 05:00:00,Lower,1359,1359,159.0747120565,-31.3616996446,-6.6967954636,Temperature,Mid-depth,°C,-3.3954036971,19.9423541824,17.5085986556,-2.4337555267,4
2011-05-04 06:00:00,Lower,1359,1359,159.0747120565,-31.3616996446,-6.6967954636,Temperature,Mid-depth,°C,-3.4108386650,19.9477062412,17.5319331963,-2.4157730450,4
2011-05-04 07:00:00,Lower,1359,1359,159.0747120565,-31.3616996446,-6.6967954636,Temperature,Mid-depth,°C,-3.4104413806,19.9744408577,18.6197772769,-1.3546635808,4
2011-05-04 08:00:00,Lower,1359,1359,159.0747120565,-31.3616996446,-6.6967954636,Temperature,Mid-depth,°C,-3.3879400314,19.9940417797,19.4559256998,-0.5381160799,4
2011-05-04 09:00:00,Lower,1359,1359,159.0747120565,-31.3616996446,-6.6967954636,Temperature,Mid-depth,°C,-3.3489432438,20.0023095662,19.8420397745,-0.1602697917,4
2011-05-04 10:00:00,Lower,1359,1359,159.0747120565,-31.3616996446,-6.6967954636,Temperature,Mid-depth,°C,-3.3092008952,20.0108072409,19.9304710559,-0.0803361851,4
2011-05-04 11:00:00,Lower,1359,1359,159.0747120565,-31.3616996446,-6.6967954636,Temperature,Mid-depth,°C,-3.2789952832,20.0194092100,19.9137423822,-0.1056668278,4
2011-05-04 12:00:00,Lower,1359,1359,159.0747120565,-31.3616996446,-6.6967954636,Temperature,Mid-depth,°C,-3.2637512874,20.0188461181,19.8103942608,-0.2084518573,4
2011-05-04 13:00:00,Lower,1359,1359,159.0747120565,-31.3616996446,-6.6967954636,Temperature,Mid-depth,°C,-3.2633192299,20.0257983083,19.6019048698,-0.4238934385,4
2011-05-04 14:00:00,Lower,1359,1359,159.0747120565,-31.3616996446,-6.6967954636,Temperature,Mid-depth,°C,-3.2819311698,20.0306762672,19.1529740283,-0.8777022390,4
2011-05-04 15:00:00,Lower,1359,1359,159.0747120565,-31.3616996446,-6.6967954636,Temperature,Mid-depth,°C,-3.3099598709,20.0164197252,18.5506176566,-1.4658020686,4
2011-05-04 16:00:00,Lower,1359,1359,159.0747120565,-31.3616996446,-6.6967954636,Temperature,Mid-depth,°C,-3.3380818632,19.9914867429,17.9767679805,-2.0147187624,4
2011-05-04 17:00:00,Lower,1359,1359,159.0747120565,-31.3616996446,-6.6967954636,Temperature,Mid-depth,°C,-3.3618204765,19.9735990995,17.5969686618,-2.3766304378,4
2011-05-04 18:00:00,Lower,1359,1359,159.0747120565,-31.3616996446,-6.6967954636,Temperature,Mid-depth,°C,-3.3813116153,19.9667293568,17.3991185287,-2.5676108281,4
2011-05-04 19:00:00,Lower,1359,1359,159.0747120565,-31.3616996446,-6.6967954636,Temperature,Mid-depth,°C,-3.3885212322,19.9728407353,17.9157045693,-2.0571361660,4
2011-05-04 20:00:00,Lower,1359,1359,159.0747120565,-31.3616996446,-6.6967954636,Temperature,Mid-depth,°C,-3.3772737068,19.9885021942,19.0663824440,-0.9221197501,4
2011-05-04 21:00:00,Lower,1359,1359,159.0747120565,-31.3616996446,-6.6967954636,Temperature,Mid-depth,°C,-3.3485113233,19.9935024900,19.6163462877,-0.3771562023,4
2011-05-04 22:00:00,Lower,1359,1359,159.0747120565,-31.3616996446,-6.6967954636,Temperature,Mid-depth,°C,-3.3189848745,19.9961998081,19.7690806109,-0.2271191972,4
2011-05-04 23:00:00,Lower,1359,1359,159.0747120565,-31.3616996446,-6.6967954636,Temperature,Mid-depth,°C,-3.2890725009,19.9973083715,19.7569183916,-0.2403899800,4
2011-05-05 00:00:00,Lower,1359,1359,159.0747120565,-31.3616996446,-6.6967954636,Temperature,Mid-depth,°C,-3.2737081070,19.9972548110,19.6301926212,-0.3670621898,4
2011-05-05 01:00:00,Lower,1359,1359,159.0747120565,-31.3616996446,-6.6967954636,Temperature,Mid-depth,°C,-3.2731249674,19.9929857660,19.3451308825,-0.6478548835,4
2011-05-05 02:00:00,Lower,1359,1359,159.0747120565,-31.3616996446,-6.6967954636,Temperature,Mid-depth,°C,-3.2916837363,19.9845124682,18.7426970497,-1.2418154184,4
2011-05-05 03:00:00,Lower,1359,1359,159.0747120565,-31.3616996446,-6.6967954636,Temperature,Mid-depth,°C,-3.3197409718,19.9577845795,17.9878567101,-1.9699278694,4
2011-05-05 04:00:00,Lower,1359,1359,159.0747120565,-31.3616996446,-6.6967954636,Temperature,Mid-depth,°C,-3.3575863408,19.9264686977,17.1201483315,-2.8063203662,4
2011-05-05 05:00:00,Lower,1359,1359,159.0747120565,-31.3616996446,-6.6967954636,Temperature,Mid-depth,°C,-3.3862724052,19.9022412843,16.6019318409,-3.3003094434,4
2011-05-05 06:00:00,Lower,1359,1359,159.0747120565,-31.3616996446,-6.6967954636,Temperature,Mid-depth,°C,-3.4103414621,19.9138606316,16.2729156874,-3.6409449442,4
2011-05-05 07:00:00,Lower,1359,1359,159.0747120565,-31.3616996446,-6.6967954636,Temperature,Mid-depth,°C,-3.4171260537,19.9342155306,16.7758006866,-3.1584148440,4
2011-05-05 08:00:00,Lower,1359,1359,159.0747120565,-31.3616996446,-6.6967954636,Temperature,Mid-depth,°C,-3.4115615058,19.9788191923,18.5397223645,-1.4390968279,4
2011-05-05 09:00:00,Lower,1359,1359,159.0747120565,-31.3616996446,-6.6967954636,Temperature,Mid-depth,°C,-3.3881916904,19.9967916587,19.3874499001,-0.6093417587,4
2011-05-05 10:00:00,Lower,1359,1359,159.0747120565,-31.3616996446,-6.6967954636,Temperature,Mid-depth,°C,-3.3489667193,20.0059393770,19.8340514173,-0.1718879597,4
2011-05-05 11:00:00,Lower,1359,1359,159.0747120565,-31.3616996446,-6.6967954636,Temperature,Mid-depth,°C,-3.3092619613,20.0159477366,19.9251249126,-0.0908228241,4
2011-05-05 12:00:00,Lower,1359,1359,159.0747120565,-31.3616996446,-6.6967954636,Temperature,Mid-depth,°C,-3.2791296215,20.0240220619,19.9019096604,-0.1221124016,4
2011-05-05 13:00:00,Lower,1359,1359,159.0747120565,-31.3616996446,-6.6967954636,Temperature,Mid-depth,°C,-3.2638720898,20.0298900361,19.7713290591,-0.2585609770,4
2011-05-05 14:00:00,Lower,1359,1359,159.0747120565,-31.3616996446,-6.6967954636,Temperature,Mid-depth,°C,-3.2633676570,20.0334209100,19.4958950782,-0.5375258317,4
2011-05-05 15:00:00,Lower,1359,1359,159.0747120565,-31.3616996446,-6.6967954636,Temperature,Mid-depth,°C,-3.2867758152,20.0404658290,18.7916868045,-1.2487790245,4
2011-05-05 16:00:00,Lower,1359,1359,159.0747120565,-31.3616996446,-6.6967954636,Temperature,Mid-depth,°C,-3.3196204960,20.0342847375,17.8269911562,-2.2072935813,4
2011-05-05 17:00:00,Lower,1359,1359,159.0747120565,-31.3616996446,-6.6967954636,Temperature,Mid-depth,°C,-3.3480028673,19.9996152439,17.0357522335,-2.9638630104,4
2011-05-05 18:00:00,Lower,1359,1359,159.0747120565,-31.3616996446,-6.6967954636,Temperature,Mid-depth,°C,-3.3718188166,19.9689971937,16.5419240320,-3.4270731617,4
2011-05-05 19:00:00,Lower,1359,1359,159.0747120565,-31.3616996446,-6.6967954636,Temperature,Mid-depth,°C,-3.3866259397,19.9558814367,16.4078202681,-3.5480611686,4
2011-05-05 20:00:00,Lower,1359,1359,159.0747120565,-31.3616996446,-6.6967954636,Temperature,Mid-depth,°C,-3.3854752248,19.9716755203,17.8558014490,-2.1158740713,4
2011-05-05 21:00:00,Lower,1359,1359,159.0747120565,-31.3616996446,-6.6967954636,Temperature,Mid-depth,°C,-3.3678307280,19.9883230501,19.0760004758,-0.9123225742,4
2011-05-05 22:00:00,Lower,1359,1359,159.0747120565,-31.3616996446,-6.6967954636,Temperature,Mid-depth,°C,-3.3338436421,19.9924708386,19.6181708840,-0.3742999546,4
2011-05-05 23:00:00,Lower,1359,1359,159.0747120565,-31.3616996446,-6.6967954636,Temperature,Mid-depth,°C,-3.3040247228,19.9962179390,19.7441910368,-0.2520269022,4
2011-05-06 00:00:00,Lower,1359,1359,159.0747120565,-31.3616996446,-6.6967954636,Temperature,Mid-depth,°C,-3.2742186724,19.9969820014,19.6779659237,-0.3190160777,4
2011-05-06 01:00:00,Lower,1359,1359,159.0747120565,-31.3616996446,-6.6967954636,Temperature,Mid-depth,°C,-3.2587438550,19.9971697782,19.5242788817,-0.4728908965,4
2011-05-06 02:00:00,Lower,1359,1359,159.0747120565,-31.3616996446,-6.6967954636,Temperature,Mid-depth,°C,-3.2630520769,19.9919110118,19.0740415363,-0.9178694755,4
2011-05-06 03:00:00,Lower,1359,1359,159.0747120565,-31.3616996446,-6.6967954636,Temperature,Mid-depth,°C,-3.2909724524,19.9758337420,18.0276340302,-1.9481997118,4
2011-05-06 04:00:00,Lower,1359,1359,159.0747120565,-31.3616996446,-6.6967954636,Temperature,Mid-depth,°C,-3.3239918880,19.9339010825,16.8964494201,-3.0374516625,4
2011-05-06 05:00:00,Lower,1359,1359,159.0747120565,-31.3616996446,-6.6967954636,Temperature,Mid-depth,°C,-3.3676983744,19.8994009733,15.9029085388,-3.9964924344,4
2011-05-06 06:00:00,Lower,1359,1359,159.0747120565,-31.3616996446,-6.6967954636,Temperature,Mid-depth,°C,-3.4015575946,19.8717626145,15.2081450856,-4.6636175289,4
2011-05-06 07:00:00,Lower,1359,1359,159.0747120565,-31.3616996446,-6.6967954636,Temperature,Mid-depth,°C,-3.4201425309,19.9077379508,14.8650052591,-5.0427326917,4
2011-05-06 08:00:00,Lower,1359,1359,159.0747120565,-31.3616996446,-6.6967954636,Temperature,Mid-depth,°C,-3.4276658068,19.9479281259,15.9529152379,-3.9950128880,4
2011-05-06 09:00:00,Lower,1359,1359,159.0747120565,-31.3616996446,-6.6967954636,Temperature,Mid-depth,°C,-3.4122162936,19.9882945682,18.3712003449,-1.6170942233,4
2011-05-06 10:00:00,Lower,1359,1359,159.0747120565,-31.3616996446,-6.6967954636,Temperature,Mid-depth,°C,-3.3737884999,20.0034251857,19.5518037641,-0.4516214216,4
2011-05-06 11:00:00,Lower,1359,1359,159.0747120565,-31.3616996446,-6.6967954636,Temperature,Mid-depth,°C,-3.3341597358,20.0148613295,19.9007981421,-0.1140631874,4
2011-05-06 12:00:00,Lower,1359,1359,159.0747120565,-31.3616996446,-6.6967954636,Temperature,Mid-depth,°C,-3.2892521718,20.0207565799,19.9243657982,-0.0963907817,4
2011-05-06 13:00:00,Lower,1359,1359,159.0747120565,-31.3616996446,-6.6967954636,Temperature,Mid-depth,°C,-3.2590412099,20.0269571083,19.8869881569,-0.1399689514,4
2011-05-06 14:00:00,Lower,1359,1359,159.0747120565,-31.3616996446,-6.6967954636,Temperature,Mid-depth,°C,-3.2488636534,20.0333761135,19.6610714999,-0.3723046136,4
2011-05-06 15:00:00,Lower,1359,1359,159.0747120565,-31.3616996446,-6.6967954636,Temperature,Mid-depth,°C,-3.2579915456,20.0369964467,19.0934692554,-0.9435271914,4
2011-05-06 16:00:00,Lower,1359,1359,159.0747120565,-31.3616996446,-6.6967954636,Temperature,Mid-depth,°C,-3.2859722352,20.0429992062,17.9689862015,-2.0740130047,4
2011-05-06 17:00:00,Lower,1359,1359,159.0747120565,-31.3616996446,-6.6967954636,Temperature,Mid-depth,°C,-3.3191127679,20.0159436736,16.6950016049,-3.3209420687,4
2011-05-06 18:00:00,Lower,1359,1359,159.0747120565,-31.3616996446,-6.6967954636,Temperature,Mid-depth,°C,-3.3477026387,19.9716850041,15.7533529601,-4.2183320440,4
2011-05-06 19:00:00,Lower,1359,1359,159.0747120565,-31.3616996446,-6.6967954636,Temperature,Mid-depth,°C,-3.3764794250,19.9400287307,15.0632944774,-4.8767342533,4
2011-05-06 20:00:00,Lower,1359,1359,159.0747120565,-31.3616996446,-6.6967954636,Temperature,Mid-depth,°C,-3.3912064748,19.9309983150,14.8090534173,-5.1219448976,4
2011-05-06 21:00:00,Lower,1359,1359,159.0747120565,-31.3616996446,-6.6967954636,Temperature,Mid-depth,°C,-3.3858573128,19.9682182794,17.2665098938,-2.7017083856,4
2011-05-06 22:00:00,Lower,1359,1359,159.0747120565,-31.3616996446,-6.6967954636,Temperature,Mid-depth,°C,-3.3583837394,19.9886250697,19.0544099502,-0.9342151195,4
2011-05-06 23:00:00,Lower,1359,1359,159.0747120565,-31.3616996446,-6.6967954636,Temperature,Mid-depth,°C,-3.3239816796,19.9941247582,19.5966977188,-0.3974270394,4
2011-05-07 00:00:00,Lower,1359,1359,159.0747120565,-31.3616996446,-6.6967954636,Temperature,Mid-depth,°C,-3.2843657449,19.9967340953,19.7320369069,-0.2646971883,4
2011-05-01 01:00:00,Lower,1359,1359,159.0747120565,-31.3616996446,-6.6967954636,Temperature,Near-bottom,°C,-6.1967954636,19.9999800417,19.9678490615,-0.0321309801,2
2011-05-01 02:00:00,Lower,1359,1359,159.0747120565,-31.3616996446,-6.6967954636,Temperature,Near-bottom,°C,-6.1967954636,19.9999732971,19.9309882971,-0.0689850000,2
2011-05-01 03:00:00,Lower,1359,1359,159.0747120565,-31.3616996446,-6.6967954636,Temperature,Near-bottom,°C,-6.1967954636,19.9999183248,19.8968803961,-0.1030379288,2
2011-05-01 04:00:00,Lower,1359,1359,159.0747120565,-31.3616996446,-6.6967954636,Temperature,Near-bottom,°C,-6.1967954636,19.9999100138,19.8665633703,-0.1333466435,2
2011-05-01 05:00:00,Lower,1359,1359,159.0747120565,-31.3616996446,-6.6967954636,Temperature,Near-bottom,°C,-6.1967954636,19.9999017027,19.9304180731,-0.0694836297,2
2011-05-01 06:00:00,Lower,1359,1359,159.0747120565,-31.3616996446,-6.6967954636,Temperature,Near-bottom,°C,-6.1967954636,19.9998722076,19.9561470269,-0.0437251807,2
2011-05-01 07:00:00,Lower,1359,1359,159.0747120565,-31.3616996446,-6.6967954636,Temperature,Near-bottom,°C,-6.1967954636,20.0000345355,19.9660058509,-0.0340286846,2
2011-05-01 08:00:00,Lower,1359,1359,159.0747120565,-31.3616996446,-6.6967954636,Temperature,Near-bottom,°C,-6.1967954636,20.0005251305,19.9654256459,-0.0350994846,2
2011-05-01 09:00:00,Lower,1359,1359,159.0747120565,-31.3616996446,-6.6967954636,Temperature,Near-bottom,°C,-6.1967954636,20.0010486945,19.9594649979,-0.0415836966,2
2011-05-01 10:00:00,Lower,1359,1359,159.0747120565,-31.3616996446,-6.6967954636,Temperature,Near-bottom,°C,-6.1967954636,20.0017250495,19.9404574341,-0.0612676155,2
2011-05-01 11:00:00,Lower,1359,1359,159.0747120565,-31.3616996446,-6.6967954636,Temperature,Near-bottom,°C,-6.1967954636,20.0024681618,19.9068440293,-0.0956241325,2
2011-05-01 12:00:00,Lower,1359,1359,159.0747120565,-31.3616996446,-6.6967954636,Temperature,Near-bottom,°C,-6.1967954636,20.0038490757,19.8435856531,-0.1602634226,2
2011-05-01 13:00:00,Lower,1359,1359,159.0747120565,-31.3616996446,-6.6967954636,Temperature,Near-bottom,°C,-6.1967954636,20.0082027140,19.7697129822,-0.2384897318,2
2011-05-01 14:00:00,Lower,1359,1359,159.0747120565,-31.3616996446,-6.6967954636,Temperature,Near-bottom,°C,-6.1967954636,20.0118970848,19.7232437576,-0.2886533272,2
2011-05-01 15:00:00,Lower,1359,1359,159.0747120565,-31.3616996446,-6.6967954636,Temperature,Near-bottom,°C,-6.1967954636,20.0119079784,19.7109587904,-0.3009491880,2
2011-05-01 16:00:00,Lower,1359,1359,159.0747120565,-31.3616996446,-6.6967954636,Temperature,Near-bottom,°C,-6.1967954636,20.0091218334,19.7950562645,-0.2140655689,2
2011-05-01 17:00:00,Lower,1359,1359,159.0747120565,-31.3616996446,-6.6967954636,Temperature,Near-bottom,°C,-6.1967954636,20.0067483574,19.8954430429,-0.1113053145,2
2011-05-01 18:00:00,Lower,1359,1359,159.0747120565,-31.3616996446,-6.6967954636,Temperature,Near-bottom,°C,-6.1967954636,20.0033391976,19.9408550327,-0.0624841649,2
2011-05-01 19:00:00,Lower,1359,1359,159.0747120565,-31.3616996446,-6.6967954636,Temperature,Near-bottom,°C,-6.1967954636,20.0016553625,19.9427655387,-0.0588898237,2
2011-05-01 20:00:00,Lower,1359,1359,159.0747120565,-31.3616996446,-6.6967954636,Temperature,Near-bottom,°C,-6.1967954636,20.0010813226,19.9296091765,-0.0714721461,2
2011-05-01 21:00:00,Lower,1359,1359,159.0747120565,-31.3616996446,-6.6967954636,Temperature,Near-bottom,°C,-6.1967954636,20.0007833698,19.9167115375,-0.0840718323,2
2011-05-01 22:00:00,Lower,1359,1359,159.0747120565,-31.3616996446,-6.6967954636,Temperature,Near-bottom,°C,-6.1967954636,20.0005918877,19.8786706588,-0.1219212289,2
2011-05-01 23:00:00,Lower,1359,1359,159.0747120565,-31.3616996446,-6.6967954636,Temperature,Near-bottom,°C,-6.1967954636,20.0004444778,19.7773785650,-0.2230659128,2
2011-05-02 00:00:00,Lower,1359,1359,159.0747120565,-31.3616996446,-6.6967954636,Temperature,Near-bottom,°C,-6.1967954636,20.0003439324,19.6127702795,-0.3875736528,2
2011-05-02 01:00:00,Lower,1359,1359,159.0747120565,-31.3616996446,-6.6967954636,Temperature,Near-bottom,°C,-6.1967954636,20.0002233630,19.4299584529,-0.5702649101,2
2011-05-02 02:00:00,Lower,1359,1359,159.0747120565,-31.3616996446,-6.6967954636,Temperature,Near-bottom,°C,-6.1967954636,20.0001014959,19.2933022837,-0.7067992122,2
2011-05-02 03:00:00,Lower,1359,1359,159.0747120565,-31.3616996446,-6.6967954636,Temperature,Near-bottom,°C,-6.1967954636,19.9998115789,19.2072517488,-0.7925598301,2
2011-05-02 04:00:00,Lower,1359,1359,159.0747120565,-31.3616996446,-6.6967954636,Temperature,Near-bottom,°C,-6.1967954636,19.9996203000,19.2294501080,-0.7701701920,2
2011-05-02 05:00:00,Lower,1359,1359,159.0747120565,-31.3616996446,-6.6967954636,Temperature,Near-bottom,°C,-6.1967954636,19.9996115825,19.5768579969,-0.4227535856,2
2011-05-02 06:00:00,Lower,1359,1359,159.0747120565,-31.3616996446,-6.6967954636,Temperature,Near-bottom,°C,-6.1967954636,19.9996986389,19.8216072453,-0.1780913936,2
2011-05-02 07:00:00,Lower,1359,1359,159.0747120565,-31.3616996446,-6.6967954636,Temperature,Near-bottom,°C,-6.1967954636,19.9995551093,19.9128425108,-0.0867125985,2
2011-05-02 08:00:00,Lower,1359,1359,159.0747120565,-31.3616996446,-6.6967954636,Temperature,Near-bottom,°C,-6.1967954636,20.0004729504,19.9290500406,-0.0714229098,2
2011-05-02 09:00:00,Lower,1359,1359,159.0747120565,-31.3616996446,-6.6967954636,Temperature,Near-bottom,°C,-6.1967954636,20.0021126477,19.9183593299,-0.0837533178,2
2011-05-02 10:00:00,Lower,1359,1359,159.0747120565,-31.3616996446,-6.6967954636,Temperature,Near-bottom,°C,-6.1967954636,20.0040672607,19.8996311473,-0.1044361134,2
2011-05-02 11:00:00,Lower,1359,1359,159.0747120565,-31.3616996446,-6.6967954636,Temperature,Near-bottom,°C,-6.1967954636,20.0067372606,19.8435080395,-0.1632292211,2
2011-05-02 12:00:00,Lower,1359,1359,159.0747120565,-31.3616996446,-6.6967954636,Temperature,Near-bottom,°C,-6.1967954636,20.0109314288,19.7181509140,-0.2927805148,2
2011-05-02 13:00:00,Lower,1359,1359,159.0747120565,-31.3616996446,-6.6967954636,Temperature,Near-bottom,°C,-6.1967954636,20.0156944654,19.5082248814,-0.5074695840,2
2011-05-02 14:00:00,Lower,1359,1359,159.0747120565,-31.3616996446,-6.6967954636,Temperature,Near-bottom,°C,-6.1967954636,20.0196290374,19.2497510473,-0.7698779901,2
2011-05-02 15:00:00,Lower,1359,1359,159.0747120565,-31.3616996446,-6.6967954636,Temperature,Near-bottom,°C,-6.1967954636,20.0187525946,19.0578158638,-0.9609367308,2
2011-05-02 16:00:00,Lower,1359,1359,159.0747120565,-31.3616996446,-6.6967954636,Temperature,Near-bottom,°C,-6.1967954636,20.0136814460,19.0596758475,-0.9540055984,2
2011-05-02 17:00:00,Lower,1359,1359,159.0747120565,-31.3616996446,-6.6967954636,Temperature,Near-bottom,°C,-6.1967954636,20.0094277500,19.2966494236,-0.7127783264,2
2011-05-02 18:00:00,Lower,1359,1359,159.0747120565,-31.3616996446,-6.6967954636,Temperature,Near-bottom,°C,-6.1967954636,20.0042222215,19.6820382137,-0.3221840078,2
2011-05-02 19:00:00,Lower,1359,1359,159.0747120565,-31.3616996446,-6.6967954636,Temperature,Near-bottom,°C,-6.1967954636,20.0014536555,19.8723832021,-0.1290704534,2
2011-05-02 20:00:00,Lower,1359,1359,159.0747120565,-31.3616996446,-6.6967954636,Temperature,Near-bottom,°C,-6.1967954636,20.0004975363,19.8762642081,-0.1242333282,2
2011-05-02 21:00:00,Lower,1359,1359,159.0747120565,-31.3616996446,-6.6967954636,Temperature,Near-bottom,°C,-6.1967954636,20.0002137542,19.8741831831,-0.1260305711,2
2011-05-02 22:00:00,Lower,1359,1359,159.0747120565,-31.3616996446,-6.6967954636,Temperature,Near-bottom,°C,-6.1967954636,20.0000457043,19.8443667762,-0.1556789281,2
2011-05-02 23:00:00,Lower,1359,1359,159.0747120565,-31.3616996446,-6.6967954636,Temperature,Near-bottom,°C,-6.1967954636,19.9998866471,19.7524359928,-0.2474506543,2
2011-05-03 00:00:00,Lower,1359,1359,159.0747120565,-31.3616996446,-6.6967954636,Temperature,Near-bottom,°C,-6.1967954636,19.9998450263,19.5117239854,-0.4881210409,2
2011-05-03 01:00:00,Lower,1359,1359,159.0747120565,-31.3616996446,-6.6967954636,Temperature,Near-bottom,°C,-6.1967954636,19.9997337184,19.1756782560,-0.8240554624,2
2011-05-03 02:00:00,Lower,1359,1359,159.0747120565,-31.3616996446,-6.6967954636,Temperature,Near-bottom,°C,-6.1967954636,19.9995589240,18.7761734542,-1.2233854698,2
2011-05-03 03:00:00,Lower,1359,1359,159.0747120565,-31.3616996446,-6.6967954636,Temperature,Near-bottom,°C,-6.1967954636,19.9995206394,18.4801429260,-1.5193777134,2
2011-05-03 04:00:00,Lower,1359,1359,159.0747120565,-31.3616996446,-6.6967954636,Temperature,Near-bottom,°C,-6.1967954636,19.9988339219,18.3189108605,-1.6799230614,2
2011-05-03 05:00:00,Lower,1359,1359,159.0747120565,-31.3616996446,-6.6967954636,Temperature,Near-bottom,°C,-6.1967954636,19.9984726857,18.3006810785,-1.6977916073,2
2011-05-03 06:00:00,Lower,1359,1359,159.0747120565,-31.3616996446,-6.6967954636,Temperature,Near-bottom,°C,-6.1967954636,19.9972199706,19.1714004150,-0.8258195556,2
2011-05-03 07:00:00,Lower,1359,1359,159.0747120565,-31.3616996446,-6.6967954636,Temperature,Near-bottom,°C,-6.1967954636,19.9987480976,19.7471356678,-0.2516124298,2
2011-05-03 08:00:00,Lower,1359,1359,159.0747120565,-31.3616996446,-6.6967954636,Temperature,Near-bottom,°C,-6.1967954636,20.0019351858,19.8921605351,-0.1097746507,2
2011-05-03 09:00:00,Lower,1359,1359,159.0747120565,-31.3616996446,-6.6967954636,Temperature,Near-bottom,°C,-6.1967954636,20.0066926379,19.9264034250,-0.0802892129,2
2011-05-03 10:00:00,Lower,1359,1359,159.0747120565,-31.3616996446,-6.6967954636,Temperature,Near-bottom,°C,-6.1967954636,20.0141766943,19.9325837331,-0.0815929613,2
2011-05-03 11:00:00,Lower,1359,1359,159.0747120565,-31.3616996446,-6.6967954636,Temperature,Near-bottom,°C,-6.1967954636,20.0223843767,19.9071798755,-0.1152045012,2
2011-05-03 12:00:00,Lower,1359,1359,159.0747120565,-31.3616996446,-6.6967954636,Temperature,Near-bottom,°C,-6.1967954636,20.0332773897,19.8181960918,-0.2150812979,2
2011-05-03 13:00:00,Lower,1359,1359,159.0747120565,-31.3616996446,-6.6967954636,Temperature,Near-bottom,°C,-6.1967954636,20.0461248320,19.5742662175,-0.4718586145,2
2011-05-03 14:00:00,Lower,1359,1359,159.0747120565,-31.3616996446,-6.6967954636,Temperature,Near-bottom,°C,-6.1967954636,20.0530685712,19.2345594723,-0.8185090989,2
2011-05-03 15:00:00,Lower,1359,1359,159.0747120565,-31.3616996446,-6.6967954636,Temperature,Near-bottom,°C,-6.1967954636,20.0543335368,18.7947252467,-1.2596082901,2
2011-05-03 16:00:00,Lower,1359,1359,159.0747120565,-31.3616996446,-6.6967954636,Temperature,Near-bottom,°C,-6.1967954636,20.0423015882,18.4679110929,-1.5743904952,2
2011-05-03 17:00:00,Lower,1359,1359,159.0747120565,-31.3616996446,-6.6967954636,Temperature,Near-bottom,°C,-6.1967954636,20.0270507749,18.3506693973,-1.6763813776,2
2011-05-03 18:00:00,Lower,1359,1359,159.0747120565,-31.3616996446,-6.6967954636,Temperature,Near-bottom,°C,-6.1967954636,20.0097833694,18.9793412253,-1.0304421441,2
2011-05-03 19:00:00,Lower,1359,1359,159.0747120565,-31.3616996446,-6.6967954636,Temperature,Near-bottom,°C,-6.1967954636,20.0024637245,19.6031574673,-0.3993062573,2
2011-05-03 20:00:00,Lower,1359,1359,159.0747120565,-31.3616996446,-6.6967954636,Temperature,Near-bottom,°C,-6.1967954636,20.0007480086,19.8278436907,-0.1729043179,2
2011-05-03 21:00:00,Lower,1359,1359,159.0747120565,-31.3616996446,-6.6967954636,Temperature,Near-bottom,°C,-6.1967954636,19.9993967929,19.8614328153,-0.1379639777,2
2011-05-03 22:00:00,Lower,1359,1359,159.0747120565,-31.3616996446,-6.6967954636,Temperature,Near-bottom,°C,-6.1967954636,19.9992695511,19.8572041013,-0.1420654498,2
2011-05-03 23:00:00,Lower,1359,1359,159.0747120565,-31.3616996446,-6.6967954636,Temperature,Near-bottom,°C,-6.1967954636,19.9991171008,19.7981927094,-0.2009243914,2
2011-05-04 00:00:00,Lower,1359,1359,159.0747120565,-31.3616996446,-6.6967954636,Temperature,Near-bottom,°C,-6.1967954636,19.9990904700,19.6405300012,-0.3585604688,2
2011-05-04 01:00:00,Lower,1359,1359,159.0747120565,-31.3616996446,-6.6967954636,Temperature,Near-bottom,°C,-6.1967954636,19.9992809951,19.2706045861,-0.7286764091,2
2011-05-04 02:00:00,Lower,1359,1359,159.0747120565,-31.3616996446,-6.6967954636,Temperature,Near-bottom,°C,-6.1967954636,19.9990012966,18.7317242407,-1.2672770558,2
2011-05-04 03:00:00,Lower,1359,1359,159.0747120565,-31.3616996446,-6.6967954636,Temperature,Near-bottom,°C,-6.1967954636,19.9990227558,18.0663480828,-1.9326746730,2
2011-05-04 04:00:00,Lower,1359,1359,159.0747120565,-31.3616996446,-6.6967954636,Temperature,Near-bottom,°C,-6.1967954636,19.9989952337,17.6983216473,-2.3006735864,2
2011-05-04 05:00:00,Lower,1359,1359,159.0747120565,-31.3616996446,-6.6967954636,Temperature,Near-bottom,°C,-6.1967954636,19.9982329694,17.4752524680,-2.5229805014,2
2011-05-04 06:00:00,Lower,1359,1359,159.0747120565,-31.3616996446,-6.6967954636,Temperature,Near-bottom,°C,-6.1967954636,19.9974258137,17.6091248955,-2.3883009181,2
2011-05-04 07:00:00,Lower,1359,1359,159.0747120565,-31.3616996446,-6.6967954636,Temperature,Near-bottom,°C,-6.1967954636,19.9955933430,18.9542942649,-1.0412990781,2
2011-05-04 08:00:00,Lower,1359,1359,159.0747120565,-31.3616996446,-6.6967954636,Temperature,Near-bottom,°C,-6.1967954636,20.0010139428,19.7099308207,-0.2910831222,2
2011-05-04 09:00:00,Lower,1359,1359,159.0747120565,-31.3616996446,-6.6967954636,Temperature,Near-bottom,°C,-6.1967954636,20.0050003348,19.9058072399,-0.0991930949,2
2011-05-04 10:00:00,Lower,1359,1359,159.0747120565,-31.3616996446,-6.6967954636,Temperature,Near-bottom,°C,-6.1967954636,20.0116312817,19.9207764023,-0.0908548794,2
2011-05-04 11:00:00,Lower,1359,1359,159.0747120565,-31.3616996446,-6.6967954636,Temperature,Near-bottom,°C,-6.1967954636,20.0202927098,19.9179131054,-0.1023796044,2
2011-05-04 12:00:00,Lower,1359,1359,159.0747120565,-31.3616996446,-6.6967954636,Temperature,Near-bottom,°C,-6.1967954636,20.0200788706,19.8372213576,-0.1828575130,2
2011-05-04 13:00:00,Lower,1359,1359,159.0747120565,-31.3616996446,-6.6967954636,Temperature,Near-bottom,°C,-6.1967954636,20.0260861081,19.6648786726,-0.3612074355,2
2011-05-04 14:00:00,Lower,1359,1359,159.0747120565,-31.3616996446,-6.6967954636,Temperature,Near-bottom,°C,-6.1967954636,20.0316894726,19.2277332458,-0.8039562268,2
2011-05-04 15:00:00,Lower,1359,1359,159.0747120565,-31.3616996446,-6.6967954636,Temperature,Near-bottom,°C,-6.1967954636,20.0334070239,18.5752455336,-1.4581614903,2
2011-05-04 16:00:00,Lower,1359,1359,159.0747120565,-31.3616996446,-6.6967954636,Temperature,Near-bottom,°C,-6.1967954636,20.0258965075,17.9326186663,-2.0932778412,2
2011-05-04 17:00:00,Lower,1359,1359,159.0747120565,-31.3616996446,-6.6967954636,Temperature,Near-bottom,°C,-6.1967954636,20.0160840633,17.5510182776,-2.4650657857,2
2011-05-04 18:00:00,Lower,1359,1359,159.0747120565,-31.3616996446,-6.6967954636,Temperature,Near-bottom,°C,-6.1967954636,20.0066604494,17.4063364743,-2.6003239752,2
2011-05-04 19:00:00,Lower,1359,1359,159.0747120565,-31.3616996446,-6.6967954636,Temperature,Near-bottom,°C,-6.1967954636,19.9997569087,18.1576790231,-1.8420778855,2
2011-05-04 20:00:00,Lower,1359,1359,159.0747120565,-31.3616996446,-6.6967954636,Temperature,Near-bottom,°C,-6.1967954636,19.9986459857,19.3828745179,-0.6157714678,2
2011-05-04 21:00:00,Lower,1359,1359,159.0747120565,-31.3616996446,-6.6967954636,Temperature,Near-bottom,°C,-6.1967954636,19.9982258841,19.7853533386,-0.2128725454,2
2011-05-04 22:00:00,Lower,1359,1359,159.0747120565,-31.3616996446,-6.6967954636,Temperature,Near-bottom,°C,-6.1967954636,19.9976878150,19.7904951657,-0.2071926493,2
2011-05-04 23:00:00,Lower,1359,1359,159.0747120565,-31.3616996446,-6.6967954636,Temperature,Near-bottom,°C,-6.1967954636,19.9980548452,19.7748578478,-0.2231969974,2
2011-05-05 00:00:00,Lower,1359,1359,159.0747120565,-31.3616996446,-6.6967954636,Temperature,Near-bottom,°C,-6.1967954636,19.9982691499,19.6960465603,-0.3022225896,2
2011-05-05 01:00:00,Lower,1359,1359,159.0747120565,-31.3616996446,-6.6967954636,Temperature,Near-bottom,°C,-6.1967954636,19.9986163594,19.4511409311,-0.5474754283,2
2011-05-05 02:00:00,Lower,1359,1359,159.0747120565,-31.3616996446,-6.6967954636,Temperature,Near-bottom,°C,-6.1967954636,19.9986521141,18.8497559920,-1.1488961221,2
2011-05-05 03:00:00,Lower,1359,1359,159.0747120565,-31.3616996446,-6.6967954636,Temperature,Near-bottom,°C,-6.1967954636,19.9985018465,17.9941260014,-2.0043758451,2
2011-05-05 04:00:00,Lower,1359,1359,159.0747120565,-31.3616996446,-6.6967954636,Temperature,Near-bottom,°C,-6.1967954636,19.9983808642,17.0641391975,-2.9342416668,2
2011-05-05 05:00:00,Lower,1359,1359,159.0747120565,-31.3616996446,-6.6967954636,Temperature,Near-bottom,°C,-6.1967954636,19.9983715307,16.5140404153,-3.4843311153,2
2011-05-05 06:00:00,Lower,1359,1359,159.0747120565,-31.3616996446,-6.6967954636,Temperature,Near-bottom,°C,-6.1967954636,19.9973983635,16.1996451840,-3.7977531796,2
2011-05-05 07:00:00,Lower,1359,1359,159.0747120565,-31.3616996446,-6.6967954636,Temperature,Near-bottom,°C,-6.1967954636,19.9955054941,16.9964335498,-2.9990719443,2
2011-05-05 08:00:00,Lower,1359,1359,159.0747120565,-31.3616996446,-6.6967954636,Temperature,Near-bottom,°C,-6.1967954636,19.9981180565,18.9999099197,-0.9982081369,2
2011-05-05 09:00:00,Lower,1359,1359,159.0747120565,-31.3616996446,-6.6967954636,Temperature,Near-bottom,°C,-6.1967954636,20.0062042781,19.6893714198,-0.3168328583,2
2011-05-05 10:00:00,Lower,1359,1359,159.0747120565,-31.3616996446,-6.6967954636,Temperature,Near-bottom,°C,-6.1967954636,20.0093286861,19.9028309564,-0.1064977297,2
2011-05-05 11:00:00,Lower,1359,1359,159.0747120565,-31.3616996446,-6.6967954636,Temperature,Near-bottom,°C,-6.1967954636,20.0171017285,19.9050962915,-0.1120054370,2
2011-05-05 12:00:00,Lower,1359,1359,159.0747120565,-31.3616996446,-6.6967954636,Temperature,Near-bottom,°C,-6.1967954636,20.0254460582,19.8958744767,-0.1295715815,2
2011-05-05 13:00:00,Lower,1359,1359,159.0747120565,-31.3616996446,-6.6967954636,Temperature,Near-bottom,°C,-6.1967954636,20.0316220143,19.7935276661,-0.2380943482,2
2011-05-05 14:00:00,Lower,1359,1359,159.0747120565,-31.3616996446,-6.6967954636,Temperature,Near-bottom,°C,-6.1967954636,20.0356610712,19.5689865037,-0.4666745675,2
2011-05-05 15:00:00,Lower,1359,1359,159.0747120565,-31.3616996446,-6.6967954636,Temperature,Near-bottom,°C,-6.1967954636,20.0410554660,18.8725030493,-1.1685524168,2
2011-05-05 16:00:00,Lower,1359,1359,159.0747120565,-31.3616996446,-6.6967954636,Temperature,Near-bottom,°C,-6.1967954636,20.0455356968,17.7926728985,-2.2528627983,2
2011-05-05 17:00:00,Lower,1359,1359,159.0747120565,-31.3616996446,-6.6967954636,Temperature,Near-bottom,°C,-6.1967954636,20.0354439743,16.9289371309,-3.1065068434,2
2011-05-05 18:00:00,Lower,1359,1359,159.0747120565,-31.3616996446,-6.6967954636,Temperature,Near-bottom,°C,-6.1967954636,20.0195710116,16.4459466319,-3.5736243797,2
2011-05-05 19:00:00,Lower,1359,1359,159.0747120565,-31.3616996446,-6.6967954636,Temperature,Near-bottom,°C,-6.1967954636,20.0064026692,16.4246863528,-3.5817163164,2
2011-05-05 20:00:00,Lower,1359,1359,159.0747120565,-31.3616996446,-6.6967954636,Temperature,Near-bottom,°C,-6.1967954636,19.9977866369,18.2820693246,-1.7157173123,2
2011-05-05 21:00:00,Lower,1359,1359,159.0747120565,-31.3616996446,-6.6967954636,Temperature,Near-bottom,°C,-6.1967954636,19.9983359727,19.4599685399,-0.5383674328,2
2011-05-05 22:00:00,Lower,1359,1359,159.0747120565,-31.3616996446,-6.6967954636,Temperature,Near-bottom,°C,-6.1967954636,19.9973234329,19.7303359104,-0.2669875225,2
2011-05-05 23:00:00,Lower,1359,1359,159.0747120565,-31.3616996446,-6.6967954636,Temperature,Near-bottom,°C,-6.1967954636,19.9970929319,19.7468057972,-0.2502871347,2
2011-05-06 00:00:00,Lower,1359,1359,159.0747120565,-31.3616996446,-6.6967954636,Temperature,Near-bottom,°C,-6.1967954636,19.9977919719,19.7145594907,-0.2832324812,2
2011-05-06 01:00:00,Lower,1359,1359,159.0747120565,-31.3616996446,-6.6967954636,Temperature,Near-bottom,°C,-6.1967954636,19.9980310722,19.6024929986,-0.3955380736,2
2011-05-06 02:00:00,Lower,1359,1359,159.0747120565,-31.3616996446,-6.6967954636,Temperature,Near-bottom,°C,-6.1967954636,19.9983657495,19.2085598070,-0.7898059425,2
2011-05-06 03:00:00,Lower,1359,1359,159.0747120565,-31.3616996446,-6.6967954636,Temperature,Near-bottom,°C,-6.1967954636,19.9983350158,18.1252410956,-1.8730939202,2
2011-05-06 04:00:00,Lower,1359,1359,159.0747120565,-31.3616996446,-6.6967954636,Temperature,Near-bottom,°C,-6.1967954636,19.9981483709,16.8443610816,-3.1537872893,2
2011-05-06 05:00:00,Lower,1359,1359,159.0747120565,-31.3616996446,-6.6967954636,Temperature,Near-bottom,°C,-6.1967954636,19.9977360428,15.7841847271,-4.2135513156,2
2011-05-06 06:00:00,Lower,1359,1359,159.0747120565,-31.3616996446,-6.6967954636,Temperature,Near-bottom,°C,-6.1967954636,19.9975579121,15.0644140304,-4.9331438817,2
2011-05-06 07:00:00,Lower,1359,1359,159.0747120565,-31.3616996446,-6.6967954636,Temperature,Near-bottom,°C,-6.1967954636,19.9960323352,14.7806056032,-5.2154267321,2
2011-05-06 08:00:00,Lower,1359,1359,159.0747120565,-31.3616996446,-6.6967954636,Temperature,Near-bottom,°C,-6.1967954636,19.9968128408,16.3490054492,-3.6478073916,2
2011-05-06 09:00:00,Lower,1359,1359,159.0747120565,-31.3616996446,-6.6967954636,Temperature,Near-bottom,°C,-6.1967954636,20.0031667040,18.9703739159,-1.0327927881,2
2011-05-06 10:00:00,Lower,1359,1359,159.0747120565,-31.3616996446,-6.6967954636,Temperature,Near-bottom,°C,-6.1967954636,20.0081720135,19.7725140789,-0.2356579347,2
2011-05-06 11:00:00,Lower,1359,1359,159.0747120565,-31.3616996446,-6.6967954636,Temperature,Near-bottom,°C,-6.1967954636,20.0162107934,19.9249220795,-0.0912887139,2
2011-05-06 12:00:00,Lower,1359,1359,159.0747120565,-31.3616996446,-6.6967954636,Temperature,Near-bottom,°C,-6.1967954636,20.0223786417,19.8966006161,-0.1257780256,2
2011-05-06 13:00:00,Lower,1359,1359,159.0747120565,-31.3616996446,-6.6967954636,Temperature,Near-bottom,°C,-6.1967954636,20.0283202165,19.8853000977,-0.1430201188,2
2011-05-06 14:00:00,Lower,1359,1359,159.0747120565,-31.3616996446,-6.6967954636,Temperature,Near-bottom,°C,-6.1967954636,20.0349950066,19.6945337083,-0.3404612983,2
2011-05-06 15:00:00,Lower,1359,1359,159.0747120565,-31.3616996446,-6.6967954636,Temperature,Near-bottom,°C,-6.1967954636,20.0373770818,19.1882237840,-0.8491532978,2
2011-05-06 16:00:00,Lower,1359,1359,159.0747120565,-31.3616996446,-6.6967954636,Temperature,Near-bottom,°C,-6.1967954636,20.0422135213,18.0328128704,-2.0094006509,2
2011-05-06 17:00:00,Lower,1359,1359,159.0747120565,-31.3616996446,-6.6967954636,Temperature,Near-bottom,°C,-6.1967954636,20.0402216988,16.6207838028,-3.4194378960,2
2011-05-06 18:00:00,Lower,1359,1359,159.0747120565,-31.3616996446,-6.6967954636,Temperature,Near-bottom,°C,-6.1967954636,20.0261957580,15.6144595068,-4.4117362512,2
2011-05-06 19:00:00,Lower,1359,1359,159.0747120565,-31.3616996446,-6.6967954636,Temperature,Near-bottom,°C,-6.1967954636,20.0137178759,14.9437280523,-5.0699898235,2
2011-05-06 20:00:00,Lower,1359,1359,159.0747120565,-31.3616996446,-6.6967954636,Temperature,Near-bottom,°C,-6.1967954636,20.0037080770,14.8079893176,-5.1957187594,2
2011-05-06 21:00:00,Lower,1359,1359,159.0747120565,-31.3616996446,-6.6967954636,Temperature,Near-bottom,°C,-6.1967954636,19.9955810796,17.9020521405,-2.0935289391,2
2011-05-06 22:00:00,Lower,1359,1359,159.0747120565,-31.3616996446,-6.6967954636,Temperature,Near-bottom,°C,-6.1967954636,19.9968869253,19.5105653941,-0.4863215312,2
2011-05-06 23:00:00,Lower,1359,1359,159.0747120565,-31.3616996446,-6.6967954636,Temperature,Near-bottom,°C,-6.1967954636,19.9958608503,19.6670376127,-0.3288232376,2
2011-05-07 00:00:00,Lower,1359,1359,159.0747120565,-31.3616996446,-6.6967954636,Temperature,Near-bottom,°C,-6.1967954636,19.9973727681,19.7631272772,-0.2342454909,2
2011-05-01 01:00:00,Lower,1359,1359,159.0747120565,-31.3616996446,-6.6967954636,Temperature,Surface,°C,-0.5137838996,19.9350205747,19.9650799332,0.0300593586,4
2011-05-01 02:00:00,Lower,1359,1359,159.0747120565,-31.3616996446,-6.6967954636,Temperature,Surface,°C,-0.5687976381,19.9063888903,19.9313675553,0.0249786650,4
2011-05-01 03:00:00,Lower,1359,1359,159.0747120565,-31.3616996446,-6.6967954636,Temperature,Surface,°C,-0.5979628703,19.8562769624,19.8989762459,0.0426992835,4
2011-05-01 04:00:00,Lower,1359,1359,159.0747120565,-31.3616996446,-6.6967954636,Temperature,Surface,°C,-0.5988047099,19.7990656332,19.8686088016,0.0695431684,4
2011-05-01 05:00:00,Lower,1359,1359,159.0747120565,-31.3616996446,-6.6967954636,Temperature,Surface,°C,-0.5849895226,19.7812390209,19.9136532893,0.1324142684,4
2011-05-01 06:00:00,Lower,1359,1359,159.0747120565,-31.3616996446,-6.6967954636,Temperature,Surface,°C,-0.5293535672,19.7121090475,19.9405637951,0.2284547476,4
2011-05-01 07:00:00,Lower,1359,1359,159.0747120565,-31.3616996446,-6.6967954636,Temperature,Surface,°C,-0.4708797785,19.6555536831,19.9597857188,0.3042320356,4
2011-05-01 08:00:00,Lower,1359,1359,159.0747120565,-31.3616996446,-6.6967954636,Temperature,Surface,°C,-0.4114286418,19.6257250297,19.9619424809,0.3362174512,4
2011-05-01 09:00:00,Lower,1359,1359,159.0747120565,-31.3616996446,-6.6967954636,Temperature,Surface,°C,-0.3709228034,19.6189523047,19.9511573013,0.3322049966,4
2011-05-01 10:00:00,Lower,1359,1359,159.0747120565,-31.3616996446,-6.6967954636,Temperature,Surface,°C,-0.3597194589,19.6239207261,19.9297581248,0.3058373987,4
2011-05-01 11:00:00,Lower,1359,1359,159.0747120565,-31.3616996446,-6.6967954636,Temperature,Surface,°C,-0.3684848370,19.6383762292,19.8971920795,0.2588158503,4
2011-05-01 12:00:00,Lower,1359,1359,159.0747120565,-31.3616996446,-6.6967954636,Temperature,Surface,°C,-0.4145935506,19.6409138077,19.8365134716,0.1955996640,4
2011-05-01 13:00:00,Lower,1359,1359,159.0747120565,-31.3616996446,-6.6967954636,Temperature,Surface,°C,-0.4701785472,19.6370627028,19.7692256325,0.1321629296,4
2011-05-01 14:00:00,Lower,1359,1359,159.0747120565,-31.3616996446,-6.6967954636,Temperature,Surface,°C,-0.5168952911,19.6429730148,19.7221632877,0.0791902729,4
2011-05-01 15:00:00,Lower,1359,1359,159.0747120565,-31.3616996446,-6.6967954636,Temperature,Surface,°C,-0.5556468313,19.6456847021,19.7031846693,0.0574999672,4
2011-05-01 16:00:00,Lower,1359,1359,159.0747120565,-31.3616996446,-6.6967954636,Temperature,Surface,°C,-0.5705003037,19.6335978190,19.7612962405,0.1276984215,4
2011-05-01 17:00:00,Lower,1359,1359,159.0747120565,-31.3616996446,-6.6967954636,Temperature,Surface,°C,-0.5663230558,19.6007866722,19.8550769152,0.2542902430,4
2011-05-01 18:00:00,Lower,1359,1359,159.0747120565,-31.3616996446,-6.6967954636,Temperature,Surface,°C,-0.5193736886,19.5511732789,19.9095064624,0.3583331835,4
2011-05-01 19:00:00,Lower,1359,1359,159.0747120565,-31.3616996446,-6.6967954636,Temperature,Surface,°C,-0.4607930065,19.4920884998,19.9332273379,0.4411388381,4
2011-05-01 20:00:00,Lower,1359,1359,159.0747120565,-31.3616996446,-6.6967954636,Temperature,Surface,°C,-0.4013547519,19.4061572941,19.9257259644,0.5195686703,4
2011-05-01 21:00:00,Lower,1359,1359,159.0747120565,-31.3616996446,-6.6967954636,Temperature,Surface,°C,-0.3510451381,19.3110996671,19.9016608123,0.5905611453,4
2011-05-01 22:00:00,Lower,1359,1359,159.0747120565,-31.3616996446,-6.6967954636,Temperature,Surface,°C,-0.3301858116,19.2279034265,19.8557171225,0.6278136960,4
2011-05-01 23:00:00,Lower,1359,1359,159.0747120565,-31.3616996446,-6.6967954636,Temperature,Surface,°C,-0.3482933292,19.1582365350,19.7507379407,0.5925014057,4
2011-05-02 00:00:00,Lower,1359,1359,159.0747120565,-31.3616996446,-6.6967954636,Temperature,Surface,°C,-0.3943929534,19.1433528807,19.5960621039,0.4527092232,4
2011-05-02 01:00:00,Lower,1359,1359,159.0747120565,-31.3616996446,-6.6967954636,Temperature,Surface,°C,-0.4596078405,19.1281897947,19.4338365581,0.3056467633,4
2011-05-02 02:00:00,Lower,1359,1359,159.0747120565,-31.3616996446,-6.6967954636,Temperature,Surface,°C,-0.5161568912,19.0827462271,19.3033158316,0.2205696045,4
2011-05-02 03:00:00,Lower,1359,1359,159.0747120565,-31.3616996446,-6.6967954636,Temperature,Surface,°C,-0.5642566870,19.0033044107,19.2136399179,0.2103355073,4
2011-05-02 04:00:00,Lower,1359,1359,159.0747120565,-31.3616996446,-6.6967954636,Temperature,Surface,°C,-0.5953453375,18.9239570962,19.2010970243,0.2771399282,4
2011-05-02 05:00:00,Lower,1359,1359,159.0747120565,-31.3616996446,-6.6967954636,Temperature,Surface,°C,-0.6030843978,18.8567661244,19.4693632703,0.6125971459,4
2011-05-02 06:00:00,Lower,1359,1359,159.0747120565,-31.3616996446,-6.6967954636,Temperature,Surface,°C,-0.5780517791,18.7905570437,19.7225050936,0.9319480498,4
2011-05-02 07:00:00,Lower,1359,1359,159.0747120565,-31.3616996446,-6.6967954636,Temperature,Surface,°C,-0.5201636426,18.7165468185,19.8643085062,1.1477616877,4
2011-05-02 08:00:00,Lower,1359,1359,159.0747120565,-31.3616996446,-6.6967954636,Temperature,Surface,°C,-0.4515799815,18.6668565223,19.9218404147,1.2549838924,4
2011-05-02 09:00:00,Lower,1359,1359,159.0747120565,-31.3616996446,-6.6967954636,Temperature,Surface,°C,-0.3915055681,18.6203920790,19.9182732115,1.2978811326,4
2011-05-02 10:00:00,Lower,1359,1359,159.0747120565,-31.3616996446,-6.6967954636,Temperature,Surface,°C,-0.3509883832,18.6120347301,19.8797864895,1.2677517594,4
2011-05-02 11:00:00,Lower,1359,1359,159.0747120565,-31.3616996446,-6.6967954636,Temperature,Surface,°C,-0.3398683592,18.6399885218,19.8101924791,1.1702039574,4
2011-05-02 12:00:00,Lower,1359,1359,159.0747120565,-31.3616996446,-6.6967954636,Temperature,Surface,°C,-0.3581197693,18.7089626970,19.6786203657,0.9696576687,4
2011-05-02 13:00:00,Lower,1359,1359,159.0747120565,-31.3616996446,-6.6967954636,Temperature,Surface,°C,-0.4044002428,18.8015610203,19.4812189927,0.6796579724,4
2011-05-02 14:00:00,Lower,1359,1359,159.0747120565,-31.3616996446,-6.6967954636,Temperature,Surface,°C,-0.4604990714,18.8068457541,19.2544733347,0.4476275806,4
2011-05-02 15:00:00,Lower,1359,1359,159.0747120565,-31.3616996446,-6.6967954636,Temperature,Surface,°C,-0.5074133113,18.6887708390,19.0719633804,0.3831925414,4
2011-05-02 16:00:00,Lower,1359,1359,159.0747120565,-31.3616996446,-6.6967954636,Temperature,Surface,°C,-0.5371468967,18.5597750671,19.0361165146,0.4763414474,4
2011-05-02 17:00:00,Lower,1359,1359,159.0747120565,-31.3616996446,-6.6967954636,Temperature,Surface,°C,-0.5604836619,18.4544410647,19.1928177586,0.7383766939,4
2011-05-02 18:00:00,Lower,1359,1359,159.0747120565,-31.3616996446,-6.6967954636,Temperature,Surface,°C,-0.5469277813,18.3739131472,19.5523654377,1.1784522904,4
2011-05-02 19:00:00,Lower,1359,1359,159.0747120565,-31.3616996446,-6.6967954636,Temperature,Surface,°C,-0.4995210697,18.3066997632,19.7823757683,1.4756760052,4
2011-05-02 20:00:00,Lower,1359,1359,159.0747120565,-31.3616996446,-6.6967954636,Temperature,Surface,°C,-0.4410256303,18.2477884385,19.8552808180,1.6074923795,4
2011-05-02 21:00:00,Lower,1359,1359,159.0747120565,-31.3616996446,-6.6967954636,Temperature,Surface,°C,-0.3811947546,18.1890176342,19.8537457410,1.6647281068,4
2011-05-02 22:00:00,Lower,1359,1359,159.0747120565,-31.3616996446,-6.6967954636,Temperature,Surface,°C,-0.3409186335,18.1408998970,19.8073304850,1.6664305881,4
2011-05-02 23:00:00,Lower,1359,1359,159.0747120565,-31.3616996446,-6.6967954636,Temperature,Surface,°C,-0.3296736087,18.0777098156,19.6994580370,1.6217482214,4
2011-05-03 00:00:00,Lower,1359,1359,159.0747120565,-31.3616996446,-6.6967954636,Temperature,Surface,°C,-0.3574457068,18.0581727375,19.4549269607,1.3967542232,4
2011-05-03 01:00:00,Lower,1359,1359,159.0747120565,-31.3616996446,-6.6967954636,Temperature,Surface,°C,-0.4036159937,18.0809296450,19.1449758292,1.0640461842,4
2011-05-03 02:00:00,Lower,1359,1359,159.0747120565,-31.3616996446,-6.6967954636,Temperature,Surface,°C,-0.4692299332,18.0288606305,18.7928916333,0.7640310028,4
2011-05-03 03:00:00,Lower,1359,1359,159.0747120565,-31.3616996446,-6.6967954636,Temperature,Surface,°C,-0.5258557592,17.8777713726,18.5103412968,0.6325699242,4
2011-05-03 04:00:00,Lower,1359,1359,159.0747120565,-31.3616996446,-6.6967954636,Temperature,Surface,°C,-0.5742584514,17.6967104241,18.3399563506,0.6432459265,4
2011-05-03 05:00:00,Lower,1359,1359,159.0747120565,-31.3616996446,-6.6967954636,Temperature,Surface,°C,-0.6141614180,17.5453101022,18.2701866749,0.7248765726,4
2011-05-03 06:00:00,Lower,1359,1359,159.0747120565,-31.3616996446,-6.6967954636,Temperature,Surface,°C,-0.6131842217,17.4968717323,18.9397037511,1.4428320188,4
2011-05-03 07:00:00,Lower,1359,1359,159.0747120565,-31.3616996446,-6.6967954636,Temperature,Surface,°C,-0.5785940029,17.4739099254,19.5559421150,2.0820321896,4
2011-05-03 08:00:00,Lower,1359,1359,159.0747120565,-31.3616996446,-6.6967954636,Temperature,Surface,°C,-0.5203609061,17.4701872407,19.8154302786,2.3452430379,4
2011-05-03 09:00:00,Lower,1359,1359,159.0747120565,-31.3616996446,-6.6967954636,Temperature,Surface,°C,-0.4417334718,17.5582227994,19.9230196900,2.3647968907,4
2011-05-03 10:00:00,Lower,1359,1359,159.0747120565,-31.3616996446,-6.6967954636,Temperature,Surface,°C,-0.3813514345,17.6414432494,19.9324712088,2.2910279594,4
2011-05-03 11:00:00,Lower,1359,1359,159.0747120565,-31.3616996446,-6.6967954636,Temperature,Surface,°C,-0.3411732054,17.7762156266,19.8870616649,2.1108460383,4
2011-05-03 12:00:00,Lower,1359,1359,159.0747120565,-31.3616996446,-6.6967954636,Temperature,Surface,°C,-0.3397295792,17.9127195680,19.7680317164,1.8553121483,4
2011-05-03 13:00:00,Lower,1359,1359,159.0747120565,-31.3616996446,-6.6967954636,Temperature,Surface,°C,-0.3673837542,18.0461310424,19.5145085560,1.4683775136,4
2011-05-03 14:00:00,Lower,1359,1359,159.0747120565,-31.3616996446,-6.6967954636,Temperature,Surface,°C,-0.4138325827,18.1410145374,19.1941631951,1.0531486577,4
2011-05-03 15:00:00,Lower,1359,1359,159.0747120565,-31.3616996446,-6.6967954636,Temperature,Surface,°C,-0.4699787053,18.0715060962,18.8059045295,0.7343984333,4
2011-05-03 16:00:00,Lower,1359,1359,159.0747120565,-31.3616996446,-6.6967954636,Temperature,Surface,°C,-0.5171058377,17.9514461783,18.4908303690,0.5393841906,4
2011-05-03 17:00:00,Lower,1359,1359,159.0747120565,-31.3616996446,-6.6967954636,Temperature,Surface,°C,-0.5560143143,17.8254628278,18.3368266128,0.5113637849,4
2011-05-03 18:00:00,Lower,1359,1359,159.0747120565,-31.3616996446,-6.6967954636,Temperature,Surface,°C,-0.5618160205,17.7369402157,18.7881885288,1.0512483131,4
2011-05-03 19:00:00,Lower,1359,1359,159.0747120565,-31.3616996446,-6.6967954636,Temperature,Surface,°C,-0.5474655163,17.6751713679,19.3980205181,1.7228491502,4
2011-05-03 20:00:00,Lower,1359,1359,159.0747120565,-31.3616996446,-6.6967954636,Temperature,Surface,°C,-0.4997265792,17.6368032292,19.6985375349,2.0617343057,4
2011-05-03 21:00:00,Lower,1359,1359,159.0747120565,-31.3616996446,-6.6967954636,Temperature,Surface,°C,-0.4312605240,17.6018968006,19.8373585078,2.2354617072,4
2011-05-03 22:00:00,Lower,1359,1359,159.0747120565,-31.3616996446,-6.6967954636,Temperature,Surface,°C,-0.3715016702,17.6172070353,19.8290201869,2.2118131516,4
2011-05-03 23:00:00,Lower,1359,1359,159.0747120565,-31.3616996446,-6.6967954636,Temperature,Surface,°C,-0.3309468543,17.6007986779,19.7504386406,2.1496399628,4
2011-05-04 00:00:00,Lower,1359,1359,159.0747120565,-31.3616996446,-6.6967954636,Temperature,Surface,°C,-0.3295012162,17.6012387150,19.5585251214,1.9572864064,4
2011-05-04 01:00:00,Lower,1359,1359,159.0747120565,-31.3616996446,-6.6967954636,Temperature,Surface,°C,-0.3572829433,17.6256216824,19.1813530464,1.5557313641,4
2011-05-04 02:00:00,Lower,1359,1359,159.0747120565,-31.3616996446,-6.6967954636,Temperature,Surface,°C,-0.4130296941,17.6932689223,18.6807704731,0.9875015508,4
2011-05-04 03:00:00,Lower,1359,1359,159.0747120565,-31.3616996446,-6.6967954636,Temperature,Surface,°C,-0.4884565222,17.6051924639,18.0924816034,0.4872891395,4
2011-05-04 04:00:00,Lower,1359,1359,159.0747120565,-31.3616996446,-6.6967954636,Temperature,Surface,°C,-0.5459118842,17.4115197518,17.7367754158,0.3252556640,4
2011-05-04 05:00:00,Lower,1359,1359,159.0747120565,-31.3616996446,-6.6967954636,Temperature,Surface,°C,-0.5940119307,17.2244147764,17.5055927529,0.2811779765,4
2011-05-04 06:00:00,Lower,1359,1359,159.0747120565,-31.3616996446,-6.6967954636,Temperature,Surface,°C,-0.6248818665,17.0915240752,17.5225188088,0.4309947336,4
2011-05-04 07:00:00,Lower,1359,1359,159.0747120565,-31.3616996446,-6.6967954636,Temperature,Surface,°C,-0.6240872976,17.0434739837,18.6032420879,1.5597681042,4
2011-05-04 08:00:00,Lower,1359,1359,159.0747120565,-31.3616996446,-6.6967954636,Temperature,Surface,°C,-0.5790845993,17.0575906201,19.4467686721,2.3891780520,4
2011-05-04 09:00:00,Lower,1359,1359,159.0747120565,-31.3616996446,-6.6967954636,Temperature,Surface,°C,-0.5010910239,17.1338412778,19.8397211547,2.7058798769,4
2011-05-04 10:00:00,Lower,1359,1359,159.0747120565,-31.3616996446,-6.6967954636,Temperature,Surface,°C,-0.4216063269,17.2430713520,19.9275165484,2.6844451965,4
2011-05-04 11:00:00,Lower,1359,1359,159.0747120565,-31.3616996446,-6.6967954636,Temperature,Surface,°C,-0.3611951028,17.3205211764,19.9089214534,2.5884002770,4
2011-05-04 12:00:00,Lower,1359,1359,159.0747120565,-31.3616996446,-6.6967954636,Temperature,Surface,°C,-0.3307071112,17.3315114061,19.8023757344,2.4708643283,4
2011-05-04 13:00:00,Lower,1359,1359,159.0747120565,-31.3616996446,-6.6967954636,Temperature,Surface,°C,-0.3298429962,17.3446779922,19.5906840294,2.2460060372,4
2011-05-04 14:00:00,Lower,1359,1359,159.0747120565,-31.3616996446,-6.6967954636,Temperature,Surface,°C,-0.3670668761,17.4785442726,19.1415298099,1.6629855373,4
2011-05-04 15:00:00,Lower,1359,1359,159.0747120565,-31.3616996446,-6.6967954636,Temperature,Surface,°C,-0.4231242782,17.6958609123,18.5431872119,0.8473262997,4
2011-05-04 16:00:00,Lower,1359,1359,159.0747120565,-31.3616996446,-6.6967954636,Temperature,Surface,°C,-0.4793682628,17.5801826083,17.9722642455,0.3920816372,4
2011-05-04 17:00:00,Lower,1359,1359,159.0747120565,-31.3616996446,-6.6967954636,Temperature,Surface,°C,-0.5268454895,17.3737701307,17.5934483041,0.2196781734,4
2011-05-04 18:00:00,Lower,1359,1359,159.0747120565,-31.3616996446,-6.6967954636,Temperature,Surface,°C,-0.5658277671,17.2032114439,17.3925954040,0.1893839601,4
2011-05-04 19:00:00,Lower,1359,1359,159.0747120565,-31.3616996446,-6.6967954636,Temperature,Surface,°C,-0.5802470008,17.0851709314,17.9000045399,0.8148336085,4
2011-05-04 20:00:00,Lower,1359,1359,159.0747120565,-31.3616996446,-6.6967954636,Temperature,Surface,°C,-0.5577519499,17.0455511785,19.0534016803,2.0078505018,4
2011-05-04 21:00:00,Lower,1359,1359,159.0747120565,-31.3616996446,-6.6967954636,Temperature,Surface,°C,-0.5002271831,17.0145852715,19.6102184066,2.5956331351,4
2011-05-04 22:00:00,Lower,1359,1359,159.0747120565,-31.3616996446,-6.6967954636,Temperature,Surface,°C,-0.4411742854,16.9845134174,19.7620426950,2.7775292776,4
2011-05-04 23:00:00,Lower,1359,1359,159.0747120565,-31.3616996446,-6.6967954636,Temperature,Surface,°C,-0.3813495383,17.0118473414,19.7478329805,2.7359856391,4
2011-05-05 00:00:00,Lower,1359,1359,159.0747120565,-31.3616996446,-6.6967954636,Temperature,Surface,°C,-0.3506207504,16.9618554591,19.6173549533,2.6554994942,4
2011-05-05 01:00:00,Lower,1359,1359,159.0747120565,-31.3616996446,-6.6967954636,Temperature,Surface,°C,-0.3494544713,16.9821124012,19.3293171724,2.3472047712,4
2011-05-05 02:00:00,Lower,1359,1359,159.0747120565,-31.3616996446,-6.6967954636,Temperature,Surface,°C,-0.3865720090,17.0116612705,18.7276127159,1.7159514454,4
2011-05-05 03:00:00,Lower,1359,1359,159.0747120565,-31.3616996446,-6.6967954636,Temperature,Surface,°C,-0.4426864801,17.0557429280,17.9781846107,0.9224416828,4
2011-05-05 04:00:00,Lower,1359,1359,159.0747120565,-31.3616996446,-6.6967954636,Temperature,Surface,°C,-0.5183772181,16.8994733186,17.1162215272,0.2167482085,4
2011-05-05 05:00:00,Lower,1359,1359,159.0747120565,-31.3616996446,-6.6967954636,Temperature,Surface,°C,-0.5757493468,16.6417466614,16.5991802600,-0.0425664015,4
2011-05-05 06:00:00,Lower,1359,1359,159.0747120565,-31.3616996446,-6.6967954636,Temperature,Surface,°C,-0.6238874607,16.4736085850,16.2691620043,-0.2044465807,4
2011-05-05 07:00:00,Lower,1359,1359,159.0747120565,-31.3616996446,-6.6967954636,Temperature,Surface,°C,-0.6374566439,16.3502426314,16.7578863000,0.4076436687,4
2011-05-05 08:00:00,Lower,1359,1359,159.0747120565,-31.3616996446,-6.6967954636,Temperature,Surface,°C,-0.6263275480,16.3382840736,18.5210797986,2.1827957250,4
2011-05-05 09:00:00,Lower,1359,1359,159.0747120565,-31.3616996446,-6.6967954636,Temperature,Surface,°C,-0.5795879173,16.4009674050,19.3781504765,2.9771830715,4
2011-05-05 10:00:00,Lower,1359,1359,159.0747120565,-31.3616996446,-6.6967954636,Temperature,Surface,°C,-0.5011379750,16.5306845070,19.8319187084,3.3012342014,4
2011-05-05 11:00:00,Lower,1359,1359,159.0747120565,-31.3616996446,-6.6967954636,Temperature,Surface,°C,-0.4217284591,16.7002316878,19.9216017638,3.2213700760,4
2011-05-05 12:00:00,Lower,1359,1359,159.0747120565,-31.3616996446,-6.6967954636,Temperature,Surface,°C,-0.3614637794,16.8684921194,19.8960924535,3.0276003341,4
2011-05-05 13:00:00,Lower,1359,1359,159.0747120565,-31.3616996446,-6.6967954636,Temperature,Surface,°C,-0.3309487161,17.0307792601,19.7607685601,2.7299893000,4
2011-05-05 14:00:00,Lower,1359,1359,159.0747120565,-31.3616996446,-6.6967954636,Temperature,Surface,°C,-0.3299398503,17.1908536921,19.4809282963,2.2900746042,4
2011-05-05 15:00:00,Lower,1359,1359,159.0747120565,-31.3616996446,-6.6967954636,Temperature,Surface,°C,-0.3767561669,17.3390396151,18.7769399333,1.4379003182,4
2011-05-05 16:00:00,Lower,1359,1359,159.0747120565,-31.3616996446,-6.6967954636,Temperature,Surface,°C,-0.4424455284,17.3647249318,17.8189794897,0.4542545579,4
2011-05-05 17:00:00,Lower,1359,1359,159.0747120565,-31.3616996446,-6.6967954636,Temperature,Surface,°C,-0.4992102709,17.1673222112,17.0311393908,-0.1361828205,4
2011-05-05 18:00:00,Lower,1359,1359,159.0747120565,-31.3616996446,-6.6967954636,Temperature,Surface,°C,-0.5468421696,16.9396995526,16.5378894671,-0.4018100856,4
2011-05-05 19:00:00,Lower,1359,1359,159.0747120565,-31.3616996446,-6.6967954636,Temperature,Surface,°C,-0.5764564158,16.7981538500,16.3971111127,-0.4010427373,4
2011-05-05 20:00:00,Lower,1359,1359,159.0747120565,-31.3616996446,-6.6967954636,Temperature,Surface,°C,-0.5741549860,16.7484829063,17.8336876834,1.0852047770,4
2011-05-05 21:00:00,Lower,1359,1359,159.0747120565,-31.3616996446,-6.6967954636,Temperature,Surface,°C,-0.5388659924,16.7261260982,19.0621638697,2.3360377715,4
2011-05-05 22:00:00,Lower,1359,1359,159.0747120565,-31.3616996446,-6.6967954636,Temperature,Surface,°C,-0.4708918206,16.7242780652,19.6108021116,2.8865240464,4
2011-05-05 23:00:00,Lower,1359,1359,159.0747120565,-31.3616996446,-6.6967954636,Temperature,Surface,°C,-0.4112539820,16.6770552825,19.7350541245,3.0579988420,4
2011-05-06 00:00:00,Lower,1359,1359,159.0747120565,-31.3616996446,-6.6967954636,Temperature,Surface,°C,-0.3516418812,16.7259183389,19.6655271401,2.9396088012,4
2011-05-06 01:00:00,Lower,1359,1359,159.0747120565,-31.3616996446,-6.6967954636,Temperature,Surface,°C,-0.3206922465,16.6232403259,19.5072813139,2.8840409880,4
2011-05-06 02:00:00,Lower,1359,1359,159.0747120565,-31.3616996446,-6.6967954636,Temperature,Surface,°C,-0.3293086902,16.6804814753,19.0530210713,2.3725395960,4
2011-05-06 03:00:00,Lower,1359,1359,159.0747120565,-31.3616996446,-6.6967954636,Temperature,Surface,°C,-0.3851494413,16.7506118680,18.0108945011,1.2602826331,4
2011-05-06 04:00:00,Lower,1359,1359,159.0747120565,-31.3616996446,-6.6967954636,Temperature,Surface,°C,-0.4511883124,16.7579303566,16.8882133275,0.1302829709,4
2011-05-06 05:00:00,Lower,1359,1359,159.0747120565,-31.3616996446,-6.6967954636,Temperature,Surface,°C,-0.5386012852,16.5017686374,15.8996554510,-0.6021131864,4
2011-05-06 06:00:00,Lower,1359,1359,159.0747120565,-31.3616996446,-6.6967954636,Temperature,Surface,°C,-0.6063197257,16.1896580267,15.2056186796,-0.9840393471,4
2011-05-06 07:00:00,Lower,1359,1359,159.0747120565,-31.3616996446,-6.6967954636,Temperature,Surface,°C,-0.6434895982,16.0209096432,14.8594948391,-1.1614148041,4
2011-05-06 08:00:00,Lower,1359,1359,159.0747120565,-31.3616996446,-6.6967954636,Temperature,Surface,°C,-0.6585361500,15.9317277741,15.9279430038,-0.0037847703,4
2011-05-06 09:00:00,Lower,1359,1359,159.0747120565,-31.3616996446,-6.6967954636,Temperature,Surface,°C,-0.6276371236,16.0149466567,18.3478912048,2.3329445481,4
2011-05-06 10:00:00,Lower,1359,1359,159.0747120565,-31.3616996446,-6.6967954636,Temperature,Surface,°C,-0.5507815363,16.1746846685,19.5448648249,3.3701801564,4
2011-05-06 11:00:00,Lower,1359,1359,159.0747120565,-31.3616996446,-6.6967954636,Temperature,Surface,°C,-0.4715240080,16.3969075457,19.8980261867,3.5011186410,4
2011-05-06 12:00:00,Lower,1359,1359,159.0747120565,-31.3616996446,-6.6967954636,Temperature,Surface,°C,-0.3817088800,16.6566987880,19.9196561368,3.2629573488,4
2011-05-06 13:00:00,Lower,1359,1359,159.0747120565,-31.3616996446,-6.6967954636,Temperature,Surface,°C,-0.3212869563,16.7092520257,19.8792539378,3.1700019120,4
2011-05-06 14:00:00,Lower,1359,1359,159.0747120565,-31.3616996446,-6.6967954636,Temperature,Surface,°C,-0.3009318433,16.9788864199,19.6459853575,2.6670989375,4
2011-05-06 15:00:00,Lower,1359,1359,159.0747120565,-31.3616996446,-6.6967954636,Temperature,Surface,°C,-0.3191876277,17.0556726985,19.0724966704,2.0168239720,4
2011-05-06 16:00:00,Lower,1359,1359,159.0747120565,-31.3616996446,-6.6967954636,Temperature,Surface,°C,-0.3751490069,17.2211590721,17.9519980654,0.7308389932,4
2011-05-06 17:00:00,Lower,1359,1359,159.0747120565,-31.3616996446,-6.6967954636,Temperature,Surface,°C,-0.4414300722,17.1634792510,16.6864432372,-0.4770360137,4
2011-05-06 18:00:00,Lower,1359,1359,159.0747120565,-31.3616996446,-6.6967954636,Temperature,Surface,°C,-0.4986098138,16.8900460577,15.7483045550,-1.1417415027,4
2011-05-06 19:00:00,Lower,1359,1359,159.0747120565,-31.3616996446,-6.6967954636,Temperature,Surface,°C,-0.5561633863,16.6477490465,15.0596430858,-1.5881059607,4
2011-05-06 20:00:00,Lower,1359,1359,159.0747120565,-31.3616996446,-6.6967954636,Temperature,Surface,°C,-0.5856174861,16.4887796757,14.7974864004,-1.6912932753,4
2011-05-06 21:00:00,Lower,1359,1359,159.0747120565,-31.3616996446,-6.6967954636,Temperature,Surface,°C,-0.5749191620,16.4485574020,17.2349242660,0.7863668639,4
2011-05-06 22:00:00,Lower,1359,1359,159.0747120565,-31.3616996446,-6.6967954636,Temperature,Surface,°C,-0.5199720153,16.4390316715,19.0379297363,2.5988980647,4
2011-05-06 23:00:00,Lower,1359,1359,159.0747120565,-31.3616996446,-6.6967954636,Temperature,Surface,°C,-0.4511678957,16.4270814814,19.5858021744,3.1587206930,4
2011-05-07 00:00:00,Lower,1359,1359,159.0747120565,-31.3616996446,-6.6967954636,Temperature,Surface,°C,-0.3719360263,16.4907767877,19.7195673595,3.2287905718,4
2011-05-01 01:00:00,Lower,1359,1359,159.0747120565,-31.3616996446,-6.6967954636,Vx,Mid-depth,m s$^{-1}$,-3.3552896816,0.0797269032,-0.0334671316,-0.1131940349,4
2011-05-01 02:00:00,Lower,1359,1359,159.0747120565,-31.3616996446,-6.6967954636,Vx,Mid-depth,m s$^{-1}$,-3.3827965508,0.1036824301,-0.0395113198,-0.1431937500,4
2011-05-01 03:00:00,Lower,1359,1359,159.0747120565,-31.3616996446,-6.6967954636,Vx,Mid-depth,m s$^{-1}$,-3.3973791669,0.0988055451,-0.0204468225,-0.1192523676,4
2011-05-01 04:00:00,Lower,1359,1359,159.0747120565,-31.3616996446,-6.6967954636,Vx,Mid-depth,m s$^{-1}$,-3.3978000867,0.0733545890,0.0183059749,-0.0550486141,4
2011-05-01 05:00:00,Lower,1359,1359,159.0747120565,-31.3616996446,-6.6967954636,Vx,Mid-depth,m s$^{-1}$,-3.3908924931,0.0967288957,0.0403668737,-0.0563620220,4
2011-05-01 06:00:00,Lower,1359,1359,159.0747120565,-31.3616996446,-6.6967954636,Vx,Mid-depth,m s$^{-1}$,-3.3630745154,0.0909334545,0.0546632863,-0.0362701682,4
2011-05-01 07:00:00,Lower,1359,1359,159.0747120565,-31.3616996446,-6.6967954636,Vx,Mid-depth,m s$^{-1}$,-3.3338376210,0.0863844589,0.0600564799,-0.0263279789,4
2011-05-01 08:00:00,Lower,1359,1359,159.0747120565,-31.3616996446,-6.6967954636,Vx,Mid-depth,m s$^{-1}$,-3.3041120527,0.0813160449,0.0482091377,-0.0331069072,4
2011-05-01 09:00:00,Lower,1359,1359,159.0747120565,-31.3616996446,-6.6967954636,Vx,Mid-depth,m s$^{-1}$,-3.2838591335,0.0656047787,0.0358346763,-0.0297701024,4
2011-05-01 10:00:00,Lower,1359,1359,159.0747120565,-31.3616996446,-6.6967954636,Vx,Mid-depth,m s$^{-1}$,-3.2782574612,0.0537368283,0.0194942814,-0.0342425470,4
2011-05-01 11:00:00,Lower,1359,1359,159.0747120565,-31.3616996446,-6.6967954636,Vx,Mid-depth,m s$^{-1}$,-3.2826401503,0.0468396688,0.0094675333,-0.0373721355,4
2011-05-01 12:00:00,Lower,1359,1359,159.0747120565,-31.3616996446,-6.6967954636,Vx,Mid-depth,m s$^{-1}$,-3.3056945071,0.0247715348,-0.0096318978,-0.0344034326,4
2011-05-01 13:00:00,Lower,1359,1359,159.0747120565,-31.3616996446,-6.6967954636,Vx,Mid-depth,m s$^{-1}$,-3.3334870054,0.0329737420,-0.0124212419,-0.0453949839,4
2011-05-01 14:00:00,Lower,1359,1359,159.0747120565,-31.3616996446,-6.6967954636,Vx,Mid-depth,m s$^{-1}$,-3.3568453773,0.0367023114,-0.0100532440,-0.0467555553,4
2011-05-01 15:00:00,Lower,1359,1359,159.0747120565,-31.3616996446,-6.6967954636,Vx,Mid-depth,m s$^{-1}$,-3.3762211474,0.0404413996,0.0001111155,-0.0403302840,4
2011-05-01 16:00:00,Lower,1359,1359,159.0747120565,-31.3616996446,-6.6967954636,Vx,Mid-depth,m s$^{-1}$,-3.3836478836,0.0539202289,0.0250229879,-0.0288972410,4
2011-05-01 17:00:00,Lower,1359,1359,159.0747120565,-31.3616996446,-6.6967954636,Vx,Mid-depth,m s$^{-1}$,-3.3815592597,0.0534841169,0.0348188748,-0.0186652422,4
2011-05-01 18:00:00,Lower,1359,1359,159.0747120565,-31.3616996446,-6.6967954636,Vx,Mid-depth,m s$^{-1}$,-3.3580845761,0.0736664213,0.0544428057,-0.0192236157,4
2011-05-01 19:00:00,Lower,1359,1359,159.0747120565,-31.3616996446,-6.6967954636,Vx,Mid-depth,m s$^{-1}$,-3.3287942350,0.0651268621,0.0528091365,-0.0123177256,4
2011-05-01 20:00:00,Lower,1359,1359,159.0747120565,-31.3616996446,-6.6967954636,Vx,Mid-depth,m s$^{-1}$,-3.2990751077,0.0654181808,0.0428253723,-0.0225928085,4
2011-05-01 21:00:00,Lower,1359,1359,159.0747120565,-31.3616996446,-6.6967954636,Vx,Mid-depth,m s$^{-1}$,-3.2739203008,0.0572100613,0.0403251672,-0.0168848941,4
2011-05-01 22:00:00,Lower,1359,1359,159.0747120565,-31.3616996446,-6.6967954636,Vx,Mid-depth,m s$^{-1}$,-3.2634906376,0.0430870193,0.0252283520,-0.0178586674,4
2011-05-01 23:00:00,Lower,1359,1359,159.0747120565,-31.3616996446,-6.6967954636,Vx,Mid-depth,m s$^{-1}$,-3.2725443964,0.0294436054,0.0027630096,-0.0266805957,4
2011-05-02 00:00:00,Lower,1359,1359,159.0747120565,-31.3616996446,-6.6967954636,Vx,Mid-depth,m s$^{-1}$,-3.2955942085,0.0201777791,-0.0090247105,-0.0292024896,4
2011-05-02 01:00:00,Lower,1359,1359,159.0747120565,-31.3616996446,-6.6967954636,Vx,Mid-depth,m s$^{-1}$,-3.3282016520,0.0143639308,-0.0173913996,-0.0317553304,4
2011-05-02 02:00:00,Lower,1359,1359,159.0747120565,-31.3616996446,-6.6967954636,Vx,Mid-depth,m s$^{-1}$,-3.3564761774,0.0294725618,-0.0170216949,-0.0464942567,4
2011-05-02 03:00:00,Lower,1359,1359,159.0747120565,-31.3616996446,-6.6967954636,Vx,Mid-depth,m s$^{-1}$,-3.3805260753,0.0321752973,-0.0071931947,-0.0393684920,4
2011-05-02 04:00:00,Lower,1359,1359,159.0747120565,-31.3616996446,-6.6967954636,Vx,Mid-depth,m s$^{-1}$,-3.3960704005,0.0445054216,0.0070669651,-0.0374384565,4
2011-05-02 05:00:00,Lower,1359,1359,159.0747120565,-31.3616996446,-6.6967954636,Vx,Mid-depth,m s$^{-1}$,-3.3999399307,0.0525006592,0.0333879669,-0.0191126923,4
2011-05-02 06:00:00,Lower,1359,1359,159.0747120565,-31.3616996446,-6.6967954636,Vx,Mid-depth,m s$^{-1}$,-3.3874236213,0.0601553685,0.0429289199,-0.0172264486,4
2011-05-02 07:00:00,Lower,1359,1359,159.0747120565,-31.3616996446,-6.6967954636,Vx,Mid-depth,m s$^{-1}$,-3.3584795531,0.0706413739,0.0588136093,-0.0118277646,4
2011-05-02 08:00:00,Lower,1359,1359,159.0747120565,-31.3616996446,-6.6967954636,Vx,Mid-depth,m s$^{-1}$,-3.3241877225,0.0660788292,0.0564050948,-0.0096737344,4
2011-05-02 09:00:00,Lower,1359,1359,159.0747120565,-31.3616996446,-6.6967954636,Vx,Mid-depth,m s$^{-1}$,-3.2941505158,0.0580563272,0.0382587993,-0.0197975279,4
2011-05-02 10:00:00,Lower,1359,1359,159.0747120565,-31.3616996446,-6.6967954636,Vx,Mid-depth,m s$^{-1}$,-3.2738919234,0.0495455227,0.0330310045,-0.0165145181,4
2011-05-02 11:00:00,Lower,1359,1359,159.0747120565,-31.3616996446,-6.6967954636,Vx,Mid-depth,m s$^{-1}$,-3.2683319114,0.0372539624,0.0181482072,-0.0191057552,4
2011-05-02 12:00:00,Lower,1359,1359,159.0747120565,-31.3616996446,-6.6967954636,Vx,Mid-depth,m s$^{-1}$,-3.2774576164,0.0286524115,0.0039769972,-0.0246754143,4
2011-05-02 13:00:00,Lower,1359,1359,159.0747120565,-31.3616996446,-6.6967954636,Vx,Mid-depth,m s$^{-1}$,-3.3005978532,0.0162887268,-0.0094977264,-0.0257864532,4
2011-05-02 14:00:00,Lower,1359,1359,159.0747120565,-31.3616996446,-6.6967954636,Vx,Mid-depth,m s$^{-1}$,-3.3286472675,0.0180526809,-0.0127311331,-0.0307838140,4
2011-05-02 15:00:00,Lower,1359,1359,159.0747120565,-31.3616996446,-6.6967954636,Vx,Mid-depth,m s$^{-1}$,-3.3521043874,0.0284052268,-0.0070088374,-0.0354140642,4
2011-05-02 16:00:00,Lower,1359,1359,159.0747120565,-31.3616996446,-6.6967954636,Vx,Mid-depth,m s$^{-1}$,-3.3669711801,0.0392698015,0.0052599248,-0.0340098768,4
2011-05-02 17:00:00,Lower,1359,1359,159.0747120565,-31.3616996446,-6.6967954636,Vx,Mid-depth,m s$^{-1}$,-3.3786395627,0.0386809286,0.0174529312,-0.0212279974,4
2011-05-02 18:00:00,Lower,1359,1359,159.0747120565,-31.3616996446,-6.6967954636,Vx,Mid-depth,m s$^{-1}$,-3.3718616224,0.0586524295,0.0401078969,-0.0185445326,4
2011-05-02 19:00:00,Lower,1359,1359,159.0747120565,-31.3616996446,-6.6967954636,Vx,Mid-depth,m s$^{-1}$,-3.3481582666,0.0612258236,0.0521448829,-0.0090809406,4
2011-05-02 20:00:00,Lower,1359,1359,159.0747120565,-31.3616996446,-6.6967954636,Vx,Mid-depth,m s$^{-1}$,-3.3189105469,0.0619747815,0.0486877153,-0.0132870662,4
2011-05-02 21:00:00,Lower,1359,1359,159.0747120565,-31.3616996446,-6.6967954636,Vx,Mid-depth,m s$^{-1}$,-3.2889951091,0.0585855673,0.0427475650,-0.0158380022,4
2011-05-02 22:00:00,Lower,1359,1359,159.0747120565,-31.3616996446,-6.6967954636,Vx,Mid-depth,m s$^{-1}$,-3.2688570486,0.0459751916,0.0355494022,-0.0104257895,4
2011-05-02 23:00:00,Lower,1359,1359,159.0747120565,-31.3616996446,-6.6967954636,Vx,Mid-depth,m s$^{-1}$,-3.2632345361,0.0359062465,0.0191239507,-0.0167822958,4
2011-05-03 00:00:00,Lower,1359,1359,159.0747120565,-31.3616996446,-6.6967954636,Vx,Mid-depth,m s$^{-1}$,-3.2771205852,0.0184706045,-0.0017395986,-0.0202102031,4
2011-05-03 01:00:00,Lower,1359,1359,159.0747120565,-31.3616996446,-6.6967954636,Vx,Mid-depth,m s$^{-1}$,-3.3002057286,0.0179803130,-0.0086316574,-0.0266119705,4
2011-05-03 02:00:00,Lower,1359,1359,159.0747120565,-31.3616996446,-6.6967954636,Vx,Mid-depth,m s$^{-1}$,-3.3330126984,0.0052391314,-0.0173941931,-0.0226333245,4
2011-05-03 03:00:00,Lower,1359,1359,159.0747120565,-31.3616996446,-6.6967954636,Vx,Mid-depth,m s$^{-1}$,-3.3613256114,0.0246624388,-0.0162594356,-0.0409218744,4
2011-05-03 04:00:00,Lower,1359,1359,159.0747120565,-31.3616996446,-6.6967954636,Vx,Mid-depth,m s$^{-1}$,-3.3855269575,0.0276954913,-0.0077509699,-0.0354464612,4
2011-05-03 05:00:00,Lower,1359,1359,159.0747120565,-31.3616996446,-6.6967954636,Vx,Mid-depth,m s$^{-1}$,-3.4054784408,0.0355710214,-0.0006525248,-0.0362235462,4
2011-05-03 06:00:00,Lower,1359,1359,159.0747120565,-31.3616996446,-6.6967954636,Vx,Mid-depth,m s$^{-1}$,-3.4049898426,0.0610562911,0.0394308629,-0.0216254282,4
2011-05-03 07:00:00,Lower,1359,1359,159.0747120565,-31.3616996446,-6.6967954636,Vx,Mid-depth,m s$^{-1}$,-3.3876947332,0.0573486478,0.0475305343,-0.0098181134,4
2011-05-03 08:00:00,Lower,1359,1359,159.0747120565,-31.3616996446,-6.6967954636,Vx,Mid-depth,m s$^{-1}$,-3.3585781848,0.0661843154,0.0572730418,-0.0089112736,4
2011-05-03 09:00:00,Lower,1359,1359,159.0747120565,-31.3616996446,-6.6967954636,Vx,Mid-depth,m s$^{-1}$,-3.3192644677,0.0685492742,0.0615588704,-0.0069904038,4
2011-05-03 10:00:00,Lower,1359,1359,159.0747120565,-31.3616996446,-6.6967954636,Vx,Mid-depth,m s$^{-1}$,-3.2890734490,0.0500737943,0.0382180461,-0.0118557482,4
2011-05-03 11:00:00,Lower,1359,1359,159.0747120565,-31.3616996446,-6.6967954636,Vx,Mid-depth,m s$^{-1}$,-3.2689843345,0.0489341389,0.0325939440,-0.0163401949,4
2011-05-03 12:00:00,Lower,1359,1359,159.0747120565,-31.3616996446,-6.6967954636,Vx,Mid-depth,m s$^{-1}$,-3.2682625214,0.0267548022,0.0115093768,-0.0152454254,4
2011-05-03 13:00:00,Lower,1359,1359,159.0747120565,-31.3616996446,-6.6967954636,Vx,Mid-depth,m s$^{-1}$,-3.2820896089,0.0252114826,-0.0011295162,-0.0263409988,4
2011-05-03 14:00:00,Lower,1359,1359,159.0747120565,-31.3616996446,-6.6967954636,Vx,Mid-depth,m s$^{-1}$,-3.3053140231,0.0149869684,-0.0094342810,-0.0244212494,4
2011-05-03 15:00:00,Lower,1359,1359,159.0747120565,-31.3616996446,-6.6967954636,Vx,Mid-depth,m s$^{-1}$,-3.3333870845,0.0131231109,-0.0131873005,-0.0263104113,4
2011-05-03 16:00:00,Lower,1359,1359,159.0747120565,-31.3616996446,-6.6967954636,Vx,Mid-depth,m s$^{-1}$,-3.3569506506,0.0265092789,-0.0111905608,-0.0376998397,4
2011-05-03 17:00:00,Lower,1359,1359,159.0747120565,-31.3616996446,-6.6967954636,Vx,Mid-depth,m s$^{-1}$,-3.3764048889,0.0296932729,-0.0015874956,-0.0312807686,4
2011-05-03 18:00:00,Lower,1359,1359,159.0747120565,-31.3616996446,-6.6967954636,Vx,Mid-depth,m s$^{-1}$,-3.3793057420,0.0559192928,0.0295723045,-0.0263469884,4
2011-05-03 19:00:00,Lower,1359,1359,159.0747120565,-31.3616996446,-6.6967954636,Vx,Mid-depth,m s$^{-1}$,-3.3721304899,0.0477102507,0.0359073180,-0.0118029328,4
2011-05-03 20:00:00,Lower,1359,1359,159.0747120565,-31.3616996446,-6.6967954636,Vx,Mid-depth,m s$^{-1}$,-3.3482610214,0.0638048459,0.0516508172,-0.0121540287,4
2011-05-03 21:00:00,Lower,1359,1359,159.0747120565,-31.3616996446,-6.6967954636,Vx,Mid-depth,m s$^{-1}$,-3.3140279938,0.0650128785,0.0544458349,-0.0105670436,4
2011-05-03 22:00:00,Lower,1359,1359,159.0747120565,-31.3616996446,-6.6967954636,Vx,Mid-depth,m s$^{-1}$,-3.2841485669,0.0546301769,0.0435989838,-0.0110311930,4
2011-05-03 23:00:00,Lower,1359,1359,159.0747120565,-31.3616996446,-6.6967954636,Vx,Mid-depth,m s$^{-1}$,-3.2638711589,0.0482305748,0.0354491562,-0.0127814186,4
2011-05-04 00:00:00,Lower,1359,1359,159.0747120565,-31.3616996446,-6.6967954636,Vx,Mid-depth,m s$^{-1}$,-3.2631483399,0.0280825903,0.0131284758,-0.0149541145,4
2011-05-04 01:00:00,Lower,1359,1359,159.0747120565,-31.3616996446,-6.6967954636,Vx,Mid-depth,m s$^{-1}$,-3.2770392034,0.0243593617,-0.0009556216,-0.0253149833,4
2011-05-04 02:00:00,Lower,1359,1359,159.0747120565,-31.3616996446,-6.6967954636,Vx,Mid-depth,m s$^{-1}$,-3.3049125788,0.0072913185,-0.0144405209,-0.0217318394,4
2011-05-04 03:00:00,Lower,1359,1359,159.0747120565,-31.3616996446,-6.6967954636,Vx,Mid-depth,m s$^{-1}$,-3.3426259929,0.0029595588,-0.0251431764,-0.0281027352,4
2011-05-04 04:00:00,Lower,1359,1359,159.0747120565,-31.3616996446,-6.6967954636,Vx,Mid-depth,m s$^{-1}$,-3.3713536739,0.0264117298,-0.0159955232,-0.0424072529,4
2011-05-04 05:00:00,Lower,1359,1359,159.0747120565,-31.3616996446,-6.6967954636,Vx,Mid-depth,m s$^{-1}$,-3.3954036971,0.0269433435,-0.0071872363,-0.0341305799,4
2011-05-04 06:00:00,Lower,1359,1359,159.0747120565,-31.3616996446,-6.6967954636,Vx,Mid-depth,m s$^{-1}$,-3.4108386650,0.0436742517,0.0060412054,-0.0376330463,4
2011-05-04 07:00:00,Lower,1359,1359,159.0747120565,-31.3616996446,-6.6967954636,Vx,Mid-depth,m s$^{-1}$,-3.4104413806,0.0562645845,0.0384818734,-0.0177827111,4
2011-05-04 08:00:00,Lower,1359,1359,159.0747120565,-31.3616996446,-6.6967954636,Vx,Mid-depth,m s$^{-1}$,-3.3879400314,0.0628424473,0.0530997538,-0.0097426935,4
2011-05-04 09:00:00,Lower,1359,1359,159.0747120565,-31.3616996446,-6.6967954636,Vx,Mid-depth,m s$^{-1}$,-3.3489432438,0.0711801717,0.0672828308,-0.0038973409,4
2011-05-04 10:00:00,Lower,1359,1359,159.0747120565,-31.3616996446,-6.6967954636,Vx,Mid-depth,m s$^{-1}$,-3.3092008952,0.0601615879,0.0608100796,0.0006484917,4
2011-05-04 11:00:00,Lower,1359,1359,159.0747120565,-31.3616996446,-6.6967954636,Vx,Mid-depth,m s$^{-1}$,-3.2789952832,0.0506728568,0.0428546738,-0.0078181830,4
2011-05-04 12:00:00,Lower,1359,1359,159.0747120565,-31.3616996446,-6.6967954636,Vx,Mid-depth,m s$^{-1}$,-3.2637512874,0.0369695133,0.0255512455,-0.0114182678,4
2011-05-04 13:00:00,Lower,1359,1359,159.0747120565,-31.3616996446,-6.6967954636,Vx,Mid-depth,m s$^{-1}$,-3.2633192299,0.0278694929,0.0122149224,-0.0156545706,4
2011-05-04 14:00:00,Lower,1359,1359,159.0747120565,-31.3616996446,-6.6967954636,Vx,Mid-depth,m s$^{-1}$,-3.2819311698,0.0135835914,-0.0077264365,-0.0213100279,4
2011-05-04 15:00:00,Lower,1359,1359,159.0747120565,-31.3616996446,-6.6967954636,Vx,Mid-depth,m s$^{-1}$,-3.3099598709,0.0124360124,-0.0121874791,-0.0246234915,4
2011-05-04 16:00:00,Lower,1359,1359,159.0747120565,-31.3616996446,-6.6967954636,Vx,Mid-depth,m s$^{-1}$,-3.3380818632,0.0213783178,-0.0137946179,-0.0351729358,4
2011-05-04 17:00:00,Lower,1359,1359,159.0747120565,-31.3616996446,-6.6967954636,Vx,Mid-depth,m s$^{-1}$,-3.3618204765,0.0309558855,-0.0093854016,-0.0403412871,4
2011-05-04 18:00:00,Lower,1359,1359,159.0747120565,-31.3616996446,-6.6967954636,Vx,Mid-depth,m s$^{-1}$,-3.3813116153,0.0380803299,-0.0013071675,-0.0393874973,4
2011-05-04 19:00:00,Lower,1359,1359,159.0747120565,-31.3616996446,-6.6967954636,Vx,Mid-depth,m s$^{-1}$,-3.3885212322,0.0532890429,0.0223722970,-0.0309167459,4
2011-05-04 20:00:00,Lower,1359,1359,159.0747120565,-31.3616996446,-6.6967954636,Vx,Mid-depth,m s$^{-1}$,-3.3772737068,0.0606381668,0.0431046469,-0.0175335200,4
2011-05-04 21:00:00,Lower,1359,1359,159.0747120565,-31.3616996446,-6.6967954636,Vx,Mid-depth,m s$^{-1}$,-3.3485113233,0.0664355246,0.0563170604,-0.0101184642,4
2011-05-04 22:00:00,Lower,1359,1359,159.0747120565,-31.3616996446,-6.6967954636,Vx,Mid-depth,m s$^{-1}$,-3.3189848745,0.0589132722,0.0477173843,-0.0111958879,4
2011-05-04 23:00:00,Lower,1359,1359,159.0747120565,-31.3616996446,-6.6967954636,Vx,Mid-depth,m s$^{-1}$,-3.2890725009,0.0589204863,0.0408220838,-0.0180984026,4
2011-05-05 00:00:00,Lower,1359,1359,159.0747120565,-31.3616996446,-6.6967954636,Vx,Mid-depth,m s$^{-1}$,-3.2737081070,0.0393855562,0.0282344098,-0.0111511464,4
2011-05-05 01:00:00,Lower,1359,1359,159.0747120565,-31.3616996446,-6.6967954636,Vx,Mid-depth,m s$^{-1}$,-3.2731249674,0.0338900827,0.0130044178,-0.0208856648,4
2011-05-05 02:00:00,Lower,1359,1359,159.0747120565,-31.3616996446,-6.6967954636,Vx,Mid-depth,m s$^{-1}$,-3.2916837363,0.0145646386,-0.0066208869,-0.0211855255,4
2011-05-05 03:00:00,Lower,1359,1359,159.0747120565,-31.3616996446,-6.6967954636,Vx,Mid-depth,m s$^{-1}$,-3.3197409718,0.0121916220,-0.0130175849,-0.0252092069,4
2011-05-05 04:00:00,Lower,1359,1359,159.0747120565,-31.3616996446,-6.6967954636,Vx,Mid-depth,m s$^{-1}$,-3.3575863408,0.0016264967,-0.0315900861,-0.0332165829,4
2011-05-05 05:00:00,Lower,1359,1359,159.0747120565,-31.3616996446,-6.6967954636,Vx,Mid-depth,m s$^{-1}$,-3.3862724052,0.0261774851,-0.0165750957,-0.0427525807,4
2011-05-05 06:00:00,Lower,1359,1359,159.0747120565,-31.3616996446,-6.6967954636,Vx,Mid-depth,m s$^{-1}$,-3.4103414621,0.0269394764,-0.0077185127,-0.0346579891,4
2011-05-05 07:00:00,Lower,1359,1359,159.0747120565,-31.3616996446,-6.6967954636,Vx,Mid-depth,m s$^{-1}$,-3.4171260537,0.0566850332,0.0196054174,-0.0370796159,4
2011-05-05 08:00:00,Lower,1359,1359,159.0747120565,-31.3616996446,-6.6967954636,Vx,Mid-depth,m s$^{-1}$,-3.4115615058,0.0526098383,0.0395741035,-0.0130357348,4
2011-05-05 09:00:00,Lower,1359,1359,159.0747120565,-31.3616996446,-6.6967954636,Vx,Mid-depth,m s$^{-1}$,-3.3881916904,0.0622899310,0.0521464625,-0.0101434685,4
2011-05-05 10:00:00,Lower,1359,1359,159.0747120565,-31.3616996446,-6.6967954636,Vx,Mid-depth,m s$^{-1}$,-3.3489667193,0.0712288934,0.0662018652,-0.0050270281,4
2011-05-05 11:00:00,Lower,1359,1359,159.0747120565,-31.3616996446,-6.6967954636,Vx,Mid-depth,m s$^{-1}$,-3.3092619613,0.0596544164,0.0585621590,-0.0010922575,4
2011-05-05 12:00:00,Lower,1359,1359,159.0747120565,-31.3616996446,-6.6967954636,Vx,Mid-depth,m s$^{-1}$,-3.2791296215,0.0520805785,0.0393332138,-0.0127473646,4
2011-05-05 13:00:00,Lower,1359,1359,159.0747120565,-31.3616996446,-6.6967954636,Vx,Mid-depth,m s$^{-1}$,-3.2638720898,0.0394237425,0.0259707666,-0.0134529759,4
2011-05-05 14:00:00,Lower,1359,1359,159.0747120565,-31.3616996446,-6.6967954636,Vx,Mid-depth,m s$^{-1}$,-3.2633676570,0.0321259302,0.0114036165,-0.0207223137,4
2011-05-05 15:00:00,Lower,1359,1359,159.0747120565,-31.3616996446,-6.6967954636,Vx,Mid-depth,m s$^{-1}$,-3.2867758152,0.0060652837,-0.0134992992,-0.0195645829,4
2011-05-05 16:00:00,Lower,1359,1359,159.0747120565,-31.3616996446,-6.6967954636,Vx,Mid-depth,m s$^{-1}$,-3.3196204960,0.0074471918,-0.0194832362,-0.0269304280,4
2011-05-05 17:00:00,Lower,1359,1359,159.0747120565,-31.3616996446,-6.6967954636,Vx,Mid-depth,m s$^{-1}$,-3.3480028673,0.0195396021,-0.0156429637,-0.0351825658,4
2011-05-05 18:00:00,Lower,1359,1359,159.0747120565,-31.3616996446,-6.6967954636,Vx,Mid-depth,m s$^{-1}$,-3.3718188166,0.0254578975,-0.0085259868,-0.0339838843,4
2011-05-05 19:00:00,Lower,1359,1359,159.0747120565,-31.3616996446,-6.6967954636,Vx,Mid-depth,m s$^{-1}$,-3.3866259397,0.0419911587,0.0047013322,-0.0372898265,4
2011-05-05 20:00:00,Lower,1359,1359,159.0747120565,-31.3616996446,-6.6967954636,Vx,Mid-depth,m s$^{-1}$,-3.3854752248,0.0559763063,0.0350586175,-0.0209176887,4
2011-05-05 21:00:00,Lower,1359,1359,159.0747120565,-31.3616996446,-6.6967954636,Vx,Mid-depth,m s$^{-1}$,-3.3678307280,0.0585214164,0.0448174610,-0.0137039554,4
2011-05-05 22:00:00,Lower,1359,1359,159.0747120565,-31.3616996446,-6.6967954636,Vx,Mid-depth,m s$^{-1}$,-3.3338436421,0.0694793248,0.0644463678,-0.0050329571,4
2011-05-05 23:00:00,Lower,1359,1359,159.0747120565,-31.3616996446,-6.6967954636,Vx,Mid-depth,m s$^{-1}$,-3.3040247228,0.0533699383,0.0458183888,-0.0075515495,4
2011-05-06 00:00:00,Lower,1359,1359,159.0747120565,-31.3616996446,-6.6967954636,Vx,Mid-depth,m s$^{-1}$,-3.2742186724,0.0596215568,0.0447191146,-0.0149024423,4
2011-05-06 01:00:00,Lower,1359,1359,159.0747120565,-31.3616996446,-6.6967954636,Vx,Mid-depth,m s$^{-1}$,-3.2587438550,0.0376590151,0.0287385214,-0.0089204936,4
2011-05-06 02:00:00,Lower,1359,1359,159.0747120565,-31.3616996446,-6.6967954636,Vx,Mid-depth,m s$^{-1}$,-3.2630520769,0.0278694039,0.0070556512,-0.0208137527,4
2011-05-06 03:00:00,Lower,1359,1359,159.0747120565,-31.3616996446,-6.6967954636,Vx,Mid-depth,m s$^{-1}$,-3.2909724524,0.0042618959,-0.0172729644,-0.0215348603,4
2011-05-06 04:00:00,Lower,1359,1359,159.0747120565,-31.3616996446,-6.6967954636,Vx,Mid-depth,m s$^{-1}$,-3.3239918880,0.0112013596,-0.0193960390,-0.0305973986,4
2011-05-06 05:00:00,Lower,1359,1359,159.0747120565,-31.3616996446,-6.6967954636,Vx,Mid-depth,m s$^{-1}$,-3.3676983744,-0.0028320437,-0.0392117109,-0.0363796672,4
2011-05-06 06:00:00,Lower,1359,1359,159.0747120565,-31.3616996446,-6.6967954636,Vx,Mid-depth,m s$^{-1}$,-3.4015575946,0.0217569391,-0.0254553395,-0.0472122786,4
2011-05-06 07:00:00,Lower,1359,1359,159.0747120565,-31.3616996446,-6.6967954636,Vx,Mid-depth,m s$^{-1}$,-3.4201425309,0.0392759720,0.0002616785,-0.0390142935,4
2011-05-06 08:00:00,Lower,1359,1359,159.0747120565,-31.3616996446,-6.6967954636,Vx,Mid-depth,m s$^{-1}$,-3.4276658068,0.0503337821,0.0223656412,-0.0279681409,4
2011-05-06 09:00:00,Lower,1359,1359,159.0747120565,-31.3616996446,-6.6967954636,Vx,Mid-depth,m s$^{-1}$,-3.4122162936,0.0657762677,0.0475028993,-0.0182733684,4
2011-05-06 10:00:00,Lower,1359,1359,159.0747120565,-31.3616996446,-6.6967954636,Vx,Mid-depth,m s$^{-1}$,-3.3737884999,0.0716506162,0.0680720981,-0.0035785181,4
2011-05-06 11:00:00,Lower,1359,1359,159.0747120565,-31.3616996446,-6.6967954636,Vx,Mid-depth,m s$^{-1}$,-3.3341597358,0.0616485894,0.0704716217,0.0088230323,4
2011-05-06 12:00:00,Lower,1359,1359,159.0747120565,-31.3616996446,-6.6967954636,Vx,Mid-depth,m s$^{-1}$,-3.2892521718,0.0656402063,0.0586169562,-0.0070232501,4
2011-05-06 13:00:00,Lower,1359,1359,159.0747120565,-31.3616996446,-6.6967954636,Vx,Mid-depth,m s$^{-1}$,-3.2590412099,0.0421020565,0.0427063702,0.0006043137,4
2011-05-06 14:00:00,Lower,1359,1359,159.0747120565,-31.3616996446,-6.6967954636,Vx,Mid-depth,m s$^{-1}$,-3.2488636534,0.0328672429,0.0210621974,-0.0118050455,4
2011-05-06 15:00:00,Lower,1359,1359,159.0747120565,-31.3616996446,-6.6967954636,Vx,Mid-depth,m s$^{-1}$,-3.2579915456,0.0203996285,0.0006528645,-0.0197467640,4
2011-05-06 16:00:00,Lower,1359,1359,159.0747120565,-31.3616996446,-6.6967954636,Vx,Mid-depth,m s$^{-1}$,-3.2859722352,0.0007602096,-0.0179918456,-0.0187520552,4
2011-05-06 17:00:00,Lower,1359,1359,159.0747120565,-31.3616996446,-6.6967954636,Vx,Mid-depth,m s$^{-1}$,-3.3191127679,0.0083196969,-0.0192240235,-0.0275437203,4
2011-05-06 18:00:00,Lower,1359,1359,159.0747120565,-31.3616996446,-6.6967954636,Vx,Mid-depth,m s$^{-1}$,-3.3477026387,0.0166989553,-0.0149918024,-0.0316907577,4
2011-05-06 19:00:00,Lower,1359,1359,159.0747120565,-31.3616996446,-6.6967954636,Vx,Mid-depth,m s$^{-1}$,-3.3764794250,0.0173410191,-0.0147524034,-0.0320934225,4
2011-05-06 20:00:00,Lower,1359,1359,159.0747120565,-31.3616996446,-6.6967954636,Vx,Mid-depth,m s$^{-1}$,-3.3912064748,0.0455120389,0.0042997686,-0.0412122703,4
2011-05-06 21:00:00,Lower,1359,1359,159.0747120565,-31.3616996446,-6.6967954636,Vx,Mid-depth,m s$^{-1}$,-3.3858573128,0.0591226347,0.0415918941,-0.0175307406,4
2011-05-06 22:00:00,Lower,1359,1359,159.0747120565,-31.3616996446,-6.6967954636,Vx,Mid-depth,m s$^{-1}$,-3.3583837394,0.0671945656,0.0569234766,-0.0102710890,4
2011-05-06 23:00:00,Lower,1359,1359,159.0747120565,-31.3616996446,-6.6967954636,Vx,Mid-depth,m s$^{-1}$,-3.3239816796,0.0643226449,0.0578990921,-0.0064235528,4
2011-05-07 00:00:00,Lower,1359,1359,159.0747120565,-31.3616996446,-6.6967954636,Vx,Mid-depth,m s$^{-1}$,-3.2843657449,0.0657575880,0.0539282178,-0.0118293702,4
2011-05-01 01:00:00,Lower,1359,1359,159.0747120565,-31.3616996446,-6.6967954636,Vx,Near-bottom,m s$^{-1}$,-6.1967954636,0.0672667119,-0.0360686014,-0.1033353133,2
2011-05-01 02:00:00,Lower,1359,1359,159.0747120565,-31.3616996446,-6.6967954636,Vx,Near-bottom,m s$^{-1}$,-6.1967954636,0.0647919464,-0.0426161039,-0.1074080503,2
2011-05-01 03:00:00,Lower,1359,1359,159.0747120565,-31.3616996446,-6.6967954636,Vx,Near-bottom,m s$^{-1}$,-6.1967954636,0.0628578091,-0.0221430524,-0.0850008615,2
2011-05-01 04:00:00,Lower,1359,1359,159.0747120565,-31.3616996446,-6.6967954636,Vx,Near-bottom,m s$^{-1}$,-6.1967954636,0.0484965146,0.0223825579,-0.0261139568,2
2011-05-01 05:00:00,Lower,1359,1359,159.0747120565,-31.3616996446,-6.6967954636,Vx,Near-bottom,m s$^{-1}$,-6.1967954636,0.0564025323,0.0636273959,0.0072248635,2
2011-05-01 06:00:00,Lower,1359,1359,159.0747120565,-31.3616996446,-6.6967954636,Vx,Near-bottom,m s$^{-1}$,-6.1967954636,0.0528460157,0.0697950699,0.0169490543,2
2011-05-01 07:00:00,Lower,1359,1359,159.0747120565,-31.3616996446,-6.6967954636,Vx,Near-bottom,m s$^{-1}$,-6.1967954636,0.0507167700,0.0463046402,-0.0044121298,2
2011-05-01 08:00:00,Lower,1359,1359,159.0747120565,-31.3616996446,-6.6967954636,Vx,Near-bottom,m s$^{-1}$,-6.1967954636,0.0477335415,0.0253473059,-0.0223862356,2
2011-05-01 09:00:00,Lower,1359,1359,159.0747120565,-31.3616996446,-6.6967954636,Vx,Near-bottom,m s$^{-1}$,-6.1967954636,0.0391603379,0.0145752379,-0.0245851000,2
2011-05-01 10:00:00,Lower,1359,1359,159.0747120565,-31.3616996446,-6.6967954636,Vx,Near-bottom,m s$^{-1}$,-6.1967954636,0.0334897145,-0.0034045847,-0.0368942992,2
2011-05-01 11:00:00,Lower,1359,1359,159.0747120565,-31.3616996446,-6.6967954636,Vx,Near-bottom,m s$^{-1}$,-6.1967954636,0.0309746996,-0.0094353917,-0.0404100913,2
2011-05-01 12:00:00,Lower,1359,1359,159.0747120565,-31.3616996446,-6.6967954636,Vx,Near-bottom,m s$^{-1}$,-6.1967954636,0.0220675562,-0.0250006848,-0.0470682409,2
2011-05-01 13:00:00,Lower,1359,1359,159.0747120565,-31.3616996446,-6.6967954636,Vx,Near-bottom,m s$^{-1}$,-6.1967954636,0.0253516544,-0.0258754801,-0.0512271345,2
2011-05-01 14:00:00,Lower,1359,1359,159.0747120565,-31.3616996446,-6.6967954636,Vx,Near-bottom,m s$^{-1}$,-6.1967954636,0.0271683935,-0.0100297433,-0.0371981368,2
2011-05-01 15:00:00,Lower,1359,1359,159.0747120565,-31.3616996446,-6.6967954636,Vx,Near-bottom,m s$^{-1}$,-6.1967954636,0.0278009011,0.0182238943,-0.0095770067,2
2011-05-01 16:00:00,Lower,1359,1359,159.0747120565,-31.3616996446,-6.6967954636,Vx,Near-bottom,m s$^{-1}$,-6.1967954636,0.0335778429,0.0613392895,0.0277614466,2
2011-05-01 17:00:00,Lower,1359,1359,159.0747120565,-31.3616996446,-6.6967954636,Vx,Near-bottom,m s$^{-1}$,-6.1967954636,0.0326600022,0.0659121739,0.0332521717,2
2011-05-01 18:00:00,Lower,1359,1359,159.0747120565,-31.3616996446,-6.6967954636,Vx,Near-bottom,m s$^{-1}$,-6.1967954636,0.0416377735,0.0723323435,0.0306945700,2
2011-05-01 19:00:00,Lower,1359,1359,159.0747120565,-31.3616996446,-6.6967954636,Vx,Near-bottom,m s$^{-1}$,-6.1967954636,0.0382505328,0.0339574315,-0.0042931013,2
2011-05-01 20:00:00,Lower,1359,1359,159.0747120565,-31.3616996446,-6.6967954636,Vx,Near-bottom,m s$^{-1}$,-6.1967954636,0.0372377026,0.0161416255,-0.0210960771,2
2011-05-01 21:00:00,Lower,1359,1359,159.0747120565,-31.3616996446,-6.6967954636,Vx,Near-bottom,m s$^{-1}$,-6.1967954636,0.0334732061,0.0172554718,-0.0162177343,2
2011-05-01 22:00:00,Lower,1359,1359,159.0747120565,-31.3616996446,-6.6967954636,Vx,Near-bottom,m s$^{-1}$,-6.1967954636,0.0270009440,0.0010345846,-0.0259663594,2
2011-05-01 23:00:00,Lower,1359,1359,159.0747120565,-31.3616996446,-6.6967954636,Vx,Near-bottom,m s$^{-1}$,-6.1967954636,0.0243796028,-0.0166635074,-0.0410431103,2
2011-05-02 00:00:00,Lower,1359,1359,159.0747120565,-31.3616996446,-6.6967954636,Vx,Near-bottom,m s$^{-1}$,-6.1967954636,0.0218267236,-0.0236683414,-0.0454950650,2
2011-05-02 01:00:00,Lower,1359,1359,159.0747120565,-31.3616996446,-6.6967954636,Vx,Near-bottom,m s$^{-1}$,-6.1967954636,0.0209955970,-0.0316422633,-0.0526378603,2
2011-05-02 02:00:00,Lower,1359,1359,159.0747120565,-31.3616996446,-6.6967954636,Vx,Near-bottom,m s$^{-1}$,-6.1967954636,0.0264602486,-0.0219943523,-0.0484546009,2
2011-05-02 03:00:00,Lower,1359,1359,159.0747120565,-31.3616996446,-6.6967954636,Vx,Near-bottom,m s$^{-1}$,-6.1967954636,0.0250145789,0.0003834457,-0.0246311332,2
2011-05-02 04:00:00,Lower,1359,1359,159.0747120565,-31.3616996446,-6.6967954636,Vx,Near-bottom,m s$^{-1}$,-6.1967954636,0.0289610832,0.0353749196,0.0064138364,2
2011-05-02 05:00:00,Lower,1359,1359,159.0747120565,-31.3616996446,-6.6967954636,Vx,Near-bottom,m s$^{-1}$,-6.1967954636,0.0328130632,0.0709171383,0.0381040751,2
2011-05-02 06:00:00,Lower,1359,1359,159.0747120565,-31.3616996446,-6.6967954636,Vx,Near-bottom,m s$^{-1}$,-6.1967954636,0.0352762999,0.0706655334,0.0353892336,2
2011-05-02 07:00:00,Lower,1359,1359,159.0747120565,-31.3616996446,-6.6967954636,Vx,Near-bottom,m s$^{-1}$,-6.1967954636,0.0408235715,0.0693344190,0.0285108475,2
2011-05-02 08:00:00,Lower,1359,1359,159.0747120565,-31.3616996446,-6.6967954636,Vx,Near-bottom,m s$^{-1}$,-6.1967954636,0.0381427231,0.0363873713,-0.0017553518,2
2011-05-02 09:00:00,Lower,1359,1359,159.0747120565,-31.3616996446,-6.6967954636,Vx,Near-bottom,m s$^{-1}$,-6.1967954636,0.0337341166,0.0132249832,-0.0205091334,2
2011-05-02 10:00:00,Lower,1359,1359,159.0747120565,-31.3616996446,-6.6967954636,Vx,Near-bottom,m s$^{-1}$,-6.1967954636,0.0293709652,0.0085430140,-0.0208279512,2
2011-05-02 11:00:00,Lower,1359,1359,159.0747120565,-31.3616996446,-6.6967954636,Vx,Near-bottom,m s$^{-1}$,-6.1967954636,0.0247468128,-0.0061686842,-0.0309154970,2
2011-05-02 12:00:00,Lower,1359,1359,159.0747120565,-31.3616996446,-6.6967954636,Vx,Near-bottom,m s$^{-1}$,-6.1967954636,0.0242055526,-0.0147072483,-0.0389128009,2
2011-05-02 13:00:00,Lower,1359,1359,159.0747120565,-31.3616996446,-6.6967954636,Vx,Near-bottom,m s$^{-1}$,-6.1967954636,0.0198154123,-0.0243326282,-0.0441480405,2
2011-05-02 14:00:00,Lower,1359,1359,159.0747120565,-31.3616996446,-6.6967954636,Vx,Near-bottom,m s$^{-1}$,-6.1967954636,0.0224453806,-0.0263182002,-0.0487635808,2
2011-05-02 15:00:00,Lower,1359,1359,159.0747120565,-31.3616996446,-6.6967954636,Vx,Near-bottom,m s$^{-1}$,-6.1967954636,0.0255903552,-0.0118052709,-0.0373956262,2
2011-05-02 16:00:00,Lower,1359,1359,159.0747120565,-31.3616996446,-6.6967954636,Vx,Near-bottom,m s$^{-1}$,-6.1967954636,0.0275840359,0.0238989809,-0.0036850550,2
2011-05-02 17:00:00,Lower,1359,1359,159.0747120565,-31.3616996446,-6.6967954636,Vx,Near-bottom,m s$^{-1}$,-6.1967954636,0.0272615152,0.0521372149,0.0248756997,2
2011-05-02 18:00:00,Lower,1359,1359,159.0747120565,-31.3616996446,-6.6967954636,Vx,Near-bottom,m s$^{-1}$,-6.1967954636,0.0354037523,0.0684223636,0.0330186113,2
2011-05-02 19:00:00,Lower,1359,1359,159.0747120565,-31.3616996446,-6.6967954636,Vx,Near-bottom,m s$^{-1}$,-6.1967954636,0.0359345690,0.0676298787,0.0316953098,2
2011-05-02 20:00:00,Lower,1359,1359,159.0747120565,-31.3616996446,-6.6967954636,Vx,Near-bottom,m s$^{-1}$,-6.1967954636,0.0363714464,0.0284015847,-0.0079698617,2
2011-05-02 21:00:00,Lower,1359,1359,159.0747120565,-31.3616996446,-6.6967954636,Vx,Near-bottom,m s$^{-1}$,-6.1967954636,0.0340356826,0.0221212929,-0.0119143897,2
2011-05-02 22:00:00,Lower,1359,1359,159.0747120565,-31.3616996446,-6.6967954636,Vx,Near-bottom,m s$^{-1}$,-6.1967954636,0.0278144693,0.0132283980,-0.0145860713,2
2011-05-02 23:00:00,Lower,1359,1359,159.0747120565,-31.3616996446,-6.6967954636,Vx,Near-bottom,m s$^{-1}$,-6.1967954636,0.0242121228,-0.0031712217,-0.0273833445,2
2011-05-03 00:00:00,Lower,1359,1359,159.0747120565,-31.3616996446,-6.6967954636,Vx,Near-bottom,m s$^{-1}$,-6.1967954636,0.0207227723,-0.0182738031,-0.0389965754,2
2011-05-03 01:00:00,Lower,1359,1359,159.0747120565,-31.3616996446,-6.6967954636,Vx,Near-bottom,m s$^{-1}$,-6.1967954636,0.0230212488,-0.0208165148,-0.0438377636,2
2011-05-03 02:00:00,Lower,1359,1359,159.0747120565,-31.3616996446,-6.6967954636,Vx,Near-bottom,m s$^{-1}$,-6.1967954636,0.0207612483,-0.0291300756,-0.0498913239,2
2011-05-03 03:00:00,Lower,1359,1359,159.0747120565,-31.3616996446,-6.6967954636,Vx,Near-bottom,m s$^{-1}$,-6.1967954636,0.0272210607,-0.0182183980,-0.0454394587,2
2011-05-03 04:00:00,Lower,1359,1359,159.0747120565,-31.3616996446,-6.6967954636,Vx,Near-bottom,m s$^{-1}$,-6.1967954636,0.0242664697,-0.0000002088,-0.0242666785,2
2011-05-03 05:00:00,Lower,1359,1359,159.0747120565,-31.3616996446,-6.6967954636,Vx,Near-bottom,m s$^{-1}$,-6.1967954636,0.0263427122,0.0229182429,-0.0034244694,2
2011-05-03 06:00:00,Lower,1359,1359,159.0747120565,-31.3616996446,-6.6967954636,Vx,Near-bottom,m s$^{-1}$,-6.1967954636,0.0362137278,0.0774419319,0.0412282040,2
2011-05-03 07:00:00,Lower,1359,1359,159.0747120565,-31.3616996446,-6.6967954636,Vx,Near-bottom,m s$^{-1}$,-6.1967954636,0.0337894755,0.0725635509,0.0387740754,2
2011-05-03 08:00:00,Lower,1359,1359,159.0747120565,-31.3616996446,-6.6967954636,Vx,Near-bottom,m s$^{-1}$,-6.1967954636,0.0386206992,0.0659083866,0.0272876874,2
2011-05-03 09:00:00,Lower,1359,1359,159.0747120565,-31.3616996446,-6.6967954636,Vx,Near-bottom,m s$^{-1}$,-6.1967954636,0.0390588330,0.0433718491,0.0043130161,2
2011-05-03 10:00:00,Lower,1359,1359,159.0747120565,-31.3616996446,-6.6967954636,Vx,Near-bottom,m s$^{-1}$,-6.1967954636,0.0307011506,0.0170317783,-0.0136693723,2
2011-05-03 11:00:00,Lower,1359,1359,159.0747120565,-31.3616996446,-6.6967954636,Vx,Near-bottom,m s$^{-1}$,-6.1967954636,0.0290556397,0.0080154290,-0.0210402107,2
2011-05-03 12:00:00,Lower,1359,1359,159.0747120565,-31.3616996446,-6.6967954636,Vx,Near-bottom,m s$^{-1}$,-6.1967954636,0.0206606030,-0.0127422523,-0.0334028553,2
2011-05-03 13:00:00,Lower,1359,1359,159.0747120565,-31.3616996446,-6.6967954636,Vx,Near-bottom,m s$^{-1}$,-6.1967954636,0.0236306043,-0.0191740356,-0.0428046399,2
2011-05-03 14:00:00,Lower,1359,1359,159.0747120565,-31.3616996446,-6.6967954636,Vx,Near-bottom,m s$^{-1}$,-6.1967954636,0.0204810311,-0.0231844537,-0.0436654848,2
2011-05-03 15:00:00,Lower,1359,1359,159.0747120565,-31.3616996446,-6.6967954636,Vx,Near-bottom,m s$^{-1}$,-6.1967954636,0.0234159047,-0.0251338670,-0.0485497717,2
2011-05-03 16:00:00,Lower,1359,1359,159.0747120565,-31.3616996446,-6.6967954636,Vx,Near-bottom,m s$^{-1}$,-6.1967954636,0.0259873937,-0.0114986415,-0.0374860352,2
2011-05-03 17:00:00,Lower,1359,1359,159.0747120565,-31.3616996446,-6.6967954636,Vx,Near-bottom,m s$^{-1}$,-6.1967954636,0.0252586908,0.0132046357,-0.0120540552,2
2011-05-03 18:00:00,Lower,1359,1359,159.0747120565,-31.3616996446,-6.6967954636,Vx,Near-bottom,m s$^{-1}$,-6.1967954636,0.0331901179,0.0630367383,0.0298466204,2
2011-05-03 19:00:00,Lower,1359,1359,159.0747120565,-31.3616996446,-6.6967954636,Vx,Near-bottom,m s$^{-1}$,-6.1967954636,0.0299801993,0.0630873732,0.0331071740,2
2011-05-03 20:00:00,Lower,1359,1359,159.0747120565,-31.3616996446,-6.6967954636,Vx,Near-bottom,m s$^{-1}$,-6.1967954636,0.0369482959,0.0663233673,0.0293750714,2
2011-05-03 21:00:00,Lower,1359,1359,159.0747120565,-31.3616996446,-6.6967954636,Vx,Near-bottom,m s$^{-1}$,-6.1967954636,0.0368453680,0.0352874177,-0.0015579503,2
2011-05-03 22:00:00,Lower,1359,1359,159.0747120565,-31.3616996446,-6.6967954636,Vx,Near-bottom,m s$^{-1}$,-6.1967954636,0.0322937086,0.0246889450,-0.0076047636,2
2011-05-03 23:00:00,Lower,1359,1359,159.0747120565,-31.3616996446,-6.6967954636,Vx,Near-bottom,m s$^{-1}$,-6.1967954636,0.0284727892,0.0129075867,-0.0155652025,2
2011-05-04 00:00:00,Lower,1359,1359,159.0747120565,-31.3616996446,-6.6967954636,Vx,Near-bottom,m s$^{-1}$,-6.1967954636,0.0214074564,-0.0090165667,-0.0304240231,2
2011-05-04 01:00:00,Lower,1359,1359,159.0747120565,-31.3616996446,-6.6967954636,Vx,Near-bottom,m s$^{-1}$,-6.1967954636,0.0237166692,-0.0169344375,-0.0406511067,2
2011-05-04 02:00:00,Lower,1359,1359,159.0747120565,-31.3616996446,-6.6967954636,Vx,Near-bottom,m s$^{-1}$,-6.1967954636,0.0194076487,-0.0267179694,-0.0461256180,2
2011-05-04 03:00:00,Lower,1359,1359,159.0747120565,-31.3616996446,-6.6967954636,Vx,Near-bottom,m s$^{-1}$,-6.1967954636,0.0212686995,-0.0374389458,-0.0587076453,2
2011-05-04 04:00:00,Lower,1359,1359,159.0747120565,-31.3616996446,-6.6967954636,Vx,Near-bottom,m s$^{-1}$,-6.1967954636,0.0277453951,-0.0199912339,-0.0477366290,2
2011-05-04 05:00:00,Lower,1359,1359,159.0747120565,-31.3616996446,-6.6967954636,Vx,Near-bottom,m s$^{-1}$,-6.1967954636,0.0242817875,-0.0015214501,-0.0258032376,2
2011-05-04 06:00:00,Lower,1359,1359,159.0747120565,-31.3616996446,-6.6967954636,Vx,Near-bottom,m s$^{-1}$,-6.1967954636,0.0287913756,0.0329698260,0.0041784504,2
2011-05-04 07:00:00,Lower,1359,1359,159.0747120565,-31.3616996446,-6.6967954636,Vx,Near-bottom,m s$^{-1}$,-6.1967954636,0.0340491621,0.0741730003,0.0401238382,2
2011-05-04 08:00:00,Lower,1359,1359,159.0747120565,-31.3616996446,-6.6967954636,Vx,Near-bottom,m s$^{-1}$,-6.1967954636,0.0364717121,0.0749975817,0.0385258696,2
2011-05-04 09:00:00,Lower,1359,1359,159.0747120565,-31.3616996446,-6.6967954636,Vx,Near-bottom,m s$^{-1}$,-6.1967954636,0.0399949878,0.0722191365,0.0322241487,2
2011-05-04 10:00:00,Lower,1359,1359,159.0747120565,-31.3616996446,-6.6967954636,Vx,Near-bottom,m s$^{-1}$,-6.1967954636,0.0347181272,0.0438586105,0.0091404833,2
2011-05-04 11:00:00,Lower,1359,1359,159.0747120565,-31.3616996446,-6.6967954636,Vx,Near-bottom,m s$^{-1}$,-6.1967954636,0.0301352725,0.0252816246,-0.0048536479,2
2011-05-04 12:00:00,Lower,1359,1359,159.0747120565,-31.3616996446,-6.6967954636,Vx,Near-bottom,m s$^{-1}$,-6.1967954636,0.0215415467,0.0008567503,-0.0206847965,2
2011-05-04 13:00:00,Lower,1359,1359,159.0747120565,-31.3616996446,-6.6967954636,Vx,Near-bottom,m s$^{-1}$,-6.1967954636,0.0207648126,-0.0118533258,-0.0326181384,2
2011-05-04 14:00:00,Lower,1359,1359,159.0747120565,-31.3616996446,-6.6967954636,Vx,Near-bottom,m s$^{-1}$,-6.1967954636,0.0214513518,-0.0260117933,-0.0474631451,2
2011-05-04 15:00:00,Lower,1359,1359,159.0747120565,-31.3616996446,-6.6967954636,Vx,Near-bottom,m s$^{-1}$,-6.1967954636,0.0243399050,-0.0275391276,-0.0518790326,2
2011-05-04 16:00:00,Lower,1359,1359,159.0747120565,-31.3616996446,-6.6967954636,Vx,Near-bottom,m s$^{-1}$,-6.1967954636,0.0266918909,-0.0254210357,-0.0521129266,2
2011-05-04 17:00:00,Lower,1359,1359,159.0747120565,-31.3616996446,-6.6967954636,Vx,Near-bottom,m s$^{-1}$,-6.1967954636,0.0274550064,-0.0086135043,-0.0360685107,2
2011-05-04 18:00:00,Lower,1359,1359,159.0747120565,-31.3616996446,-6.6967954636,Vx,Near-bottom,m s$^{-1}$,-6.1967954636,0.0267342261,0.0132761787,-0.0134580474,2
2011-05-04 19:00:00,Lower,1359,1359,159.0747120565,-31.3616996446,-6.6967954636,Vx,Near-bottom,m s$^{-1}$,-6.1967954636,0.0323009546,0.0570244936,0.0247235391,2
2011-05-04 20:00:00,Lower,1359,1359,159.0747120565,-31.3616996446,-6.6967954636,Vx,Near-bottom,m s$^{-1}$,-6.1967954636,0.0354207010,0.0693806007,0.0339598996,2
2011-05-04 21:00:00,Lower,1359,1359,159.0747120565,-31.3616996446,-6.6967954636,Vx,Near-bottom,m s$^{-1}$,-6.1967954636,0.0379639032,0.0672306196,0.0292667164,2
2011-05-04 22:00:00,Lower,1359,1359,159.0747120565,-31.3616996446,-6.6967954636,Vx,Near-bottom,m s$^{-1}$,-6.1967954636,0.0341064898,0.0273220347,-0.0067844551,2
2011-05-04 23:00:00,Lower,1359,1359,159.0747120565,-31.3616996446,-6.6967954636,Vx,Near-bottom,m s$^{-1}$,-6.1967954636,0.0336105380,0.0201786887,-0.0134318492,2
2011-05-05 00:00:00,Lower,1359,1359,159.0747120565,-31.3616996446,-6.6967954636,Vx,Near-bottom,m s$^{-1}$,-6.1967954636,0.0248461437,0.0060231006,-0.0188230431,2
2011-05-05 01:00:00,Lower,1359,1359,159.0747120565,-31.3616996446,-6.6967954636,Vx,Near-bottom,m s$^{-1}$,-6.1967954636,0.0241561700,-0.0079127311,-0.0320689011,2
2011-05-05 02:00:00,Lower,1359,1359,159.0747120565,-31.3616996446,-6.6967954636,Vx,Near-bottom,m s$^{-1}$,-6.1967954636,0.0199304004,-0.0220227599,-0.0419531603,2
2011-05-05 03:00:00,Lower,1359,1359,159.0747120565,-31.3616996446,-6.6967954636,Vx,Near-bottom,m s$^{-1}$,-6.1967954636,0.0230040764,-0.0289660633,-0.0519701398,2
2011-05-05 04:00:00,Lower,1359,1359,159.0747120565,-31.3616996446,-6.6967954636,Vx,Near-bottom,m s$^{-1}$,-6.1967954636,0.0195252181,-0.0397035504,-0.0592287685,2
2011-05-05 05:00:00,Lower,1359,1359,159.0747120565,-31.3616996446,-6.6967954636,Vx,Near-bottom,m s$^{-1}$,-6.1967954636,0.0296388342,-0.0202286819,-0.0498675160,2
2011-05-05 06:00:00,Lower,1359,1359,159.0747120565,-31.3616996446,-6.6967954636,Vx,Near-bottom,m s$^{-1}$,-6.1967954636,0.0243206058,-0.0025419084,-0.0268625142,2
2011-05-05 07:00:00,Lower,1359,1359,159.0747120565,-31.3616996446,-6.6967954636,Vx,Near-bottom,m s$^{-1}$,-6.1967954636,0.0331730692,0.0532342341,0.0200611649,2
2011-05-05 08:00:00,Lower,1359,1359,159.0747120565,-31.3616996446,-6.6967954636,Vx,Near-bottom,m s$^{-1}$,-6.1967954636,0.0320124843,0.0704498106,0.0384373263,2
2011-05-05 09:00:00,Lower,1359,1359,159.0747120565,-31.3616996446,-6.6967954636,Vx,Near-bottom,m s$^{-1}$,-6.1967954636,0.0364028467,0.0701137142,0.0337108675,2
2011-05-05 10:00:00,Lower,1359,1359,159.0747120565,-31.3616996446,-6.6967954636,Vx,Near-bottom,m s$^{-1}$,-6.1967954636,0.0396068243,0.0704424525,0.0308356283,2
2011-05-05 11:00:00,Lower,1359,1359,159.0747120565,-31.3616996446,-6.6967954636,Vx,Near-bottom,m s$^{-1}$,-6.1967954636,0.0345842200,0.0406528809,0.0060686609,2
2011-05-05 12:00:00,Lower,1359,1359,159.0747120565,-31.3616996446,-6.6967954636,Vx,Near-bottom,m s$^{-1}$,-6.1967954636,0.0317261883,0.0201935075,-0.0115326808,2
2011-05-05 13:00:00,Lower,1359,1359,159.0747120565,-31.3616996446,-6.6967954636,Vx,Near-bottom,m s$^{-1}$,-6.1967954636,0.0260078967,0.0006808061,-0.0253270907,2
2011-05-05 14:00:00,Lower,1359,1359,159.0747120565,-31.3616996446,-6.6967954636,Vx,Near-bottom,m s$^{-1}$,-6.1967954636,0.0242113855,-0.0129659742,-0.0371773597,2
2011-05-05 15:00:00,Lower,1359,1359,159.0747120565,-31.3616996446,-6.6967954636,Vx,Near-bottom,m s$^{-1}$,-6.1967954636,0.0175805079,-0.0317166598,-0.0492971677,2
2011-05-05 16:00:00,Lower,1359,1359,159.0747120565,-31.3616996446,-6.6967954636,Vx,Near-bottom,m s$^{-1}$,-6.1967954636,0.0233103424,-0.0364210771,-0.0597314195,2
2011-05-05 17:00:00,Lower,1359,1359,159.0747120565,-31.3616996446,-6.6967954636,Vx,Near-bottom,m s$^{-1}$,-6.1967954636,0.0260846532,-0.0279958577,-0.0540805109,2
2011-05-05 18:00:00,Lower,1359,1359,159.0747120565,-31.3616996446,-6.6967954636,Vx,Near-bottom,m s$^{-1}$,-6.1967954636,0.0266164350,-0.0073493998,-0.0339658347,2
2011-05-05 19:00:00,Lower,1359,1359,159.0747120565,-31.3616996446,-6.6967954636,Vx,Near-bottom,m s$^{-1}$,-6.1967954636,0.0290487261,0.0217873009,-0.0072614252,2
2011-05-05 20:00:00,Lower,1359,1359,159.0747120565,-31.3616996446,-6.6967954636,Vx,Near-bottom,m s$^{-1}$,-6.1967954636,0.0344276144,0.0649046218,0.0304770074,2
2011-05-05 21:00:00,Lower,1359,1359,159.0747120565,-31.3616996446,-6.6967954636,Vx,Near-bottom,m s$^{-1}$,-6.1967954636,0.0343292901,0.0668547348,0.0325254448,2
2011-05-05 22:00:00,Lower,1359,1359,159.0747120565,-31.3616996446,-6.6967954636,Vx,Near-bottom,m s$^{-1}$,-6.1967954636,0.0394244323,0.0534501092,0.0140256768,2
2011-05-05 23:00:00,Lower,1359,1359,159.0747120565,-31.3616996446,-6.6967954636,Vx,Near-bottom,m s$^{-1}$,-6.1967954636,0.0318134239,0.0237400989,-0.0080733250,2
2011-05-06 00:00:00,Lower,1359,1359,159.0747120565,-31.3616996446,-6.6967954636,Vx,Near-bottom,m s$^{-1}$,-6.1967954636,0.0339498068,0.0254015767,-0.0085482301,2
2011-05-06 01:00:00,Lower,1359,1359,159.0747120565,-31.3616996446,-6.6967954636,Vx,Near-bottom,m s$^{-1}$,-6.1967954636,0.0246175920,0.0061437790,-0.0184738130,2
2011-05-06 02:00:00,Lower,1359,1359,159.0747120565,-31.3616996446,-6.6967954636,Vx,Near-bottom,m s$^{-1}$,-6.1967954636,0.0229122012,-0.0134113964,-0.0363235976,2
2011-05-06 03:00:00,Lower,1359,1359,159.0747120565,-31.3616996446,-6.6967954636,Vx,Near-bottom,m s$^{-1}$,-6.1967954636,0.0176534166,-0.0316369043,-0.0492903209,2
2011-05-06 04:00:00,Lower,1359,1359,159.0747120565,-31.3616996446,-6.6967954636,Vx,Near-bottom,m s$^{-1}$,-6.1967954636,0.0254959522,-0.0340490925,-0.0595450447,2
2011-05-06 05:00:00,Lower,1359,1359,159.0747120565,-31.3616996446,-6.6967954636,Vx,Near-bottom,m s$^{-1}$,-6.1967954636,0.0187631451,-0.0483231420,-0.0670862871,2
2011-05-06 06:00:00,Lower,1359,1359,159.0747120565,-31.3616996446,-6.6967954636,Vx,Near-bottom,m s$^{-1}$,-6.1967954636,0.0310423180,-0.0314334613,-0.0624757793,2
2011-05-06 07:00:00,Lower,1359,1359,159.0747120565,-31.3616996446,-6.6967954636,Vx,Near-bottom,m s$^{-1}$,-6.1967954636,0.0282255820,0.0091293341,-0.0190962480,2
2011-05-06 08:00:00,Lower,1359,1359,159.0747120565,-31.3616996446,-6.6967954636,Vx,Near-bottom,m s$^{-1}$,-6.1967954636,0.0315958339,0.0578981371,0.0263023032,2
2011-05-06 09:00:00,Lower,1359,1359,159.0747120565,-31.3616996446,-6.6967954636,Vx,Near-bottom,m s$^{-1}$,-6.1967954636,0.0383758528,0.0760872820,0.0377114291,2
2011-05-06 10:00:00,Lower,1359,1359,159.0747120565,-31.3616996446,-6.6967954636,Vx,Near-bottom,m s$^{-1}$,-6.1967954636,0.0405808321,0.0756029993,0.0350221672,2
2011-05-06 11:00:00,Lower,1359,1359,159.0747120565,-31.3616996446,-6.6967954636,Vx,Near-bottom,m s$^{-1}$,-6.1967954636,0.0357215111,0.0571584175,0.0214369064,2
2011-05-06 12:00:00,Lower,1359,1359,159.0747120565,-31.3616996446,-6.6967954636,Vx,Near-bottom,m s$^{-1}$,-6.1967954636,0.0376627193,0.0440170094,0.0063542901,2
2011-05-06 13:00:00,Lower,1359,1359,159.0747120565,-31.3616996446,-6.6967954636,Vx,Near-bottom,m s$^{-1}$,-6.1967954636,0.0284984070,0.0247099821,-0.0037884248,2
2011-05-06 14:00:00,Lower,1359,1359,159.0747120565,-31.3616996446,-6.6967954636,Vx,Near-bottom,m s$^{-1}$,-6.1967954636,0.0245364386,-0.0049930908,-0.0295295293,2
2011-05-06 15:00:00,Lower,1359,1359,159.0747120565,-31.3616996446,-6.6967954636,Vx,Near-bottom,m s$^{-1}$,-6.1967954636,0.0211994608,-0.0226782363,-0.0438776971,2
2011-05-06 16:00:00,Lower,1359,1359,159.0747120565,-31.3616996446,-6.6967954636,Vx,Near-bottom,m s$^{-1}$,-6.1967954636,0.0187746451,-0.0341156160,-0.0528902610,2
2011-05-06 17:00:00,Lower,1359,1359,159.0747120565,-31.3616996446,-6.6967954636,Vx,Near-bottom,m s$^{-1}$,-6.1967954636,0.0246044273,-0.0345986461,-0.0592030734,2
2011-05-06 18:00:00,Lower,1359,1359,159.0747120565,-31.3616996446,-6.6967954636,Vx,Near-bottom,m s$^{-1}$,-6.1967954636,0.0265010626,-0.0264554592,-0.0529565218,2
2011-05-06 19:00:00,Lower,1359,1359,159.0747120565,-31.3616996446,-6.6967954636,Vx,Near-bottom,m s$^{-1}$,-6.1967954636,0.0254126744,-0.0148568638,-0.0402695382,2
2011-05-06 20:00:00,Lower,1359,1359,159.0747120565,-31.3616996446,-6.6967954636,Vx,Near-bottom,m s$^{-1}$,-6.1967954636,0.0317126674,0.0200682046,-0.0116444629,2
2011-05-06 21:00:00,Lower,1359,1359,159.0747120565,-31.3616996446,-6.6967954636,Vx,Near-bottom,m s$^{-1}$,-6.1967954636,0.0360363438,0.0712450052,0.0352086614,2
2011-05-06 22:00:00,Lower,1359,1359,159.0747120565,-31.3616996446,-6.6967954636,Vx,Near-bottom,m s$^{-1}$,-6.1967954636,0.0386051633,0.0732513736,0.0346462103,2
2011-05-06 23:00:00,Lower,1359,1359,159.0747120565,-31.3616996446,-6.6967954636,Vx,Near-bottom,m s$^{-1}$,-6.1967954636,0.0370465932,0.0421417957,0.0050952025,2
2011-05-07 00:00:00,Lower,1359,1359,159.0747120565,-31.3616996446,-6.6967954636,Vx,Near-bottom,m s$^{-1}$,-6.1967954636,0.0373321146,0.0379248529,0.0005927383,2
2011-05-01 01:00:00,Lower,1359,1359,159.0747120565,-31.3616996446,-6.6967954636,Vx,Surface,m s$^{-1}$,-0.5137838996,-0.1763598141,-0.0345724203,0.1417873938,4
2011-05-01 02:00:00,Lower,1359,1359,159.0747120565,-31.3616996446,-6.6967954636,Vx,Surface,m s$^{-1}$,-0.5687976381,-0.1731381822,-0.0403422309,0.1327959513,4
2011-05-01 03:00:00,Lower,1359,1359,159.0747120565,-31.3616996446,-6.6967954636,Vx,Surface,m s$^{-1}$,-0.5979628703,-0.1287321511,-0.0207600200,0.1079721311,4
2011-05-01 04:00:00,Lower,1359,1359,159.0747120565,-31.3616996446,-6.6967954636,Vx,Surface,m s$^{-1}$,-0.5988047099,-0.1215937487,0.0169445177,0.1385382664,4
2011-05-01 05:00:00,Lower,1359,1359,159.0747120565,-31.3616996446,-6.6967954636,Vx,Surface,m s$^{-1}$,-0.5849895226,-0.0888377561,0.0104004485,0.0992382047,4
2011-05-01 06:00:00,Lower,1359,1359,159.0747120565,-31.3616996446,-6.6967954636,Vx,Surface,m s$^{-1}$,-0.5293535672,-0.0745958318,0.0298616357,0.1044574676,4
2011-05-01 07:00:00,Lower,1359,1359,159.0747120565,-31.3616996446,-6.6967954636,Vx,Surface,m s$^{-1}$,-0.4708797785,-0.0610731015,0.0518918461,0.1129649476,4
2011-05-01 08:00:00,Lower,1359,1359,159.0747120565,-31.3616996446,-6.6967954636,Vx,Surface,m s$^{-1}$,-0.4114286418,-0.0501714164,0.0472435232,0.0974149396,4
2011-05-01 09:00:00,Lower,1359,1359,159.0747120565,-31.3616996446,-6.6967954636,Vx,Surface,m s$^{-1}$,-0.3709228034,-0.0493313349,0.0306831295,0.0800144643,4
2011-05-01 10:00:00,Lower,1359,1359,159.0747120565,-31.3616996446,-6.6967954636,Vx,Surface,m s$^{-1}$,-0.3597194589,-0.0585725711,0.0108406134,0.0694131844,4
2011-05-01 11:00:00,Lower,1359,1359,159.0747120565,-31.3616996446,-6.6967954636,Vx,Surface,m s$^{-1}$,-0.3684848370,-0.0682551077,-0.0008334109,0.0674216968,4
2011-05-01 12:00:00,Lower,1359,1359,159.0747120565,-31.3616996446,-6.6967954636,Vx,Surface,m s$^{-1}$,-0.4145935506,-0.0853344255,-0.0179222012,0.0674122244,4
2011-05-01 13:00:00,Lower,1359,1359,159.0747120565,-31.3616996446,-6.6967954636,Vx,Surface,m s$^{-1}$,-0.4701785472,-0.0900902713,-0.0149509394,0.0751393319,4
2011-05-01 14:00:00,Lower,1359,1359,159.0747120565,-31.3616996446,-6.6967954636,Vx,Surface,m s$^{-1}$,-0.5168952911,-0.0891321941,-0.0137193369,0.0754128572,4
2011-05-01 15:00:00,Lower,1359,1359,159.0747120565,-31.3616996446,-6.6967954636,Vx,Surface,m s$^{-1}$,-0.5556468313,-0.0856551942,-0.0118943609,0.0737608333,4
2011-05-01 16:00:00,Lower,1359,1359,159.0747120565,-31.3616996446,-6.6967954636,Vx,Surface,m s$^{-1}$,-0.5705003037,-0.0734046561,-0.0070033395,0.0664013166,4
2011-05-01 17:00:00,Lower,1359,1359,159.0747120565,-31.3616996446,-6.6967954636,Vx,Surface,m s$^{-1}$,-0.5663230558,-0.0677015116,0.0003093388,0.0680108504,4
2011-05-01 18:00:00,Lower,1359,1359,159.0747120565,-31.3616996446,-6.6967954636,Vx,Surface,m s$^{-1}$,-0.5193736886,-0.0568577867,0.0284793420,0.0853371286,4
2011-05-01 19:00:00,Lower,1359,1359,159.0747120565,-31.3616996446,-6.6967954636,Vx,Surface,m s$^{-1}$,-0.4607930065,-0.0463190077,0.0473687399,0.0936877476,4
2011-05-01 20:00:00,Lower,1359,1359,159.0747120565,-31.3616996446,-6.6967954636,Vx,Surface,m s$^{-1}$,-0.4013547519,-0.0365043951,0.0441060748,0.0806104698,4
2011-05-01 21:00:00,Lower,1359,1359,159.0747120565,-31.3616996446,-6.6967954636,Vx,Surface,m s$^{-1}$,-0.3510451381,-0.0361077915,0.0359071013,0.0720148928,4
2011-05-01 22:00:00,Lower,1359,1359,159.0747120565,-31.3616996446,-6.6967954636,Vx,Surface,m s$^{-1}$,-0.3301858116,-0.0417833045,0.0172008374,0.0589841419,4
2011-05-01 23:00:00,Lower,1359,1359,159.0747120565,-31.3616996446,-6.6967954636,Vx,Surface,m s$^{-1}$,-0.3482933292,-0.0591197340,-0.0075832471,0.0515364869,4
2011-05-02 00:00:00,Lower,1359,1359,159.0747120565,-31.3616996446,-6.6967954636,Vx,Surface,m s$^{-1}$,-0.3943929534,-0.0751325164,-0.0167102559,0.0584222605,4
2011-05-02 01:00:00,Lower,1359,1359,159.0747120565,-31.3616996446,-6.6967954636,Vx,Surface,m s$^{-1}$,-0.4596078405,-0.0884111200,-0.0188555750,0.0695555450,4
2011-05-02 02:00:00,Lower,1359,1359,159.0747120565,-31.3616996446,-6.6967954636,Vx,Surface,m s$^{-1}$,-0.5161568912,-0.0907358544,-0.0171316447,0.0736042098,4
2011-05-02 03:00:00,Lower,1359,1359,159.0747120565,-31.3616996446,-6.6967954636,Vx,Surface,m s$^{-1}$,-0.5642566870,-0.0888097600,-0.0117488922,0.0770608678,4
2011-05-02 04:00:00,Lower,1359,1359,159.0747120565,-31.3616996446,-6.6967954636,Vx,Surface,m s$^{-1}$,-0.5953453375,-0.0813561829,-0.0103974805,0.0709587024,4
2011-05-02 05:00:00,Lower,1359,1359,159.0747120565,-31.3616996446,-6.6967954636,Vx,Surface,m s$^{-1}$,-0.6030843978,-0.0704898649,-0.0050790512,0.0654108137,4
2011-05-02 06:00:00,Lower,1359,1359,159.0747120565,-31.3616996446,-6.6967954636,Vx,Surface,m s$^{-1}$,-0.5780517791,-0.0629192192,0.0106324700,0.0735516892,4
2011-05-02 07:00:00,Lower,1359,1359,159.0747120565,-31.3616996446,-6.6967954636,Vx,Surface,m s$^{-1}$,-0.5201636426,-0.0520576175,0.0383486773,0.0904062949,4
2011-05-02 08:00:00,Lower,1359,1359,159.0747120565,-31.3616996446,-6.6967954636,Vx,Surface,m s$^{-1}$,-0.4515799815,-0.0427551097,0.0549718551,0.0977269649,4
2011-05-02 09:00:00,Lower,1359,1359,159.0747120565,-31.3616996446,-6.6967954636,Vx,Surface,m s$^{-1}$,-0.3915055681,-0.0392023048,0.0420431067,0.0812454115,4
2011-05-02 10:00:00,Lower,1359,1359,159.0747120565,-31.3616996446,-6.6967954636,Vx,Surface,m s$^{-1}$,-0.3509883832,-0.0390340398,0.0306568042,0.0696908439,4
2011-05-02 11:00:00,Lower,1359,1359,159.0747120565,-31.3616996446,-6.6967954636,Vx,Surface,m s$^{-1}$,-0.3398683592,-0.0448652857,0.0113825601,0.0562478457,4
2011-05-02 12:00:00,Lower,1359,1359,159.0747120565,-31.3616996446,-6.6967954636,Vx,Surface,m s$^{-1}$,-0.3581197693,-0.0569600111,-0.0051359960,0.0518240152,4
2011-05-02 13:00:00,Lower,1359,1359,159.0747120565,-31.3616996446,-6.6967954636,Vx,Surface,m s$^{-1}$,-0.4044002428,-0.0707145316,-0.0166892393,0.0540252923,4
2011-05-02 14:00:00,Lower,1359,1359,159.0747120565,-31.3616996446,-6.6967954636,Vx,Surface,m s$^{-1}$,-0.4604990714,-0.0789181795,-0.0145603915,0.0643577880,4
2011-05-02 15:00:00,Lower,1359,1359,159.0747120565,-31.3616996446,-6.6967954636,Vx,Surface,m s$^{-1}$,-0.5074133113,-0.0797997372,-0.0081486378,0.0716510994,4
2011-05-02 16:00:00,Lower,1359,1359,159.0747120565,-31.3616996446,-6.6967954636,Vx,Surface,m s$^{-1}$,-0.5371468967,-0.0737317229,-0.0073957646,0.0663359583,4
2011-05-02 17:00:00,Lower,1359,1359,159.0747120565,-31.3616996446,-6.6967954636,Vx,Surface,m s$^{-1}$,-0.5604836619,-0.0690215730,-0.0127121504,0.0563094227,4
2011-05-02 18:00:00,Lower,1359,1359,159.0747120565,-31.3616996446,-6.6967954636,Vx,Surface,m s$^{-1}$,-0.5469277813,-0.0551339294,0.0075523249,0.0626862543,4
2011-05-02 19:00:00,Lower,1359,1359,159.0747120565,-31.3616996446,-6.6967954636,Vx,Surface,m s$^{-1}$,-0.4995210697,-0.0495323447,0.0280476715,0.0775800162,4
2011-05-02 20:00:00,Lower,1359,1359,159.0747120565,-31.3616996446,-6.6967954636,Vx,Surface,m s$^{-1}$,-0.4410256303,-0.0378488679,0.0438539910,0.0817028589,4
2011-05-02 21:00:00,Lower,1359,1359,159.0747120565,-31.3616996446,-6.6967954636,Vx,Surface,m s$^{-1}$,-0.3811947546,-0.0326959902,0.0392277971,0.0719237873,4
2011-05-02 22:00:00,Lower,1359,1359,159.0747120565,-31.3616996446,-6.6967954636,Vx,Surface,m s$^{-1}$,-0.3409186335,-0.0312499217,0.0289067869,0.0601567086,4
2011-05-02 23:00:00,Lower,1359,1359,159.0747120565,-31.3616996446,-6.6967954636,Vx,Surface,m s$^{-1}$,-0.3296736087,-0.0356963588,0.0097441929,0.0454405517,4
2011-05-03 00:00:00,Lower,1359,1359,159.0747120565,-31.3616996446,-6.6967954636,Vx,Surface,m s$^{-1}$,-0.3574457068,-0.0533490270,-0.0122397461,0.0411092810,4
2011-05-03 01:00:00,Lower,1359,1359,159.0747120565,-31.3616996446,-6.6967954636,Vx,Surface,m s$^{-1}$,-0.4036159937,-0.0669578469,-0.0161392673,0.0508185796,4
2011-05-03 02:00:00,Lower,1359,1359,159.0747120565,-31.3616996446,-6.6967954636,Vx,Surface,m s$^{-1}$,-0.4692299332,-0.0826084297,-0.0189728853,0.0636355444,4
2011-05-03 03:00:00,Lower,1359,1359,159.0747120565,-31.3616996446,-6.6967954636,Vx,Surface,m s$^{-1}$,-0.5258557592,-0.0852269440,-0.0172726373,0.0679543067,4
2011-05-03 04:00:00,Lower,1359,1359,159.0747120565,-31.3616996446,-6.6967954636,Vx,Surface,m s$^{-1}$,-0.5742584514,-0.0822189021,-0.0122569036,0.0699619985,4
2011-05-03 05:00:00,Lower,1359,1359,159.0747120565,-31.3616996446,-6.6967954636,Vx,Surface,m s$^{-1}$,-0.6141614180,-0.0781103873,-0.0140853091,0.0640250782,4
2011-05-03 06:00:00,Lower,1359,1359,159.0747120565,-31.3616996446,-6.6967954636,Vx,Surface,m s$^{-1}$,-0.6131842217,-0.0611974027,0.0009366821,0.0621340848,4
2011-05-03 07:00:00,Lower,1359,1359,159.0747120565,-31.3616996446,-6.6967954636,Vx,Surface,m s$^{-1}$,-0.5785940029,-0.0552122353,0.0165786019,0.0717908372,4
2011-05-03 08:00:00,Lower,1359,1359,159.0747120565,-31.3616996446,-6.6967954636,Vx,Surface,m s$^{-1}$,-0.5203609061,-0.0431296875,0.0387343686,0.0818640561,4
2011-05-03 09:00:00,Lower,1359,1359,159.0747120565,-31.3616996446,-6.6967954636,Vx,Surface,m s$^{-1}$,-0.4417334718,-0.0338765745,0.0611208286,0.0949974030,4
2011-05-03 10:00:00,Lower,1359,1359,159.0747120565,-31.3616996446,-6.6967954636,Vx,Surface,m s$^{-1}$,-0.3813514345,-0.0341576939,0.0410321866,0.0751898805,4
2011-05-03 11:00:00,Lower,1359,1359,159.0747120565,-31.3616996446,-6.6967954636,Vx,Surface,m s$^{-1}$,-0.3411732054,-0.0300862516,0.0312258607,0.0613121122,4
2011-05-03 12:00:00,Lower,1359,1359,159.0747120565,-31.3616996446,-6.6967954636,Vx,Surface,m s$^{-1}$,-0.3397295792,-0.0410835804,0.0051629419,0.0462465223,4
2011-05-03 13:00:00,Lower,1359,1359,159.0747120565,-31.3616996446,-6.6967954636,Vx,Surface,m s$^{-1}$,-0.3673837542,-0.0519083906,-0.0090040563,0.0429043344,4
2011-05-03 14:00:00,Lower,1359,1359,159.0747120565,-31.3616996446,-6.6967954636,Vx,Surface,m s$^{-1}$,-0.4138325827,-0.0640793519,-0.0155842663,0.0484950857,4
2011-05-03 15:00:00,Lower,1359,1359,159.0747120565,-31.3616996446,-6.6967954636,Vx,Surface,m s$^{-1}$,-0.4699787053,-0.0735188347,-0.0144969686,0.0590218661,4
2011-05-03 16:00:00,Lower,1359,1359,159.0747120565,-31.3616996446,-6.6967954636,Vx,Surface,m s$^{-1}$,-0.5171058377,-0.0726966887,-0.0133003118,0.0593963769,4
2011-05-03 17:00:00,Lower,1359,1359,159.0747120565,-31.3616996446,-6.6967954636,Vx,Surface,m s$^{-1}$,-0.5560143143,-0.0698743788,-0.0105988595,0.0592755193,4
2011-05-03 18:00:00,Lower,1359,1359,159.0747120565,-31.3616996446,-6.6967954636,Vx,Surface,m s$^{-1}$,-0.5618160205,-0.0557117150,-0.0008768958,0.0548348191,4
2011-05-03 19:00:00,Lower,1359,1359,159.0747120565,-31.3616996446,-6.6967954636,Vx,Surface,m s$^{-1}$,-0.5474655163,-0.0494977646,0.0049742854,0.0544720501,4
2011-05-03 20:00:00,Lower,1359,1359,159.0747120565,-31.3616996446,-6.6967954636,Vx,Surface,m s$^{-1}$,-0.4997265792,-0.0393365089,0.0291688968,0.0685054057,4
2011-05-03 21:00:00,Lower,1359,1359,159.0747120565,-31.3616996446,-6.6967954636,Vx,Surface,m s$^{-1}$,-0.4312605240,-0.0355074099,0.0509194309,0.0864268408,4
2011-05-03 22:00:00,Lower,1359,1359,159.0747120565,-31.3616996446,-6.6967954636,Vx,Surface,m s$^{-1}$,-0.3715016702,-0.0293029595,0.0403255227,0.0696284822,4
2011-05-03 23:00:00,Lower,1359,1359,159.0747120565,-31.3616996446,-6.6967954636,Vx,Surface,m s$^{-1}$,-0.3309468543,-0.0283961057,0.0299067136,0.0583028192,4
2011-05-04 00:00:00,Lower,1359,1359,159.0747120565,-31.3616996446,-6.6967954636,Vx,Surface,m s$^{-1}$,-0.3295012162,-0.0370433929,0.0040718251,0.0411152180,4
2011-05-04 01:00:00,Lower,1359,1359,159.0747120565,-31.3616996446,-6.6967954636,Vx,Surface,m s$^{-1}$,-0.3572829433,-0.0507062171,-0.0106084039,0.0400978132,4
2011-05-04 02:00:00,Lower,1359,1359,159.0747120565,-31.3616996446,-6.6967954636,Vx,Surface,m s$^{-1}$,-0.4130296941,-0.0704454703,-0.0210358494,0.0494096209,4
2011-05-04 03:00:00,Lower,1359,1359,159.0747120565,-31.3616996446,-6.6967954636,Vx,Surface,m s$^{-1}$,-0.4884565222,-0.0887955414,-0.0246386778,0.0641568636,4
2011-05-04 04:00:00,Lower,1359,1359,159.0747120565,-31.3616996446,-6.6967954636,Vx,Surface,m s$^{-1}$,-0.5459118842,-0.0853896417,-0.0157835046,0.0696061371,4
2011-05-04 05:00:00,Lower,1359,1359,159.0747120565,-31.3616996446,-6.6967954636,Vx,Surface,m s$^{-1}$,-0.5940119307,-0.0805613945,-0.0104720426,0.0700893519,4
2011-05-04 06:00:00,Lower,1359,1359,159.0747120565,-31.3616996446,-6.6967954636,Vx,Surface,m s$^{-1}$,-0.6248818665,-0.0714728457,-0.0098620122,0.0616108335,4
2011-05-04 07:00:00,Lower,1359,1359,159.0747120565,-31.3616996446,-6.6967954636,Vx,Surface,m s$^{-1}$,-0.6240872976,-0.0559957873,0.0004175193,0.0564133066,4
2011-05-04 08:00:00,Lower,1359,1359,159.0747120565,-31.3616996446,-6.6967954636,Vx,Surface,m s$^{-1}$,-0.5790845993,-0.0450073396,0.0239861730,0.0689935126,4
2011-05-04 09:00:00,Lower,1359,1359,159.0747120565,-31.3616996446,-6.6967954636,Vx,Surface,m s$^{-1}$,-0.5010910239,-0.0330460073,0.0525885315,0.0856345388,4
2011-05-04 10:00:00,Lower,1359,1359,159.0747120565,-31.3616996446,-6.6967954636,Vx,Surface,m s$^{-1}$,-0.4216063269,-0.0274621291,0.0618144120,0.0892765411,4
2011-05-04 11:00:00,Lower,1359,1359,159.0747120565,-31.3616996446,-6.6967954636,Vx,Surface,m s$^{-1}$,-0.3611951028,-0.0189488817,0.0438441010,0.0627929826,4
2011-05-04 12:00:00,Lower,1359,1359,159.0747120565,-31.3616996446,-6.6967954636,Vx,Surface,m s$^{-1}$,-0.3307071112,-0.0118227954,0.0234421151,0.0352649105,4
2011-05-04 13:00:00,Lower,1359,1359,159.0747120565,-31.3616996446,-6.6967954636,Vx,Surface,m s$^{-1}$,-0.3298429962,-0.0200439035,0.0063939073,0.0264378107,4
2011-05-04 14:00:00,Lower,1359,1359,159.0747120565,-31.3616996446,-6.6967954636,Vx,Surface,m s$^{-1}$,-0.3670668761,-0.0461681687,-0.0147514117,0.0314167570,4
2011-05-04 15:00:00,Lower,1359,1359,159.0747120565,-31.3616996446,-6.6967954636,Vx,Surface,m s$^{-1}$,-0.4231242782,-0.0720199887,-0.0160695880,0.0559504007,4
2011-05-04 16:00:00,Lower,1359,1359,159.0747120565,-31.3616996446,-6.6967954636,Vx,Surface,m s$^{-1}$,-0.4793682628,-0.0845921227,-0.0129316253,0.0716604974,4
2011-05-04 17:00:00,Lower,1359,1359,159.0747120565,-31.3616996446,-6.6967954636,Vx,Surface,m s$^{-1}$,-0.5268454895,-0.0846740889,-0.0111088727,0.0735652162,4
2011-05-04 18:00:00,Lower,1359,1359,159.0747120565,-31.3616996446,-6.6967954636,Vx,Surface,m s$^{-1}$,-0.5658277671,-0.0797663772,-0.0098811478,0.0698852293,4
2011-05-04 19:00:00,Lower,1359,1359,159.0747120565,-31.3616996446,-6.6967954636,Vx,Surface,m s$^{-1}$,-0.5802470008,-0.0667105813,-0.0059904993,0.0607200820,4
2011-05-04 20:00:00,Lower,1359,1359,159.0747120565,-31.3616996446,-6.6967954636,Vx,Surface,m s$^{-1}$,-0.5577519499,-0.0527144444,0.0121405645,0.0648550088,4
2011-05-04 21:00:00,Lower,1359,1359,159.0747120565,-31.3616996446,-6.6967954636,Vx,Surface,m s$^{-1}$,-0.5002271831,-0.0436323937,0.0356971775,0.0793295712,4
2011-05-04 22:00:00,Lower,1359,1359,159.0747120565,-31.3616996446,-6.6967954636,Vx,Surface,m s$^{-1}$,-0.4411742854,-0.0350804443,0.0448273250,0.0799077693,4
2011-05-04 23:00:00,Lower,1359,1359,159.0747120565,-31.3616996446,-6.6967954636,Vx,Surface,m s$^{-1}$,-0.3813495383,-0.0263474742,0.0395335911,0.0658810653,4
2011-05-05 00:00:00,Lower,1359,1359,159.0747120565,-31.3616996446,-6.6967954636,Vx,Surface,m s$^{-1}$,-0.3506207504,-0.0304068412,0.0226473870,0.0530542282,4
2011-05-05 01:00:00,Lower,1359,1359,159.0747120565,-31.3616996446,-6.6967954636,Vx,Surface,m s$^{-1}$,-0.3494544713,-0.0336230608,0.0043511779,0.0379742387,4
2011-05-05 02:00:00,Lower,1359,1359,159.0747120565,-31.3616996446,-6.6967954636,Vx,Surface,m s$^{-1}$,-0.3865720090,-0.0547406315,-0.0156846777,0.0390559538,4
2011-05-05 03:00:00,Lower,1359,1359,159.0747120565,-31.3616996446,-6.6967954636,Vx,Surface,m s$^{-1}$,-0.4426864801,-0.0719120146,-0.0160591770,0.0558528375,4
2011-05-05 04:00:00,Lower,1359,1359,159.0747120565,-31.3616996446,-6.6967954636,Vx,Surface,m s$^{-1}$,-0.5183772181,-0.0890513227,-0.0323701991,0.0566811236,4
2011-05-05 05:00:00,Lower,1359,1359,159.0747120565,-31.3616996446,-6.6967954636,Vx,Surface,m s$^{-1}$,-0.5757493468,-0.0859074717,-0.0163441256,0.0695633461,4
2011-05-05 06:00:00,Lower,1359,1359,159.0747120565,-31.3616996446,-6.6967954636,Vx,Surface,m s$^{-1}$,-0.6238874607,-0.0801345340,-0.0105270917,0.0696074423,4
2011-05-05 07:00:00,Lower,1359,1359,159.0747120565,-31.3616996446,-6.6967954636,Vx,Surface,m s$^{-1}$,-0.6374566439,-0.0635755132,-0.0031740057,0.0604015075,4
2011-05-05 08:00:00,Lower,1359,1359,159.0747120565,-31.3616996446,-6.6967954636,Vx,Surface,m s$^{-1}$,-0.6263275480,-0.0523229715,0.0047239928,0.0570469643,4
2011-05-05 09:00:00,Lower,1359,1359,159.0747120565,-31.3616996446,-6.6967954636,Vx,Surface,m s$^{-1}$,-0.5795879173,-0.0412328951,0.0264231308,0.0676560259,4
2011-05-05 10:00:00,Lower,1359,1359,159.0747120565,-31.3616996446,-6.6967954636,Vx,Surface,m s$^{-1}$,-0.5011379750,-0.0314518566,0.0535216083,0.0849734649,4
2011-05-05 11:00:00,Lower,1359,1359,159.0747120565,-31.3616996446,-6.6967954636,Vx,Surface,m s$^{-1}$,-0.4217284591,-0.0282304928,0.0609562215,0.0891867143,4
2011-05-05 12:00:00,Lower,1359,1359,159.0747120565,-31.3616996446,-6.6967954636,Vx,Surface,m s$^{-1}$,-0.3614637794,-0.0253936053,0.0419368963,0.0673305016,4
2011-05-05 13:00:00,Lower,1359,1359,159.0747120565,-31.3616996446,-6.6967954636,Vx,Surface,m s$^{-1}$,-0.3309487161,-0.0286686889,0.0253716056,0.0540402946,4
2011-05-05 14:00:00,Lower,1359,1359,159.0747120565,-31.3616996446,-6.6967954636,Vx,Surface,m s$^{-1}$,-0.3299398503,-0.0338073794,0.0064943761,0.0403017555,4
2011-05-05 15:00:00,Lower,1359,1359,159.0747120565,-31.3616996446,-6.6967954636,Vx,Surface,m s$^{-1}$,-0.3767561669,-0.0586383157,-0.0197584471,0.0388798686,4
2011-05-05 16:00:00,Lower,1359,1359,159.0747120565,-31.3616996446,-6.6967954636,Vx,Surface,m s$^{-1}$,-0.4424455284,-0.0785470607,-0.0205145513,0.0580325094,4
2011-05-05 17:00:00,Lower,1359,1359,159.0747120565,-31.3616996446,-6.6967954636,Vx,Surface,m s$^{-1}$,-0.4992102709,-0.0812951276,-0.0132357949,0.0680593327,4
2011-05-05 18:00:00,Lower,1359,1359,159.0747120565,-31.3616996446,-6.6967954636,Vx,Surface,m s$^{-1}$,-0.5468421696,-0.0792112423,-0.0102694449,0.0689417974,4
2011-05-05 19:00:00,Lower,1359,1359,159.0747120565,-31.3616996446,-6.6967954636,Vx,Surface,m s$^{-1}$,-0.5764564158,-0.0701627595,-0.0053185370,0.0648442224,4
2011-05-05 20:00:00,Lower,1359,1359,159.0747120565,-31.3616996446,-6.6967954636,Vx,Surface,m s$^{-1}$,-0.5741549860,-0.0549650198,0.0034589942,0.0584240140,4
2011-05-05 21:00:00,Lower,1359,1359,159.0747120565,-31.3616996446,-6.6967954636,Vx,Surface,m s$^{-1}$,-0.5388659924,-0.0467166424,0.0172092798,0.0639259222,4
2011-05-05 22:00:00,Lower,1359,1359,159.0747120565,-31.3616996446,-6.6967954636,Vx,Surface,m s$^{-1}$,-0.4708918206,-0.0349252269,0.0550278474,0.0899530742,4
2011-05-05 23:00:00,Lower,1359,1359,159.0747120565,-31.3616996446,-6.6967954636,Vx,Surface,m s$^{-1}$,-0.4112539820,-0.0334560309,0.0451834874,0.0786395183,4
2011-05-06 00:00:00,Lower,1359,1359,159.0747120565,-31.3616996446,-6.6967954636,Vx,Surface,m s$^{-1}$,-0.3516418812,-0.0226836374,0.0416834902,0.0643671276,4
2011-05-06 01:00:00,Lower,1359,1359,159.0747120565,-31.3616996446,-6.6967954636,Vx,Surface,m s$^{-1}$,-0.3206922465,-0.0324010595,0.0229648093,0.0553658688,4
2011-05-06 02:00:00,Lower,1359,1359,159.0747120565,-31.3616996446,-6.6967954636,Vx,Surface,m s$^{-1}$,-0.3293086902,-0.0385420939,-0.0019470729,0.0365950210,4
2011-05-06 03:00:00,Lower,1359,1359,159.0747120565,-31.3616996446,-6.6967954636,Vx,Surface,m s$^{-1}$,-0.3851494413,-0.0691412186,-0.0249287204,0.0442124983,4
2011-05-06 04:00:00,Lower,1359,1359,159.0747120565,-31.3616996446,-6.6967954636,Vx,Surface,m s$^{-1}$,-0.4511883124,-0.0866776252,-0.0203816100,0.0662960152,4
2011-05-06 05:00:00,Lower,1359,1359,159.0747120565,-31.3616996446,-6.6967954636,Vx,Surface,m s$^{-1}$,-0.5386012852,-0.1019346374,-0.0385778967,0.0633567407,4
2011-05-06 06:00:00,Lower,1359,1359,159.0747120565,-31.3616996446,-6.6967954636,Vx,Surface,m s$^{-1}$,-0.6063197257,-0.0977052627,-0.0247245740,0.0729806887,4
2011-05-06 07:00:00,Lower,1359,1359,159.0747120565,-31.3616996446,-6.6967954636,Vx,Surface,m s$^{-1}$,-0.6434895982,-0.0815386612,-0.0043791709,0.0771594904,4
2011-05-06 08:00:00,Lower,1359,1359,159.0747120565,-31.3616996446,-6.6967954636,Vx,Surface,m s$^{-1}$,-0.6585361500,-0.0678586234,-0.0051700926,0.0626885308,4
2011-05-06 09:00:00,Lower,1359,1359,159.0747120565,-31.3616996446,-6.6967954636,Vx,Surface,m s$^{-1}$,-0.6276371236,-0.0506302963,0.0145021232,0.0651324195,4
2011-05-06 10:00:00,Lower,1359,1359,159.0747120565,-31.3616996446,-6.6967954636,Vx,Surface,m s$^{-1}$,-0.5507815363,-0.0386653646,0.0489234407,0.0875888054,4
2011-05-06 11:00:00,Lower,1359,1359,159.0747120565,-31.3616996446,-6.6967954636,Vx,Surface,m s$^{-1}$,-0.4715240080,-0.0304809396,0.0667100794,0.0971910190,4
2011-05-06 12:00:00,Lower,1359,1359,159.0747120565,-31.3616996446,-6.6967954636,Vx,Surface,m s$^{-1}$,-0.3817088800,-0.0205055870,0.0617901648,0.0822957518,4
2011-05-06 13:00:00,Lower,1359,1359,159.0747120565,-31.3616996446,-6.6967954636,Vx,Surface,m s$^{-1}$,-0.3212869563,-0.0282921701,0.0440462429,0.0723384130,4
2011-05-06 14:00:00,Lower,1359,1359,159.0747120565,-31.3616996446,-6.6967954636,Vx,Surface,m s$^{-1}$,-0.3009318433,-0.0280441466,0.0195497606,0.0475939072,4
2011-05-06 15:00:00,Lower,1359,1359,159.0747120565,-31.3616996446,-6.6967954636,Vx,Surface,m s$^{-1}$,-0.3191876277,-0.0442333360,-0.0048473743,0.0393859616,4
2011-05-06 16:00:00,Lower,1359,1359,159.0747120565,-31.3616996446,-6.6967954636,Vx,Surface,m s$^{-1}$,-0.3751490069,-0.0647869815,-0.0232712144,0.0415157671,4
2011-05-06 17:00:00,Lower,1359,1359,159.0747120565,-31.3616996446,-6.6967954636,Vx,Surface,m s$^{-1}$,-0.4414300722,-0.0823715360,-0.0197149769,0.0626565591,4
2011-05-06 18:00:00,Lower,1359,1359,159.0747120565,-31.3616996446,-6.6967954636,Vx,Surface,m s$^{-1}$,-0.4986098138,-0.0826822739,-0.0129127945,0.0697694793,4
2011-05-06 19:00:00,Lower,1359,1359,159.0747120565,-31.3616996446,-6.6967954636,Vx,Surface,m s$^{-1}$,-0.5561633863,-0.0842082663,-0.0167286909,0.0674795754,4
2011-05-06 20:00:00,Lower,1359,1359,159.0747120565,-31.3616996446,-6.6967954636,Vx,Surface,m s$^{-1}$,-0.5856174861,-0.0722101447,-0.0048048201,0.0674053246,4
2011-05-06 21:00:00,Lower,1359,1359,159.0747120565,-31.3616996446,-6.6967954636,Vx,Surface,m s$^{-1}$,-0.5749191620,-0.0556515481,0.0082574349,0.0639089830,4
2011-05-06 22:00:00,Lower,1359,1359,159.0747120565,-31.3616996446,-6.6967954636,Vx,Surface,m s$^{-1}$,-0.5199720153,-0.0468106658,0.0312559101,0.0780665759,4
2011-05-06 23:00:00,Lower,1359,1359,159.0747120565,-31.3616996446,-6.6967954636,Vx,Surface,m s$^{-1}$,-0.4511678957,-0.0389786438,0.0515678837,0.0905465275,4
2011-05-07 00:00:00,Lower,1359,1359,159.0747120565,-31.3616996446,-6.6967954636,Vx,Surface,m s$^{-1}$,-0.3719360263,-0.0287817675,0.0514164852,0.0801982527,4
2011-05-01 01:00:00,Lower,1359,1359,159.0747120565,-31.3616996446,-6.6967954636,Vy,Mid-depth,m s$^{-1}$,-3.3552896816,-0.2478515903,0.0729785273,0.3208301176,4
2011-05-01 02:00:00,Lower,1359,1359,159.0747120565,-31.3616996446,-6.6967954636,Vy,Mid-depth,m s$^{-1}$,-3.3827965508,-0.2790598284,0.0850722960,0.3641321243,4
2011-05-01 03:00:00,Lower,1359,1359,159.0747120565,-31.3616996446,-6.6967954636,Vy,Mid-depth,m s$^{-1}$,-3.3973791669,-0.2357454438,0.0442426327,0.2799880765,4
2011-05-01 04:00:00,Lower,1359,1359,159.0747120565,-31.3616996446,-6.6967954636,Vy,Mid-depth,m s$^{-1}$,-3.3978000867,-0.1902303545,-0.0307944290,0.1594359256,4
2011-05-01 05:00:00,Lower,1359,1359,159.0747120565,-31.3616996446,-6.6967954636,Vy,Mid-depth,m s$^{-1}$,-3.3908924931,-0.2306844659,-0.0667389864,0.1639454795,4
2011-05-01 06:00:00,Lower,1359,1359,159.0747120565,-31.3616996446,-6.6967954636,Vy,Mid-depth,m s$^{-1}$,-3.3630745154,-0.2163976686,-0.0778239885,0.1385736801,4
2011-05-01 07:00:00,Lower,1359,1359,159.0747120565,-31.3616996446,-6.6967954636,Vy,Mid-depth,m s$^{-1}$,-3.3338376210,-0.2046625052,-0.0736237270,0.1310387781,4
2011-05-01 08:00:00,Lower,1359,1359,159.0747120565,-31.3616996446,-6.6967954636,Vy,Mid-depth,m s$^{-1}$,-3.3041120527,-0.1920910017,-0.0741119088,0.1179790929,4
2011-05-01 09:00:00,Lower,1359,1359,159.0747120565,-31.3616996446,-6.6967954636,Vy,Mid-depth,m s$^{-1}$,-3.2838591335,-0.1605729516,-0.0605585686,0.1000143830,4
2011-05-01 10:00:00,Lower,1359,1359,159.0747120565,-31.3616996446,-6.6967954636,Vy,Mid-depth,m s$^{-1}$,-3.2782574612,-0.1386490487,-0.0267266332,0.1119224155,4
2011-05-01 11:00:00,Lower,1359,1359,159.0747120565,-31.3616996446,-6.6967954636,Vy,Mid-depth,m s$^{-1}$,-3.2826401503,-0.1249276243,-0.0086769981,0.1162506262,4
2011-05-01 12:00:00,Lower,1359,1359,159.0747120565,-31.3616996446,-6.6967954636,Vy,Mid-depth,m s$^{-1}$,-3.3056945071,-0.0812786510,0.0349125756,0.1161912266,4
2011-05-01 13:00:00,Lower,1359,1359,159.0747120565,-31.3616996446,-6.6967954636,Vy,Mid-depth,m s$^{-1}$,-3.3334870054,-0.1012479078,0.0457197299,0.1469676377,4
2011-05-01 14:00:00,Lower,1359,1359,159.0747120565,-31.3616996446,-6.6967954636,Vy,Mid-depth,m s$^{-1}$,-3.3568453773,-0.1100110633,0.0359605907,0.1459716540,4
2011-05-01 15:00:00,Lower,1359,1359,159.0747120565,-31.3616996446,-6.6967954636,Vy,Mid-depth,m s$^{-1}$,-3.3762211474,-0.1153728580,0.0186315916,0.1340044496,4
2011-05-01 16:00:00,Lower,1359,1359,159.0747120565,-31.3616996446,-6.6967954636,Vy,Mid-depth,m s$^{-1}$,-3.3836478836,-0.1372938079,-0.0283407406,0.1089530673,4
2011-05-01 17:00:00,Lower,1359,1359,159.0747120565,-31.3616996446,-6.6967954636,Vy,Mid-depth,m s$^{-1}$,-3.3815592597,-0.1345942932,-0.0397942670,0.0948000263,4
2011-05-01 18:00:00,Lower,1359,1359,159.0747120565,-31.3616996446,-6.6967954636,Vy,Mid-depth,m s$^{-1}$,-3.3580845761,-0.1755623802,-0.0693140938,0.1062482865,4
2011-05-01 19:00:00,Lower,1359,1359,159.0747120565,-31.3616996446,-6.6967954636,Vy,Mid-depth,m s$^{-1}$,-3.3287942350,-0.1562871091,-0.0735126600,0.0827744491,4
2011-05-01 20:00:00,Lower,1359,1359,159.0747120565,-31.3616996446,-6.6967954636,Vy,Mid-depth,m s$^{-1}$,-3.2990751077,-0.1561864682,-0.0763693620,0.0798171062,4
2011-05-01 21:00:00,Lower,1359,1359,159.0747120565,-31.3616996446,-6.6967954636,Vy,Mid-depth,m s$^{-1}$,-3.2739203008,-0.1382801140,-0.0730550148,0.0652250992,4
2011-05-01 22:00:00,Lower,1359,1359,159.0747120565,-31.3616996446,-6.6967954636,Vy,Mid-depth,m s$^{-1}$,-3.2634906376,-0.1117970497,-0.0394757002,0.0723213495,4
2011-05-01 23:00:00,Lower,1359,1359,159.0747120565,-31.3616996446,-6.6967954636,Vy,Mid-depth,m s$^{-1}$,-3.2725443964,-0.0851247189,0.0064153107,0.0915400297,4
2011-05-02 00:00:00,Lower,1359,1359,159.0747120565,-31.3616996446,-6.6967954636,Vy,Mid-depth,m s$^{-1}$,-3.2955942085,-0.0701436224,0.0330956912,0.1032393136,4
2011-05-02 01:00:00,Lower,1359,1359,159.0747120565,-31.3616996446,-6.6967954636,Vy,Mid-depth,m s$^{-1}$,-3.3282016520,-0.0671711162,0.0595732311,0.1267443473,4
2011-05-02 02:00:00,Lower,1359,1359,159.0747120565,-31.3616996446,-6.6967954636,Vy,Mid-depth,m s$^{-1}$,-3.3564761774,-0.0985883812,0.0538318538,0.1524202349,4
2011-05-02 03:00:00,Lower,1359,1359,159.0747120565,-31.3616996446,-6.6967954636,Vy,Mid-depth,m s$^{-1}$,-3.3805260753,-0.1008978931,0.0367340451,0.1376319383,4
2011-05-02 04:00:00,Lower,1359,1359,159.0747120565,-31.3616996446,-6.6967954636,Vy,Mid-depth,m s$^{-1}$,-3.3960704005,-0.1203795058,0.0030261081,0.1234056139,4
2011-05-02 05:00:00,Lower,1359,1359,159.0747120565,-31.3616996446,-6.6967954636,Vy,Mid-depth,m s$^{-1}$,-3.3999399307,-0.1309034249,-0.0397150288,0.0911883961,4
2011-05-02 06:00:00,Lower,1359,1359,159.0747120565,-31.3616996446,-6.6967954636,Vy,Mid-depth,m s$^{-1}$,-3.3874236213,-0.1457499078,-0.0570140822,0.0887358256,4
2011-05-02 07:00:00,Lower,1359,1359,159.0747120565,-31.3616996446,-6.6967954636,Vy,Mid-depth,m s$^{-1}$,-3.3584795531,-0.1677263119,-0.0710967340,0.0966295780,4
2011-05-02 08:00:00,Lower,1359,1359,159.0747120565,-31.3616996446,-6.6967954636,Vy,Mid-depth,m s$^{-1}$,-3.3241877225,-0.1564127200,-0.0803871193,0.0760256007,4
2011-05-02 09:00:00,Lower,1359,1359,159.0747120565,-31.3616996446,-6.6967954636,Vy,Mid-depth,m s$^{-1}$,-3.2941505158,-0.1401200286,-0.0778976885,0.0622223401,4
2011-05-02 10:00:00,Lower,1359,1359,159.0747120565,-31.3616996446,-6.6967954636,Vy,Mid-depth,m s$^{-1}$,-3.2738919234,-0.1231950477,-0.0604664519,0.0627285957,4
2011-05-02 11:00:00,Lower,1359,1359,159.0747120565,-31.3616996446,-6.6967954636,Vy,Mid-depth,m s$^{-1}$,-3.2683319114,-0.0996739963,-0.0267550140,0.0729189823,4
2011-05-02 12:00:00,Lower,1359,1359,159.0747120565,-31.3616996446,-6.6967954636,Vy,Mid-depth,m s$^{-1}$,-3.2774576164,-0.0814133275,0.0036370082,0.0850503357,4
2011-05-02 13:00:00,Lower,1359,1359,159.0747120565,-31.3616996446,-6.6967954636,Vy,Mid-depth,m s$^{-1}$,-3.3005978532,-0.0600257127,0.0339094773,0.0939351900,4
2011-05-02 14:00:00,Lower,1359,1359,159.0747120565,-31.3616996446,-6.6967954636,Vy,Mid-depth,m s$^{-1}$,-3.3286472675,-0.0718028399,0.0471852555,0.1189880954,4
2011-05-02 15:00:00,Lower,1359,1359,159.0747120565,-31.3616996446,-6.6967954636,Vy,Mid-depth,m s$^{-1}$,-3.3521043874,-0.0922628450,0.0359718598,0.1282347049,4
2011-05-02 16:00:00,Lower,1359,1359,159.0747120565,-31.3616996446,-6.6967954636,Vy,Mid-depth,m s$^{-1}$,-3.3669711801,-0.1084657914,0.0049531281,0.1134189196,4
2011-05-02 17:00:00,Lower,1359,1359,159.0747120565,-31.3616996446,-6.6967954636,Vy,Mid-depth,m s$^{-1}$,-3.3786395627,-0.1046513551,-0.0122748056,0.0923765495,4
2011-05-02 18:00:00,Lower,1359,1359,159.0747120565,-31.3616996446,-6.6967954636,Vy,Mid-depth,m s$^{-1}$,-3.3718616224,-0.1414474406,-0.0551176093,0.0863298313,4
2011-05-02 19:00:00,Lower,1359,1359,159.0747120565,-31.3616996446,-6.6967954636,Vy,Mid-depth,m s$^{-1}$,-3.3481582666,-0.1469892814,-0.0660139735,0.0809753080,4
2011-05-02 20:00:00,Lower,1359,1359,159.0747120565,-31.3616996446,-6.6967954636,Vy,Mid-depth,m s$^{-1}$,-3.3189105469,-0.1484106971,-0.0765170316,0.0718936655,4
2011-05-02 21:00:00,Lower,1359,1359,159.0747120565,-31.3616996446,-6.6967954636,Vy,Mid-depth,m s$^{-1}$,-3.2889951091,-0.1398360129,-0.0821228209,0.0577131919,4
2011-05-02 22:00:00,Lower,1359,1359,159.0747120565,-31.3616996446,-6.6967954636,Vy,Mid-depth,m s$^{-1}$,-3.2688570486,-0.1147088238,-0.0602992995,0.0544095243,4
2011-05-02 23:00:00,Lower,1359,1359,159.0747120565,-31.3616996446,-6.6967954636,Vy,Mid-depth,m s$^{-1}$,-3.2632345361,-0.0950288939,-0.0269429948,0.0680858992,4
2011-05-03 00:00:00,Lower,1359,1359,159.0747120565,-31.3616996446,-6.6967954636,Vy,Mid-depth,m s$^{-1}$,-3.2771205852,-0.0608153606,0.0170741784,0.0778895390,4
2011-05-03 01:00:00,Lower,1359,1359,159.0747120565,-31.3616996446,-6.6967954636,Vy,Mid-depth,m s$^{-1}$,-3.3002057286,-0.0682213621,0.0328382630,0.1010596251,4
2011-05-03 02:00:00,Lower,1359,1359,159.0747120565,-31.3616996446,-6.6967954636,Vy,Mid-depth,m s$^{-1}$,-3.3330126984,-0.0518604232,0.0596551629,0.1115155860,4
2011-05-03 03:00:00,Lower,1359,1359,159.0747120565,-31.3616996446,-6.6967954636,Vy,Mid-depth,m s$^{-1}$,-3.3613256114,-0.0881056431,0.0552413742,0.1433470173,4
2011-05-03 04:00:00,Lower,1359,1359,159.0747120565,-31.3616996446,-6.6967954636,Vy,Mid-depth,m s$^{-1}$,-3.3855269575,-0.0924964289,0.0378211712,0.1303176001,4
2011-05-03 05:00:00,Lower,1359,1359,159.0747120565,-31.3616996446,-6.6967954636,Vy,Mid-depth,m s$^{-1}$,-3.4054784408,-0.1065613344,0.0198638961,0.1264252304,4
2011-05-03 06:00:00,Lower,1359,1359,159.0747120565,-31.3616996446,-6.6967954636,Vy,Mid-depth,m s$^{-1}$,-3.4049898426,-0.1461561149,-0.0558758507,0.0902802642,4
2011-05-03 07:00:00,Lower,1359,1359,159.0747120565,-31.3616996446,-6.6967954636,Vy,Mid-depth,m s$^{-1}$,-3.3876947332,-0.1377474993,-0.0648006044,0.0729468950,4
2011-05-03 08:00:00,Lower,1359,1359,159.0747120565,-31.3616996446,-6.6967954636,Vy,Mid-depth,m s$^{-1}$,-3.3585781848,-0.1566421719,-0.0666332058,0.0900089662,4
2011-05-03 09:00:00,Lower,1359,1359,159.0747120565,-31.3616996446,-6.6967954636,Vy,Mid-depth,m s$^{-1}$,-3.3192644677,-0.1600869274,-0.0901145279,0.0699723995,4
2011-05-03 10:00:00,Lower,1359,1359,159.0747120565,-31.3616996446,-6.6967954636,Vy,Mid-depth,m s$^{-1}$,-3.2890734490,-0.1221244664,-0.0784671426,0.0436573238,4
2011-05-03 11:00:00,Lower,1359,1359,159.0747120565,-31.3616996446,-6.6967954636,Vy,Mid-depth,m s$^{-1}$,-3.2689843345,-0.1208563868,-0.0590286079,0.0618277789,4
2011-05-03 12:00:00,Lower,1359,1359,159.0747120565,-31.3616996446,-6.6967954636,Vy,Mid-depth,m s$^{-1}$,-3.2682625214,-0.0750525143,-0.0130162830,0.0620362312,4
2011-05-03 13:00:00,Lower,1359,1359,159.0747120565,-31.3616996446,-6.6967954636,Vy,Mid-depth,m s$^{-1}$,-3.2820896089,-0.0724408003,0.0139119815,0.0863527818,4
2011-05-03 14:00:00,Lower,1359,1359,159.0747120565,-31.3616996446,-6.6967954636,Vy,Mid-depth,m s$^{-1}$,-3.3053140231,-0.0601610393,0.0335179467,0.0936789861,4
2011-05-03 15:00:00,Lower,1359,1359,159.0747120565,-31.3616996446,-6.6967954636,Vy,Mid-depth,m s$^{-1}$,-3.3333870845,-0.0632961444,0.0479520686,0.1112482130,4
2011-05-03 16:00:00,Lower,1359,1359,159.0747120565,-31.3616996446,-6.6967954636,Vy,Mid-depth,m s$^{-1}$,-3.3569506506,-0.0876036237,0.0395948946,0.1271985183,4
2011-05-03 17:00:00,Lower,1359,1359,159.0747120565,-31.3616996446,-6.6967954636,Vy,Mid-depth,m s$^{-1}$,-3.3764048889,-0.0937539878,0.0220063181,0.1157603059,4
2011-05-03 18:00:00,Lower,1359,1359,159.0747120565,-31.3616996446,-6.6967954636,Vy,Mid-depth,m s$^{-1}$,-3.3793057420,-0.1357572800,-0.0409017965,0.0948554834,4
2011-05-03 19:00:00,Lower,1359,1359,159.0747120565,-31.3616996446,-6.6967954636,Vy,Mid-depth,m s$^{-1}$,-3.3721304899,-0.1163356527,-0.0464396818,0.0698959709,4
2011-05-03 20:00:00,Lower,1359,1359,159.0747120565,-31.3616996446,-6.6967954636,Vy,Mid-depth,m s$^{-1}$,-3.3482610214,-0.1492657689,-0.0625931141,0.0866726548,4
2011-05-03 21:00:00,Lower,1359,1359,159.0747120565,-31.3616996446,-6.6967954636,Vy,Mid-depth,m s$^{-1}$,-3.3140279938,-0.1512996852,-0.0870505938,0.0642490914,4
2011-05-03 22:00:00,Lower,1359,1359,159.0747120565,-31.3616996446,-6.6967954636,Vy,Mid-depth,m s$^{-1}$,-3.2841485669,-0.1305450285,-0.0801173834,0.0504276452,4
2011-05-03 23:00:00,Lower,1359,1359,159.0747120565,-31.3616996446,-6.6967954636,Vy,Mid-depth,m s$^{-1}$,-3.2638711589,-0.1183203242,-0.0597539635,0.0585663607,4
2011-05-04 00:00:00,Lower,1359,1359,159.0747120565,-31.3616996446,-6.6967954636,Vy,Mid-depth,m s$^{-1}$,-3.2631483399,-0.0777160029,-0.0144975259,0.0632184770,4
2011-05-04 01:00:00,Lower,1359,1359,159.0747120565,-31.3616996446,-6.6967954636,Vy,Mid-depth,m s$^{-1}$,-3.2770392034,-0.0727229324,0.0147503971,0.0874733295,4
2011-05-04 02:00:00,Lower,1359,1359,159.0747120565,-31.3616996446,-6.6967954636,Vy,Mid-depth,m s$^{-1}$,-3.3049125788,-0.0487422815,0.0458915721,0.0946338536,4
2011-05-04 03:00:00,Lower,1359,1359,159.0747120565,-31.3616996446,-6.6967954636,Vy,Mid-depth,m s$^{-1}$,-3.3426259929,-0.0438227562,0.0772158465,0.1210386026,4
2011-05-04 04:00:00,Lower,1359,1359,159.0747120565,-31.3616996446,-6.6967954636,Vy,Mid-depth,m s$^{-1}$,-3.3713536739,-0.0881457361,0.0579773402,0.1461230763,4
2011-05-04 05:00:00,Lower,1359,1359,159.0747120565,-31.3616996446,-6.6967954636,Vy,Mid-depth,m s$^{-1}$,-3.3954036971,-0.0902472081,0.0377150707,0.1279622788,4
2011-05-04 06:00:00,Lower,1359,1359,159.0747120565,-31.3616996446,-6.6967954636,Vy,Mid-depth,m s$^{-1}$,-3.4108386650,-0.1190889593,0.0049341214,0.1240230807,4
2011-05-04 07:00:00,Lower,1359,1359,159.0747120565,-31.3616996446,-6.6967954636,Vy,Mid-depth,m s$^{-1}$,-3.4104413806,-0.1353835833,-0.0525370158,0.0828465676,4
2011-05-04 08:00:00,Lower,1359,1359,159.0747120565,-31.3616996446,-6.6967954636,Vy,Mid-depth,m s$^{-1}$,-3.3879400314,-0.1473826174,-0.0738440819,0.0735385356,4
2011-05-04 09:00:00,Lower,1359,1359,159.0747120565,-31.3616996446,-6.6967954636,Vy,Mid-depth,m s$^{-1}$,-3.3489432438,-0.1646656834,-0.0860150579,0.0786506255,4
2011-05-04 10:00:00,Lower,1359,1359,159.0747120565,-31.3616996446,-6.6967954636,Vy,Mid-depth,m s$^{-1}$,-3.3092008952,-0.1400557772,-0.0896458995,0.0504098777,4
2011-05-04 11:00:00,Lower,1359,1359,159.0747120565,-31.3616996446,-6.6967954636,Vy,Mid-depth,m s$^{-1}$,-3.2789952832,-0.1170528758,-0.0783675778,0.0386852980,4
2011-05-04 12:00:00,Lower,1359,1359,159.0747120565,-31.3616996446,-6.6967954636,Vy,Mid-depth,m s$^{-1}$,-3.2637512874,-0.0837267187,-0.0409831223,0.0427435964,4
2011-05-04 13:00:00,Lower,1359,1359,159.0747120565,-31.3616996446,-6.6967954636,Vy,Mid-depth,m s$^{-1}$,-3.2633192299,-0.0666286072,-0.0157234046,0.0509052026,4
2011-05-04 14:00:00,Lower,1359,1359,159.0747120565,-31.3616996446,-6.6967954636,Vy,Mid-depth,m s$^{-1}$,-3.2819311698,-0.0443269390,0.0277533299,0.0720802689,4
2011-05-04 15:00:00,Lower,1359,1359,159.0747120565,-31.3616996446,-6.6967954636,Vy,Mid-depth,m s$^{-1}$,-3.3099598709,-0.0521474391,0.0492345260,0.1013819651,4
2011-05-04 16:00:00,Lower,1359,1359,159.0747120565,-31.3616996446,-6.6967954636,Vy,Mid-depth,m s$^{-1}$,-3.3380818632,-0.0746932513,0.0504713386,0.1251645900,4
2011-05-04 17:00:00,Lower,1359,1359,159.0747120565,-31.3616996446,-6.6967954636,Vy,Mid-depth,m s$^{-1}$,-3.3618204765,-0.0966491918,0.0389272080,0.1355763997,4
2011-05-04 18:00:00,Lower,1359,1359,159.0747120565,-31.3616996446,-6.6967954636,Vy,Mid-depth,m s$^{-1}$,-3.3813116153,-0.1064871221,0.0211380984,0.1276252205,4
2011-05-04 19:00:00,Lower,1359,1359,159.0747120565,-31.3616996446,-6.6967954636,Vy,Mid-depth,m s$^{-1}$,-3.3885212322,-0.1302306389,-0.0267578804,0.1034727585,4
2011-05-04 20:00:00,Lower,1359,1359,159.0747120565,-31.3616996446,-6.6967954636,Vy,Mid-depth,m s$^{-1}$,-3.3772737068,-0.1425909484,-0.0638891660,0.0787017825,4
2011-05-04 21:00:00,Lower,1359,1359,159.0747120565,-31.3616996446,-6.6967954636,Vy,Mid-depth,m s$^{-1}$,-3.3485113233,-0.1547907437,-0.0723247091,0.0824660346,4
2011-05-04 22:00:00,Lower,1359,1359,159.0747120565,-31.3616996446,-6.6967954636,Vy,Mid-depth,m s$^{-1}$,-3.3189848745,-0.1390675376,-0.0723797533,0.0666877843,4
2011-05-04 23:00:00,Lower,1359,1359,159.0747120565,-31.3616996446,-6.6967954636,Vy,Mid-depth,m s$^{-1}$,-3.2890725009,-0.1392353566,-0.0806612966,0.0585740600,4
2011-05-05 00:00:00,Lower,1359,1359,159.0747120565,-31.3616996446,-6.6967954636,Vy,Mid-depth,m s$^{-1}$,-3.2737081070,-0.0998404016,-0.0466946931,0.0531457085,4
2011-05-05 01:00:00,Lower,1359,1359,159.0747120565,-31.3616996446,-6.6967954636,Vy,Mid-depth,m s$^{-1}$,-3.2731249674,-0.0883167262,-0.0159453846,0.0723713416,4
2011-05-05 02:00:00,Lower,1359,1359,159.0747120565,-31.3616996446,-6.6967954636,Vy,Mid-depth,m s$^{-1}$,-3.2916837363,-0.0542786349,0.0271176576,0.0813962925,4
2011-05-05 03:00:00,Lower,1359,1359,159.0747120565,-31.3616996446,-6.6967954636,Vy,Mid-depth,m s$^{-1}$,-3.3197409718,-0.0597971108,0.0485818619,0.1083789727,4
2011-05-05 04:00:00,Lower,1359,1359,159.0747120565,-31.3616996446,-6.6967954636,Vy,Mid-depth,m s$^{-1}$,-3.3575863408,-0.0405640042,0.0818383797,0.1224023839,4
2011-05-05 05:00:00,Lower,1359,1359,159.0747120565,-31.3616996446,-6.6967954636,Vy,Mid-depth,m s$^{-1}$,-3.3862724052,-0.0875743242,0.0589802281,0.1465545523,4
2011-05-05 06:00:00,Lower,1359,1359,159.0747120565,-31.3616996446,-6.6967954636,Vy,Mid-depth,m s$^{-1}$,-3.4103414621,-0.0901940044,0.0387178169,0.1289118213,4
2011-05-05 07:00:00,Lower,1359,1359,159.0747120565,-31.3616996446,-6.6967954636,Vy,Mid-depth,m s$^{-1}$,-3.4171260537,-0.1394838898,-0.0256474193,0.1138364705,4
2011-05-05 08:00:00,Lower,1359,1359,159.0747120565,-31.3616996446,-6.6967954636,Vy,Mid-depth,m s$^{-1}$,-3.4115615058,-0.1252890455,-0.0546742086,0.0706148368,4
2011-05-05 09:00:00,Lower,1359,1359,159.0747120565,-31.3616996446,-6.6967954636,Vy,Mid-depth,m s$^{-1}$,-3.3881916904,-0.1451819258,-0.0655537950,0.0796281308,4
2011-05-05 10:00:00,Lower,1359,1359,159.0747120565,-31.3616996446,-6.6967954636,Vy,Mid-depth,m s$^{-1}$,-3.3489667193,-0.1641102711,-0.0840265695,0.0800837016,4
2011-05-05 11:00:00,Lower,1359,1359,159.0747120565,-31.3616996446,-6.6967954636,Vy,Mid-depth,m s$^{-1}$,-3.3092619613,-0.1396880789,-0.0882319742,0.0514561048,4
2011-05-05 12:00:00,Lower,1359,1359,159.0747120565,-31.3616996446,-6.6967954636,Vy,Mid-depth,m s$^{-1}$,-3.2791296215,-0.1247837287,-0.0773969810,0.0473867477,4
2011-05-05 13:00:00,Lower,1359,1359,159.0747120565,-31.3616996446,-6.6967954636,Vy,Mid-depth,m s$^{-1}$,-3.2638720898,-0.0998001360,-0.0454144652,0.0543856708,4
2011-05-05 14:00:00,Lower,1359,1359,159.0747120565,-31.3616996446,-6.6967954636,Vy,Mid-depth,m s$^{-1}$,-3.2633676570,-0.0833053706,-0.0147934337,0.0685119369,4
2011-05-05 15:00:00,Lower,1359,1359,159.0747120565,-31.3616996446,-6.6967954636,Vy,Mid-depth,m s$^{-1}$,-3.2867758152,-0.0373858340,0.0398486180,0.0772344520,4
2011-05-05 16:00:00,Lower,1359,1359,159.0747120565,-31.3616996446,-6.6967954636,Vy,Mid-depth,m s$^{-1}$,-3.3196204960,-0.0502102976,0.0635134731,0.1137237707,4
2011-05-05 17:00:00,Lower,1359,1359,159.0747120565,-31.3616996446,-6.6967954636,Vy,Mid-depth,m s$^{-1}$,-3.3480028673,-0.0752543311,0.0550829447,0.1303372758,4
2011-05-05 18:00:00,Lower,1359,1359,159.0747120565,-31.3616996446,-6.6967954636,Vy,Mid-depth,m s$^{-1}$,-3.3718188166,-0.0881860425,0.0399173941,0.1281034365,4
2011-05-05 19:00:00,Lower,1359,1359,159.0747120565,-31.3616996446,-6.6967954636,Vy,Mid-depth,m s$^{-1}$,-3.3866259397,-0.1145950147,0.0074590485,0.1220540632,4
2011-05-05 20:00:00,Lower,1359,1359,159.0747120565,-31.3616996446,-6.6967954636,Vy,Mid-depth,m s$^{-1}$,-3.3854752248,-0.1337643270,-0.0520123776,0.0817519494,4
2011-05-05 21:00:00,Lower,1359,1359,159.0747120565,-31.3616996446,-6.6967954636,Vy,Mid-depth,m s$^{-1}$,-3.3678307280,-0.1379276342,-0.0632980095,0.0746296247,4
2011-05-05 22:00:00,Lower,1359,1359,159.0747120565,-31.3616996446,-6.6967954636,Vy,Mid-depth,m s$^{-1}$,-3.3338436421,-0.1613563591,-0.0834959423,0.0778604169,4
2011-05-05 23:00:00,Lower,1359,1359,159.0747120565,-31.3616996446,-6.6967954636,Vy,Mid-depth,m s$^{-1}$,-3.3040247228,-0.1275480934,-0.0718729666,0.0556751268,4
2011-05-06 00:00:00,Lower,1359,1359,159.0747120565,-31.3616996446,-6.6967954636,Vy,Mid-depth,m s$^{-1}$,-3.2742186724,-0.1413076807,-0.0812823045,0.0600253762,4
2011-05-06 01:00:00,Lower,1359,1359,159.0747120565,-31.3616996446,-6.6967954636,Vy,Mid-depth,m s$^{-1}$,-3.2587438550,-0.0966490327,-0.0466864874,0.0499625453,4
2011-05-06 02:00:00,Lower,1359,1359,159.0747120565,-31.3616996446,-6.6967954636,Vy,Mid-depth,m s$^{-1}$,-3.2630520769,-0.0777697495,-0.0031489392,0.0746208103,4
2011-05-06 03:00:00,Lower,1359,1359,159.0747120565,-31.3616996446,-6.6967954636,Vy,Mid-depth,m s$^{-1}$,-3.2909724524,-0.0370170840,0.0497234651,0.0867405491,4
2011-05-06 04:00:00,Lower,1359,1359,159.0747120565,-31.3616996446,-6.6967954636,Vy,Mid-depth,m s$^{-1}$,-3.3239918880,-0.0605770442,0.0642157643,0.1247928086,4
2011-05-06 05:00:00,Lower,1359,1359,159.0747120565,-31.3616996446,-6.6967954636,Vy,Mid-depth,m s$^{-1}$,-3.3676983744,-0.0329475398,0.0996048471,0.1325523869,4
2011-05-06 06:00:00,Lower,1359,1359,159.0747120565,-31.3616996446,-6.6967954636,Vy,Mid-depth,m s$^{-1}$,-3.4015575946,-0.0826947553,0.0749692989,0.1576640542,4
2011-05-06 07:00:00,Lower,1359,1359,159.0747120565,-31.3616996446,-6.6967954636,Vy,Mid-depth,m s$^{-1}$,-3.4201425309,-0.1117690900,0.0244379815,0.1362070716,4
2011-05-06 08:00:00,Lower,1359,1359,159.0747120565,-31.3616996446,-6.6967954636,Vy,Mid-depth,m s$^{-1}$,-3.4276658068,-0.1285187030,-0.0265928747,0.1019258283,4
2011-05-06 09:00:00,Lower,1359,1359,159.0747120565,-31.3616996446,-6.6967954636,Vy,Mid-depth,m s$^{-1}$,-3.4122162936,-0.1532383724,-0.0777277065,0.0755106659,4
2011-05-06 10:00:00,Lower,1359,1359,159.0747120565,-31.3616996446,-6.6967954636,Vy,Mid-depth,m s$^{-1}$,-3.3737884999,-0.1659851473,-0.0934727936,0.0725123537,4
2011-05-06 11:00:00,Lower,1359,1359,159.0747120565,-31.3616996446,-6.6967954636,Vy,Mid-depth,m s$^{-1}$,-3.3341597358,-0.1449128211,-0.0841723493,0.0607404718,4
2011-05-06 12:00:00,Lower,1359,1359,159.0747120565,-31.3616996446,-6.6967954636,Vy,Mid-depth,m s$^{-1}$,-3.2892521718,-0.1547514715,-0.1042035881,0.0505478834,4
2011-05-06 13:00:00,Lower,1359,1359,159.0747120565,-31.3616996446,-6.6967954636,Vy,Mid-depth,m s$^{-1}$,-3.2590412099,-0.1045512706,-0.0761646665,0.0283866041,4
2011-05-06 14:00:00,Lower,1359,1359,159.0747120565,-31.3616996446,-6.6967954636,Vy,Mid-depth,m s$^{-1}$,-3.2488636534,-0.0875288739,-0.0327609706,0.0547679033,4
2011-05-06 15:00:00,Lower,1359,1359,159.0747120565,-31.3616996446,-6.6967954636,Vy,Mid-depth,m s$^{-1}$,-3.2579915456,-0.0588110328,0.0085672329,0.0673782657,4
2011-05-06 16:00:00,Lower,1359,1359,159.0747120565,-31.3616996446,-6.6967954636,Vy,Mid-depth,m s$^{-1}$,-3.2859722352,-0.0339990056,0.0491985560,0.0831975616,4
2011-05-06 17:00:00,Lower,1359,1359,159.0747120565,-31.3616996446,-6.6967954636,Vy,Mid-depth,m s$^{-1}$,-3.3191127679,-0.0539179893,0.0648246302,0.1187426194,4
2011-05-06 18:00:00,Lower,1359,1359,159.0747120565,-31.3616996446,-6.6967954636,Vy,Mid-depth,m s$^{-1}$,-3.3477026387,-0.0726600034,0.0549983056,0.1276583090,4
2011-05-06 19:00:00,Lower,1359,1359,159.0747120565,-31.3616996446,-6.6967954636,Vy,Mid-depth,m s$^{-1}$,-3.3764794250,-0.0747626960,0.0541995711,0.1289622671,4
2011-05-06 20:00:00,Lower,1359,1359,159.0747120565,-31.3616996446,-6.6967954636,Vy,Mid-depth,m s$^{-1}$,-3.3912064748,-0.1233739708,0.0100738366,0.1334478074,4
2011-05-06 21:00:00,Lower,1359,1359,159.0747120565,-31.3616996446,-6.6967954636,Vy,Mid-depth,m s$^{-1}$,-3.3858573128,-0.1400974886,-0.0664899004,0.0736075882,4
2011-05-06 22:00:00,Lower,1359,1359,159.0747120565,-31.3616996446,-6.6967954636,Vy,Mid-depth,m s$^{-1}$,-3.3583837394,-0.1568906282,-0.0820656913,0.0748249369,4
2011-05-06 23:00:00,Lower,1359,1359,159.0747120565,-31.3616996446,-6.6967954636,Vy,Mid-depth,m s$^{-1}$,-3.3239816796,-0.1509629210,-0.0834741563,0.0674887648,4
2011-05-07 00:00:00,Lower,1359,1359,159.0747120565,-31.3616996446,-6.6967954636,Vy,Mid-depth,m s$^{-1}$,-3.2843657449,-0.1548410043,-0.1000469642,0.0547940401,4
2011-05-01 01:00:00,Lower,1359,1359,159.0747120565,-31.3616996446,-6.6967954636,Vy,Near-bottom,m s$^{-1}$,-6.1967954636,-0.1462948624,0.0711108517,0.2174057140,2
2011-05-01 02:00:00,Lower,1359,1359,159.0747120565,-31.3616996446,-6.6967954636,Vy,Near-bottom,m s$^{-1}$,-6.1967954636,-0.1431702867,0.0859096677,0.2290799544,2
2011-05-01 03:00:00,Lower,1359,1359,159.0747120565,-31.3616996446,-6.6967954636,Vy,Near-bottom,m s$^{-1}$,-6.1967954636,-0.1380267897,0.0448947403,0.1829215301,2
2011-05-01 04:00:00,Lower,1359,1359,159.0747120565,-31.3616996446,-6.6967954636,Vy,Near-bottom,m s$^{-1}$,-6.1967954636,-0.1083873279,-0.0491066996,0.0592806283,2
2011-05-01 05:00:00,Lower,1359,1359,159.0747120565,-31.3616996446,-6.6967954636,Vy,Near-bottom,m s$^{-1}$,-6.1967954636,-0.1312883319,-0.1194920869,0.0117962450,2
2011-05-01 06:00:00,Lower,1359,1359,159.0747120565,-31.3616996446,-6.6967954636,Vy,Near-bottom,m s$^{-1}$,-6.1967954636,-0.1206979172,-0.1053847386,0.0153131786,2
2011-05-01 07:00:00,Lower,1359,1359,159.0747120565,-31.3616996446,-6.6967954636,Vy,Near-bottom,m s$^{-1}$,-6.1967954636,-0.1159196776,-0.0826567484,0.0332629292,2
2011-05-01 08:00:00,Lower,1359,1359,159.0747120565,-31.3616996446,-6.6967954636,Vy,Near-bottom,m s$^{-1}$,-6.1967954636,-0.1101718264,-0.0905380010,0.0196338253,2
2011-05-01 09:00:00,Lower,1359,1359,159.0747120565,-31.3616996446,-6.6967954636,Vy,Near-bottom,m s$^{-1}$,-6.1967954636,-0.0900534384,-0.0824447786,0.0076086597,2
2011-05-01 10:00:00,Lower,1359,1359,159.0747120565,-31.3616996446,-6.6967954636,Vy,Near-bottom,m s$^{-1}$,-6.1967954636,-0.0747599256,-0.0525727691,0.0221871565,2
2011-05-01 11:00:00,Lower,1359,1359,159.0747120565,-31.3616996446,-6.6967954636,Vy,Near-bottom,m s$^{-1}$,-6.1967954636,-0.0676257130,-0.0412349301,0.0263907829,2
2011-05-01 12:00:00,Lower,1359,1359,159.0747120565,-31.3616996446,-6.6967954636,Vy,Near-bottom,m s$^{-1}$,-6.1967954636,-0.0445340229,-0.0056894360,0.0388445869,2
2011-05-01 13:00:00,Lower,1359,1359,159.0747120565,-31.3616996446,-6.6967954636,Vy,Near-bottom,m s$^{-1}$,-6.1967954636,-0.0549275906,0.0021521849,0.0570797755,2
2011-05-01 14:00:00,Lower,1359,1359,159.0747120565,-31.3616996446,-6.6967954636,Vy,Near-bottom,m s$^{-1}$,-6.1967954636,-0.0582785069,-0.0165026693,0.0417758376,2
2011-05-01 15:00:00,Lower,1359,1359,159.0747120565,-31.3616996446,-6.6967954636,Vy,Near-bottom,m s$^{-1}$,-6.1967954636,-0.0614527480,-0.0449346932,0.0165180548,2
2011-05-01 16:00:00,Lower,1359,1359,159.0747120565,-31.3616996446,-6.6967954636,Vy,Near-bottom,m s$^{-1}$,-6.1967954636,-0.0796335266,-0.1050685668,-0.0254350402,2
2011-05-01 17:00:00,Lower,1359,1359,159.0747120565,-31.3616996446,-6.6967954636,Vy,Near-bottom,m s$^{-1}$,-6.1967954636,-0.0770381092,-0.0901131234,-0.0130750143,2
2011-05-01 18:00:00,Lower,1359,1359,159.0747120565,-31.3616996446,-6.6967954636,Vy,Near-bottom,m s$^{-1}$,-6.1967954636,-0.0978924119,-0.0966760076,0.0012164043,2
2011-05-01 19:00:00,Lower,1359,1359,159.0747120565,-31.3616996446,-6.6967954636,Vy,Near-bottom,m s$^{-1}$,-6.1967954636,-0.0869839755,-0.0852425564,0.0017414191,2
2011-05-01 20:00:00,Lower,1359,1359,159.0747120565,-31.3616996446,-6.6967954636,Vy,Near-bottom,m s$^{-1}$,-6.1967954636,-0.0891222243,-0.0956019475,-0.0064797232,2
2011-05-01 21:00:00,Lower,1359,1359,159.0747120565,-31.3616996446,-6.6967954636,Vy,Near-bottom,m s$^{-1}$,-6.1967954636,-0.0794391091,-0.0969102713,-0.0174711622,2
2011-05-01 22:00:00,Lower,1359,1359,159.0747120565,-31.3616996446,-6.6967954636,Vy,Near-bottom,m s$^{-1}$,-6.1967954636,-0.0615031599,-0.0652111178,-0.0037079579,2
2011-05-01 23:00:00,Lower,1359,1359,159.0747120565,-31.3616996446,-6.6967954636,Vy,Near-bottom,m s$^{-1}$,-6.1967954636,-0.0464768860,-0.0263127269,0.0201641591,2
2011-05-02 00:00:00,Lower,1359,1359,159.0747120565,-31.3616996446,-6.6967954636,Vy,Near-bottom,m s$^{-1}$,-6.1967954636,-0.0386153640,-0.0077338007,0.0308815632,2
2011-05-02 01:00:00,Lower,1359,1359,159.0747120565,-31.3616996446,-6.6967954636,Vy,Near-bottom,m s$^{-1}$,-6.1967954636,-0.0342058674,0.0201269256,0.0543327931,2
2011-05-02 02:00:00,Lower,1359,1359,159.0747120565,-31.3616996446,-6.6967954636,Vy,Near-bottom,m s$^{-1}$,-6.1967954636,-0.0478253657,0.0126973508,0.0605227165,2
2011-05-02 03:00:00,Lower,1359,1359,159.0747120565,-31.3616996446,-6.6967954636,Vy,Near-bottom,m s$^{-1}$,-6.1967954636,-0.0484193763,-0.0130645957,0.0353547806,2
2011-05-02 04:00:00,Lower,1359,1359,159.0747120565,-31.3616996446,-6.6967954636,Vy,Near-bottom,m s$^{-1}$,-6.1967954636,-0.0617831835,-0.0685239524,-0.0067407689,2
2011-05-02 05:00:00,Lower,1359,1359,159.0747120565,-31.3616996446,-6.6967954636,Vy,Near-bottom,m s$^{-1}$,-6.1967954636,-0.0758159422,-0.1088642772,-0.0330483350,2
2011-05-02 06:00:00,Lower,1359,1359,159.0747120565,-31.3616996446,-6.6967954636,Vy,Near-bottom,m s$^{-1}$,-6.1967954636,-0.0827608252,-0.0962698744,-0.0135090491,2
2011-05-02 07:00:00,Lower,1359,1359,159.0747120565,-31.3616996446,-6.6967954636,Vy,Near-bottom,m s$^{-1}$,-6.1967954636,-0.0937639488,-0.0917242535,0.0020396953,2
2011-05-02 08:00:00,Lower,1359,1359,159.0747120565,-31.3616996446,-6.6967954636,Vy,Near-bottom,m s$^{-1}$,-6.1967954636,-0.0915130479,-0.0906169368,0.0008961111,2
2011-05-02 09:00:00,Lower,1359,1359,159.0747120565,-31.3616996446,-6.6967954636,Vy,Near-bottom,m s$^{-1}$,-6.1967954636,-0.0819659703,-0.0948489750,-0.0128830048,2
2011-05-02 10:00:00,Lower,1359,1359,159.0747120565,-31.3616996446,-6.6967954636,Vy,Near-bottom,m s$^{-1}$,-6.1967954636,-0.0710043561,-0.0837347880,-0.0127304319,2
2011-05-02 11:00:00,Lower,1359,1359,159.0747120565,-31.3616996446,-6.6967954636,Vy,Near-bottom,m s$^{-1}$,-6.1967954636,-0.0546184698,-0.0524284442,0.0021900256,2
2011-05-02 12:00:00,Lower,1359,1359,159.0747120565,-31.3616996446,-6.6967954636,Vy,Near-bottom,m s$^{-1}$,-6.1967954636,-0.0450720002,-0.0300622944,0.0150097059,2
2011-05-02 13:00:00,Lower,1359,1359,159.0747120565,-31.3616996446,-6.6967954636,Vy,Near-bottom,m s$^{-1}$,-6.1967954636,-0.0329496236,-0.0062842628,0.0266653607,2
2011-05-02 14:00:00,Lower,1359,1359,159.0747120565,-31.3616996446,-6.6967954636,Vy,Near-bottom,m s$^{-1}$,-6.1967954636,-0.0372093388,0.0052682130,0.0424775518,2
2011-05-02 15:00:00,Lower,1359,1359,159.0747120565,-31.3616996446,-6.6967954636,Vy,Near-bottom,m s$^{-1}$,-6.1967954636,-0.0453170015,-0.0098747890,0.0354422125,2
2011-05-02 16:00:00,Lower,1359,1359,159.0747120565,-31.3616996446,-6.6967954636,Vy,Near-bottom,m s$^{-1}$,-6.1967954636,-0.0557962056,-0.0615854994,-0.0057892937,2
2011-05-02 17:00:00,Lower,1359,1359,159.0747120565,-31.3616996446,-6.6967954636,Vy,Near-bottom,m s$^{-1}$,-6.1967954636,-0.0575013849,-0.0854715654,-0.0279701805,2
2011-05-02 18:00:00,Lower,1359,1359,159.0747120565,-31.3616996446,-6.6967954636,Vy,Near-bottom,m s$^{-1}$,-6.1967954636,-0.0827458363,-0.1052246004,-0.0224787641,2
2011-05-02 19:00:00,Lower,1359,1359,159.0747120565,-31.3616996446,-6.6967954636,Vy,Near-bottom,m s$^{-1}$,-6.1967954636,-0.0814977732,-0.0922864857,-0.0107887125,2
2011-05-02 20:00:00,Lower,1359,1359,159.0747120565,-31.3616996446,-6.6967954636,Vy,Near-bottom,m s$^{-1}$,-6.1967954636,-0.0823744465,-0.0931283329,-0.0107538864,2
2011-05-02 21:00:00,Lower,1359,1359,159.0747120565,-31.3616996446,-6.6967954636,Vy,Near-bottom,m s$^{-1}$,-6.1967954636,-0.0803496631,-0.1030719222,-0.0227222591,2
2011-05-02 22:00:00,Lower,1359,1359,159.0747120565,-31.3616996446,-6.6967954636,Vy,Near-bottom,m s$^{-1}$,-6.1967954636,-0.0651705247,-0.0839494523,-0.0187789276,2
2011-05-02 23:00:00,Lower,1359,1359,159.0747120565,-31.3616996446,-6.6967954636,Vy,Near-bottom,m s$^{-1}$,-6.1967954636,-0.0523058084,-0.0533590059,-0.0010531975,2
2011-05-03 00:00:00,Lower,1359,1359,159.0747120565,-31.3616996446,-6.6967954636,Vy,Near-bottom,m s$^{-1}$,-6.1967954636,-0.0340097851,-0.0179123382,0.0160974469,2
2011-05-03 01:00:00,Lower,1359,1359,159.0747120565,-31.3616996446,-6.6967954636,Vy,Near-bottom,m s$^{-1}$,-6.1967954636,-0.0372291290,-0.0086435637,0.0285855654,2
2011-05-03 02:00:00,Lower,1359,1359,159.0747120565,-31.3616996446,-6.6967954636,Vy,Near-bottom,m s$^{-1}$,-6.1967954636,-0.0264929338,0.0205698997,0.0470628335,2
2011-05-03 03:00:00,Lower,1359,1359,159.0747120565,-31.3616996446,-6.6967954636,Vy,Near-bottom,m s$^{-1}$,-6.1967954636,-0.0440603919,0.0145493911,0.0586097830,2
2011-05-03 04:00:00,Lower,1359,1359,159.0747120565,-31.3616996446,-6.6967954636,Vy,Near-bottom,m s$^{-1}$,-6.1967954636,-0.0413086732,-0.0100751512,0.0312335220,2
2011-05-03 05:00:00,Lower,1359,1359,159.0747120565,-31.3616996446,-6.6967954636,Vy,Near-bottom,m s$^{-1}$,-6.1967954636,-0.0484095831,-0.0435802637,0.0048293194,2
2011-05-03 06:00:00,Lower,1359,1359,159.0747120565,-31.3616996446,-6.6967954636,Vy,Near-bottom,m s$^{-1}$,-6.1967954636,-0.0832583219,-0.1268658378,-0.0436075159,2
2011-05-03 07:00:00,Lower,1359,1359,159.0747120565,-31.3616996446,-6.6967954636,Vy,Near-bottom,m s$^{-1}$,-6.1967954636,-0.0784299853,-0.1002833888,-0.0218534034,2
2011-05-03 08:00:00,Lower,1359,1359,159.0747120565,-31.3616996446,-6.6967954636,Vy,Near-bottom,m s$^{-1}$,-6.1967954636,-0.0879624387,-0.0856693074,0.0022931313,2
2011-05-03 09:00:00,Lower,1359,1359,159.0747120565,-31.3616996446,-6.6967954636,Vy,Near-bottom,m s$^{-1}$,-6.1967954636,-0.0943536484,-0.1001824083,-0.0058287599,2
2011-05-03 10:00:00,Lower,1359,1359,159.0747120565,-31.3616996446,-6.6967954636,Vy,Near-bottom,m s$^{-1}$,-6.1967954636,-0.0710347483,-0.0941944325,-0.0231596842,2
2011-05-03 11:00:00,Lower,1359,1359,159.0747120565,-31.3616996446,-6.6967954636,Vy,Near-bottom,m s$^{-1}$,-6.1967954636,-0.0696065723,-0.0812307390,-0.0116241667,2
2011-05-03 12:00:00,Lower,1359,1359,159.0747120565,-31.3616996446,-6.6967954636,Vy,Near-bottom,m s$^{-1}$,-6.1967954636,-0.0413573600,-0.0386533094,0.0027040506,2
2011-05-03 13:00:00,Lower,1359,1359,159.0747120565,-31.3616996446,-6.6967954636,Vy,Near-bottom,m s$^{-1}$,-6.1967954636,-0.0421111251,-0.0211924421,0.0209186830,2
2011-05-03 14:00:00,Lower,1359,1359,159.0747120565,-31.3616996446,-6.6967954636,Vy,Near-bottom,m s$^{-1}$,-6.1967954636,-0.0329724991,-0.0067595842,0.0262129148,2
2011-05-03 15:00:00,Lower,1359,1359,159.0747120565,-31.3616996446,-6.6967954636,Vy,Near-bottom,m s$^{-1}$,-6.1967954636,-0.0352581342,0.0069559207,0.0422140549,2
2011-05-03 16:00:00,Lower,1359,1359,159.0747120565,-31.3616996446,-6.6967954636,Vy,Near-bottom,m s$^{-1}$,-6.1967954636,-0.0433450552,-0.0081785934,0.0351664618,2
2011-05-03 17:00:00,Lower,1359,1359,159.0747120565,-31.3616996446,-6.6967954636,Vy,Near-bottom,m s$^{-1}$,-6.1967954636,-0.0439759284,-0.0358184065,0.0081575219,2
2011-05-03 18:00:00,Lower,1359,1359,159.0747120565,-31.3616996446,-6.6967954636,Vy,Near-bottom,m s$^{-1}$,-6.1967954636,-0.0717240614,-0.1146469631,-0.0429229017,2
2011-05-03 19:00:00,Lower,1359,1359,159.0747120565,-31.3616996446,-6.6967954636,Vy,Near-bottom,m s$^{-1}$,-6.1967954636,-0.0678830852,-0.0902979374,-0.0224148522,2
2011-05-03 20:00:00,Lower,1359,1359,159.0747120565,-31.3616996446,-6.6967954636,Vy,Near-bottom,m s$^{-1}$,-6.1967954636,-0.0857659139,-0.0870454358,-0.0012795219,2
2011-05-03 21:00:00,Lower,1359,1359,159.0747120565,-31.3616996446,-6.6967954636,Vy,Near-bottom,m s$^{-1}$,-6.1967954636,-0.0848524366,-0.1025106780,-0.0176582413,2
2011-05-03 22:00:00,Lower,1359,1359,159.0747120565,-31.3616996446,-6.6967954636,Vy,Near-bottom,m s$^{-1}$,-6.1967954636,-0.0751554974,-0.0990915938,-0.0239360964,2
2011-05-03 23:00:00,Lower,1359,1359,159.0747120565,-31.3616996446,-6.6967954636,Vy,Near-bottom,m s$^{-1}$,-6.1967954636,-0.0672821739,-0.0821721445,-0.0148899707,2
2011-05-04 00:00:00,Lower,1359,1359,159.0747120565,-31.3616996446,-6.6967954636,Vy,Near-bottom,m s$^{-1}$,-6.1967954636,-0.0432920512,-0.0407843881,0.0025076631,2
2011-05-04 01:00:00,Lower,1359,1359,159.0747120565,-31.3616996446,-6.6967954636,Vy,Near-bottom,m s$^{-1}$,-6.1967954636,-0.0418782261,-0.0210928292,0.0207853969,2
2011-05-04 02:00:00,Lower,1359,1359,159.0747120565,-31.3616996446,-6.6967954636,Vy,Near-bottom,m s$^{-1}$,-6.1967954636,-0.0271049035,0.0070692228,0.0341741263,2
2011-05-04 03:00:00,Lower,1359,1359,159.0747120565,-31.3616996446,-6.6967954636,Vy,Near-bottom,m s$^{-1}$,-6.1967954636,-0.0278258256,0.0467663602,0.0745921858,2
2011-05-04 04:00:00,Lower,1359,1359,159.0747120565,-31.3616996446,-6.6967954636,Vy,Near-bottom,m s$^{-1}$,-6.1967954636,-0.0447724136,0.0257005789,0.0704729925,2
2011-05-04 05:00:00,Lower,1359,1359,159.0747120565,-31.3616996446,-6.6967954636,Vy,Near-bottom,m s$^{-1}$,-6.1967954636,-0.0390563361,-0.0062494605,0.0328068756,2
2011-05-04 06:00:00,Lower,1359,1359,159.0747120565,-31.3616996446,-6.6967954636,Vy,Near-bottom,m s$^{-1}$,-6.1967954636,-0.0543960628,-0.0632539182,-0.0088578554,2
2011-05-04 07:00:00,Lower,1359,1359,159.0747120565,-31.3616996446,-6.6967954636,Vy,Near-bottom,m s$^{-1}$,-6.1967954636,-0.0763792773,-0.1179156846,-0.0415364074,2
2011-05-04 08:00:00,Lower,1359,1359,159.0747120565,-31.3616996446,-6.6967954636,Vy,Near-bottom,m s$^{-1}$,-6.1967954636,-0.0853458512,-0.1059575372,-0.0206116860,2
2011-05-04 09:00:00,Lower,1359,1359,159.0747120565,-31.3616996446,-6.6967954636,Vy,Near-bottom,m s$^{-1}$,-6.1967954636,-0.0935618543,-0.1022887594,-0.0087269051,2
2011-05-04 10:00:00,Lower,1359,1359,159.0747120565,-31.3616996446,-6.6967954636,Vy,Near-bottom,m s$^{-1}$,-6.1967954636,-0.0827096462,-0.1003729800,-0.0176633338,2
2011-05-04 11:00:00,Lower,1359,1359,159.0747120565,-31.3616996446,-6.6967954636,Vy,Near-bottom,m s$^{-1}$,-6.1967954636,-0.0688078029,-0.0944517331,-0.0256439302,2
2011-05-04 12:00:00,Lower,1359,1359,159.0747120565,-31.3616996446,-6.6967954636,Vy,Near-bottom,m s$^{-1}$,-6.1967954636,-0.0486974369,-0.0619181751,-0.0132207381,2
2011-05-04 13:00:00,Lower,1359,1359,159.0747120565,-31.3616996446,-6.6967954636,Vy,Near-bottom,m s$^{-1}$,-6.1967954636,-0.0398005241,-0.0415876192,-0.0017870951,2
2011-05-04 14:00:00,Lower,1359,1359,159.0747120565,-31.3616996446,-6.6967954636,Vy,Near-bottom,m s$^{-1}$,-6.1967954636,-0.0285272069,-0.0064549641,0.0220722428,2
2011-05-04 15:00:00,Lower,1359,1359,159.0747120565,-31.3616996446,-6.6967954636,Vy,Near-bottom,m s$^{-1}$,-6.1967954636,-0.0380881617,0.0128078171,0.0508959788,2
2011-05-04 16:00:00,Lower,1359,1359,159.0747120565,-31.3616996446,-6.6967954636,Vy,Near-bottom,m s$^{-1}$,-6.1967954636,-0.0417999531,0.0140446729,0.0558446261,2
2011-05-04 17:00:00,Lower,1359,1359,159.0747120565,-31.3616996446,-6.6967954636,Vy,Near-bottom,m s$^{-1}$,-6.1967954636,-0.0465924096,-0.0066400337,0.0399523759,2
2011-05-04 18:00:00,Lower,1359,1359,159.0747120565,-31.3616996446,-6.6967954636,Vy,Near-bottom,m s$^{-1}$,-6.1967954636,-0.0494540700,-0.0356336779,0.0138203921,2
2011-05-04 19:00:00,Lower,1359,1359,159.0747120565,-31.3616996446,-6.6967954636,Vy,Near-bottom,m s$^{-1}$,-6.1967954636,-0.0687861283,-0.1016797846,-0.0328936563,2
2011-05-04 20:00:00,Lower,1359,1359,159.0747120565,-31.3616996446,-6.6967954636,Vy,Near-bottom,m s$^{-1}$,-6.1967954636,-0.0836615211,-0.1087501394,-0.0250886183,2
2011-05-04 21:00:00,Lower,1359,1359,159.0747120565,-31.3616996446,-6.6967954636,Vy,Near-bottom,m s$^{-1}$,-6.1967954636,-0.0877533434,-0.0948475628,-0.0070942194,2
2011-05-04 22:00:00,Lower,1359,1359,159.0747120565,-31.3616996446,-6.6967954636,Vy,Near-bottom,m s$^{-1}$,-6.1967954636,-0.0792124853,-0.0867283878,-0.0075159025,2
2011-05-04 23:00:00,Lower,1359,1359,159.0747120565,-31.3616996446,-6.6967954636,Vy,Near-bottom,m s$^{-1}$,-6.1967954636,-0.0812759401,-0.1000096869,-0.0187337468,2
2011-05-05 00:00:00,Lower,1359,1359,159.0747120565,-31.3616996446,-6.6967954636,Vy,Near-bottom,m s$^{-1}$,-6.1967954636,-0.0565353953,-0.0693911977,-0.0128558024,2
2011-05-05 01:00:00,Lower,1359,1359,159.0747120565,-31.3616996446,-6.6967954636,Vy,Near-bottom,m s$^{-1}$,-6.1967954636,-0.0504553320,-0.0425487482,0.0079065837,2
2011-05-05 02:00:00,Lower,1359,1359,159.0747120565,-31.3616996446,-6.6967954636,Vy,Near-bottom,m s$^{-1}$,-6.1967954636,-0.0309241304,-0.0080320705,0.0228920599,2
2011-05-05 03:00:00,Lower,1359,1359,159.0747120565,-31.3616996446,-6.6967954636,Vy,Near-bottom,m s$^{-1}$,-6.1967954636,-0.0351747484,0.0108152529,0.0459900013,2
2011-05-05 04:00:00,Lower,1359,1359,159.0747120565,-31.3616996446,-6.6967954636,Vy,Near-bottom,m s$^{-1}$,-6.1967954636,-0.0231597929,0.0499893618,0.0731491547,2
2011-05-05 05:00:00,Lower,1359,1359,159.0747120565,-31.3616996446,-6.6967954636,Vy,Near-bottom,m s$^{-1}$,-6.1967954636,-0.0469463388,0.0299922346,0.0769385734,2
2011-05-05 06:00:00,Lower,1359,1359,159.0747120565,-31.3616996446,-6.6967954636,Vy,Near-bottom,m s$^{-1}$,-6.1967954636,-0.0379077826,-0.0026743141,0.0352334684,2
2011-05-05 07:00:00,Lower,1359,1359,159.0747120565,-31.3616996446,-6.6967954636,Vy,Near-bottom,m s$^{-1}$,-6.1967954636,-0.0672628006,-0.1026518523,-0.0353890517,2
2011-05-05 08:00:00,Lower,1359,1359,159.0747120565,-31.3616996446,-6.6967954636,Vy,Near-bottom,m s$^{-1}$,-6.1967954636,-0.0734968997,-0.1053648168,-0.0318679171,2
2011-05-05 09:00:00,Lower,1359,1359,159.0747120565,-31.3616996446,-6.6967954636,Vy,Near-bottom,m s$^{-1}$,-6.1967954636,-0.0842565196,-0.0925664246,-0.0083099051,2
2011-05-05 10:00:00,Lower,1359,1359,159.0747120565,-31.3616996446,-6.6967954636,Vy,Near-bottom,m s$^{-1}$,-6.1967954636,-0.0939928315,-0.0987322463,-0.0047394148,2
2011-05-05 11:00:00,Lower,1359,1359,159.0747120565,-31.3616996446,-6.6967954636,Vy,Near-bottom,m s$^{-1}$,-6.1967954636,-0.0827583228,-0.0979731799,-0.0152148572,2
2011-05-05 12:00:00,Lower,1359,1359,159.0747120565,-31.3616996446,-6.6967954636,Vy,Near-bottom,m s$^{-1}$,-6.1967954636,-0.0731559223,-0.0929473193,-0.0197913970,2
2011-05-05 13:00:00,Lower,1359,1359,159.0747120565,-31.3616996446,-6.6967954636,Vy,Near-bottom,m s$^{-1}$,-6.1967954636,-0.0568819896,-0.0666827200,-0.0098007303,2
2011-05-05 14:00:00,Lower,1359,1359,159.0747120565,-31.3616996446,-6.6967954636,Vy,Near-bottom,m s$^{-1}$,-6.1967954636,-0.0479421962,-0.0397602742,0.0081819220,2
2011-05-05 15:00:00,Lower,1359,1359,159.0747120565,-31.3616996446,-6.6967954636,Vy,Near-bottom,m s$^{-1}$,-6.1967954636,-0.0228902145,0.0073805625,0.0302707770,2
2011-05-05 16:00:00,Lower,1359,1359,159.0747120565,-31.3616996446,-6.6967954636,Vy,Near-bottom,m s$^{-1}$,-6.1967954636,-0.0348654623,0.0314159304,0.0662813927,2
2011-05-05 17:00:00,Lower,1359,1359,159.0747120565,-31.3616996446,-6.6967954636,Vy,Near-bottom,m s$^{-1}$,-6.1967954636,-0.0395080403,0.0247717807,0.0642798211,2
2011-05-05 18:00:00,Lower,1359,1359,159.0747120565,-31.3616996446,-6.6967954636,Vy,Near-bottom,m s$^{-1}$,-6.1967954636,-0.0415942109,-0.0011000455,0.0404941654,2
2011-05-05 19:00:00,Lower,1359,1359,159.0747120565,-31.3616996446,-6.6967954636,Vy,Near-bottom,m s$^{-1}$,-6.1967954636,-0.0541018038,-0.0527839324,0.0013178715,2
2011-05-05 20:00:00,Lower,1359,1359,159.0747120565,-31.3616996446,-6.6967954636,Vy,Near-bottom,m s$^{-1}$,-6.1967954636,-0.0765632538,-0.1186004468,-0.0420371930,2
2011-05-05 21:00:00,Lower,1359,1359,159.0747120565,-31.3616996446,-6.6967954636,Vy,Near-bottom,m s$^{-1}$,-6.1967954636,-0.0797841669,-0.0983701706,-0.0185860038,2
2011-05-05 22:00:00,Lower,1359,1359,159.0747120565,-31.3616996446,-6.6967954636,Vy,Near-bottom,m s$^{-1}$,-6.1967954636,-0.0913424487,-0.0944099748,-0.0030675262,2
2011-05-05 23:00:00,Lower,1359,1359,159.0747120565,-31.3616996446,-6.6967954636,Vy,Near-bottom,m s$^{-1}$,-6.1967954636,-0.0736670241,-0.0873852746,-0.0137182506,2
2011-05-06 00:00:00,Lower,1359,1359,159.0747120565,-31.3616996446,-6.6967954636,Vy,Near-bottom,m s$^{-1}$,-6.1967954636,-0.0827963420,-0.1011909815,-0.0183946395,2
2011-05-06 01:00:00,Lower,1359,1359,159.0747120565,-31.3616996446,-6.6967954636,Vy,Near-bottom,m s$^{-1}$,-6.1967954636,-0.0547186933,-0.0690461380,-0.0143274447,2
2011-05-06 02:00:00,Lower,1359,1359,159.0747120565,-31.3616996446,-6.6967954636,Vy,Near-bottom,m s$^{-1}$,-6.1967954636,-0.0447577737,-0.0303220962,0.0144356775,2
2011-05-06 03:00:00,Lower,1359,1359,159.0747120565,-31.3616996446,-6.6967954636,Vy,Near-bottom,m s$^{-1}$,-6.1967954636,-0.0222883482,0.0161657848,0.0384541330,2
2011-05-06 04:00:00,Lower,1359,1359,159.0747120565,-31.3616996446,-6.6967954636,Vy,Near-bottom,m s$^{-1}$,-6.1967954636,-0.0385217762,0.0326519416,0.0711737178,2
2011-05-06 05:00:00,Lower,1359,1359,159.0747120565,-31.3616996446,-6.6967954636,Vy,Near-bottom,m s$^{-1}$,-6.1967954636,-0.0182689918,0.0757477888,0.0940167806,2
2011-05-06 06:00:00,Lower,1359,1359,159.0747120565,-31.3616996446,-6.6967954636,Vy,Near-bottom,m s$^{-1}$,-6.1967954636,-0.0462581644,0.0562839128,0.1025420772,2
2011-05-06 07:00:00,Lower,1359,1359,159.0747120565,-31.3616996446,-6.6967954636,Vy,Near-bottom,m s$^{-1}$,-6.1967954636,-0.0488119756,-0.0173293363,0.0314826393,2
2011-05-06 08:00:00,Lower,1359,1359,159.0747120565,-31.3616996446,-6.6967954636,Vy,Near-bottom,m s$^{-1}$,-6.1967954636,-0.0636502132,-0.1018465133,-0.0381963001,2
2011-05-06 09:00:00,Lower,1359,1359,159.0747120565,-31.3616996446,-6.6967954636,Vy,Near-bottom,m s$^{-1}$,-6.1967954636,-0.0905139446,-0.1232787861,-0.0327648414,2
2011-05-06 10:00:00,Lower,1359,1359,159.0747120565,-31.3616996446,-6.6967954636,Vy,Near-bottom,m s$^{-1}$,-6.1967954636,-0.0947897454,-0.1139366319,-0.0191468865,2
2011-05-06 11:00:00,Lower,1359,1359,159.0747120565,-31.3616996446,-6.6967954636,Vy,Near-bottom,m s$^{-1}$,-6.1967954636,-0.0858928125,-0.0912226867,-0.0053298742,2
2011-05-06 12:00:00,Lower,1359,1359,159.0747120565,-31.3616996446,-6.6967954636,Vy,Near-bottom,m s$^{-1}$,-6.1967954636,-0.0922415560,-0.1160584332,-0.0238168772,2
2011-05-06 13:00:00,Lower,1359,1359,159.0747120565,-31.3616996446,-6.6967954636,Vy,Near-bottom,m s$^{-1}$,-6.1967954636,-0.0592361181,-0.0915283033,-0.0322921852,2
2011-05-06 14:00:00,Lower,1359,1359,159.0747120565,-31.3616996446,-6.6967954636,Vy,Near-bottom,m s$^{-1}$,-6.1967954636,-0.0489537741,-0.0536424215,-0.0046886474,2
2011-05-06 15:00:00,Lower,1359,1359,159.0747120565,-31.3616996446,-6.6967954636,Vy,Near-bottom,m s$^{-1}$,-6.1967954636,-0.0337857546,-0.0184754547,0.0153102999,2
2011-05-06 16:00:00,Lower,1359,1359,159.0747120565,-31.3616996446,-6.6967954636,Vy,Near-bottom,m s$^{-1}$,-6.1967954636,-0.0241793300,0.0165793171,0.0407586471,2
2011-05-06 17:00:00,Lower,1359,1359,159.0747120565,-31.3616996446,-6.6967954636,Vy,Near-bottom,m s$^{-1}$,-6.1967954636,-0.0347160968,0.0348941132,0.0696102100,2
2011-05-06 18:00:00,Lower,1359,1359,159.0747120565,-31.3616996446,-6.6967954636,Vy,Near-bottom,m s$^{-1}$,-6.1967954636,-0.0383844738,0.0260059866,0.0643904605,2
2011-05-06 19:00:00,Lower,1359,1359,159.0747120565,-31.3616996446,-6.6967954636,Vy,Near-bottom,m s$^{-1}$,-6.1967954636,-0.0356044802,0.0190966052,0.0547010855,2
2011-05-06 20:00:00,Lower,1359,1359,159.0747120565,-31.3616996446,-6.6967954636,Vy,Near-bottom,m s$^{-1}$,-6.1967954636,-0.0579351331,-0.0454273048,0.0125078283,2
2011-05-06 21:00:00,Lower,1359,1359,159.0747120565,-31.3616996446,-6.6967954636,Vy,Near-bottom,m s$^{-1}$,-6.1967954636,-0.0819410679,-0.1309288595,-0.0489877917,2
2011-05-06 22:00:00,Lower,1359,1359,159.0747120565,-31.3616996446,-6.6967954636,Vy,Near-bottom,m s$^{-1}$,-6.1967954636,-0.0894188392,-0.1110669120,-0.0216480728,2
2011-05-06 23:00:00,Lower,1359,1359,159.0747120565,-31.3616996446,-6.6967954636,Vy,Near-bottom,m s$^{-1}$,-6.1967954636,-0.0868849576,-0.0959042977,-0.0090193402,2
2011-05-07 00:00:00,Lower,1359,1359,159.0747120565,-31.3616996446,-6.6967954636,Vy,Near-bottom,m s$^{-1}$,-6.1967954636,-0.0921036095,-0.1167927940,-0.0246891845,2
2011-05-01 01:00:00,Lower,1359,1359,159.0747120565,-31.3616996446,-6.6967954636,Vy,Surface,m s$^{-1}$,-0.5137838996,0.4743944272,0.0755822262,-0.3988122010,4
2011-05-01 02:00:00,Lower,1359,1359,159.0747120565,-31.3616996446,-6.6967954636,Vy,Surface,m s$^{-1}$,-0.5687976381,0.4590119955,0.0868566809,-0.3721553146,4
2011-05-01 03:00:00,Lower,1359,1359,159.0747120565,-31.3616996446,-6.6967954636,Vy,Surface,m s$^{-1}$,-0.5979628703,0.3231852124,0.0448353987,-0.2783498138,4
2011-05-01 04:00:00,Lower,1359,1359,159.0747120565,-31.3616996446,-6.6967954636,Vy,Surface,m s$^{-1}$,-0.5988047099,0.3202571341,-0.0286080906,-0.3488652247,4
2011-05-01 05:00:00,Lower,1359,1359,159.0747120565,-31.3616996446,-6.6967954636,Vy,Surface,m s$^{-1}$,-0.5849895226,0.2126697722,-0.0533555241,-0.2660252963,4
2011-05-01 06:00:00,Lower,1359,1359,159.0747120565,-31.3616996446,-6.6967954636,Vy,Surface,m s$^{-1}$,-0.5293535672,0.1748085790,-0.0812473426,-0.2560559216,4
2011-05-01 07:00:00,Lower,1359,1359,159.0747120565,-31.3616996446,-6.6967954636,Vy,Surface,m s$^{-1}$,-0.4708797785,0.1454590815,-0.0739794739,-0.2194385554,4
2011-05-01 08:00:00,Lower,1359,1359,159.0747120565,-31.3616996446,-6.6967954636,Vy,Surface,m s$^{-1}$,-0.4114286418,0.1228486047,-0.0704071227,-0.1932557274,4
2011-05-01 09:00:00,Lower,1359,1359,159.0747120565,-31.3616996446,-6.6967954636,Vy,Surface,m s$^{-1}$,-0.3709228034,0.1394358144,-0.0553856299,-0.1948214443,4
2011-05-01 10:00:00,Lower,1359,1359,159.0747120565,-31.3616996446,-6.6967954636,Vy,Surface,m s$^{-1}$,-0.3597194589,0.1703701139,-0.0184114686,-0.1887815825,4
2011-05-01 11:00:00,Lower,1359,1359,159.0747120565,-31.3616996446,-6.6967954636,Vy,Surface,m s$^{-1}$,-0.3684848370,0.1939840825,0.0027691216,-0.1912149610,4
2011-05-01 12:00:00,Lower,1359,1359,159.0747120565,-31.3616996446,-6.6967954636,Vy,Surface,m s$^{-1}$,-0.4145935506,0.2559692479,0.0508015752,-0.2051676727,4
2011-05-01 13:00:00,Lower,1359,1359,159.0747120565,-31.3616996446,-6.6967954636,Vy,Surface,m s$^{-1}$,-0.4701785472,0.2662236000,0.0656415565,-0.2005820435,4
2011-05-01 14:00:00,Lower,1359,1359,159.0747120565,-31.3616996446,-6.6967954636,Vy,Surface,m s$^{-1}$,-0.5168952911,0.2650042877,0.0552130301,-0.2097912576,4
2011-05-01 15:00:00,Lower,1359,1359,159.0747120565,-31.3616996446,-6.6967954636,Vy,Surface,m s$^{-1}$,-0.5556468313,0.2537993610,0.0412008889,-0.2125984721,4
2011-05-01 16:00:00,Lower,1359,1359,159.0747120565,-31.3616996446,-6.6967954636,Vy,Surface,m s$^{-1}$,-0.5705003037,0.2041250996,-0.0027459197,-0.2068710193,4
2011-05-01 17:00:00,Lower,1359,1359,159.0747120565,-31.3616996446,-6.6967954636,Vy,Surface,m s$^{-1}$,-0.5663230558,0.1817002776,-0.0323410741,-0.2140413517,4
2011-05-01 18:00:00,Lower,1359,1359,159.0747120565,-31.3616996446,-6.6967954636,Vy,Surface,m s$^{-1}$,-0.5193736886,0.1176599744,-0.0743449176,-0.1920048921,4
2011-05-01 19:00:00,Lower,1359,1359,159.0747120565,-31.3616996446,-6.6967954636,Vy,Surface,m s$^{-1}$,-0.4607930065,0.1020408324,-0.0713754967,-0.1734163292,4
2011-05-01 20:00:00,Lower,1359,1359,159.0747120565,-31.3616996446,-6.6967954636,Vy,Surface,m s$^{-1}$,-0.4013547519,0.0798352173,-0.0708687947,-0.1507040120,4
2011-05-01 21:00:00,Lower,1359,1359,159.0747120565,-31.3616996446,-6.6967954636,Vy,Surface,m s$^{-1}$,-0.3510451381,0.0873219737,-0.0674359812,-0.1547579550,4
2011-05-01 22:00:00,Lower,1359,1359,159.0747120565,-31.3616996446,-6.6967954636,Vy,Surface,m s$^{-1}$,-0.3301858116,0.1237561760,-0.0316216312,-0.1553778072,4
2011-05-01 23:00:00,Lower,1359,1359,159.0747120565,-31.3616996446,-6.6967954636,Vy,Surface,m s$^{-1}$,-0.3482933292,0.1758811888,0.0186472405,-0.1572339484,4
2011-05-02 00:00:00,Lower,1359,1359,159.0747120565,-31.3616996446,-6.6967954636,Vy,Surface,m s$^{-1}$,-0.3943929534,0.2204763978,0.0490256887,-0.1714507091,4
2011-05-02 01:00:00,Lower,1359,1359,159.0747120565,-31.3616996446,-6.6967954636,Vy,Surface,m s$^{-1}$,-0.4596078405,0.2632122650,0.0785259454,-0.1846863196,4
2011-05-02 02:00:00,Lower,1359,1359,159.0747120565,-31.3616996446,-6.6967954636,Vy,Surface,m s$^{-1}$,-0.5161568912,0.2647619593,0.0697865706,-0.1949753886,4
2011-05-02 03:00:00,Lower,1359,1359,159.0747120565,-31.3616996446,-6.6967954636,Vy,Surface,m s$^{-1}$,-0.5642566870,0.2608298577,0.0546939659,-0.2061358919,4
2011-05-02 04:00:00,Lower,1359,1359,159.0747120565,-31.3616996446,-6.6967954636,Vy,Surface,m s$^{-1}$,-0.5953453375,0.2305507675,0.0282532766,-0.2022974910,4
2011-05-02 05:00:00,Lower,1359,1359,159.0747120565,-31.3616996446,-6.6967954636,Vy,Surface,m s$^{-1}$,-0.6030843978,0.1864344590,-0.0199196340,-0.2063540930,4
2011-05-02 06:00:00,Lower,1359,1359,159.0747120565,-31.3616996446,-6.6967954636,Vy,Surface,m s$^{-1}$,-0.5780517791,0.1491058692,-0.0580455480,-0.2071514172,4
2011-05-02 07:00:00,Lower,1359,1359,159.0747120565,-31.3616996446,-6.6967954636,Vy,Surface,m s$^{-1}$,-0.5201636426,0.1010859626,-0.0760588379,-0.1771448005,4
2011-05-02 08:00:00,Lower,1359,1359,159.0747120565,-31.3616996446,-6.6967954636,Vy,Surface,m s$^{-1}$,-0.4515799815,0.0814809371,-0.0783070491,-0.1597879862,4
2011-05-02 09:00:00,Lower,1359,1359,159.0747120565,-31.3616996446,-6.6967954636,Vy,Surface,m s$^{-1}$,-0.3915055681,0.0859092281,-0.0724052958,-0.1583145239,4
2011-05-02 10:00:00,Lower,1359,1359,159.0747120565,-31.3616996446,-6.6967954636,Vy,Surface,m s$^{-1}$,-0.3509883832,0.1001395708,-0.0539949165,-0.1541344873,4
2011-05-02 11:00:00,Lower,1359,1359,159.0747120565,-31.3616996446,-6.6967954636,Vy,Surface,m s$^{-1}$,-0.3398683592,0.1317050262,-0.0180750374,-0.1497800636,4
2011-05-02 12:00:00,Lower,1359,1359,159.0747120565,-31.3616996446,-6.6967954636,Vy,Surface,m s$^{-1}$,-0.3581197693,0.1660316147,0.0157986851,-0.1502329296,4
2011-05-02 13:00:00,Lower,1359,1359,159.0747120565,-31.3616996446,-6.6967954636,Vy,Surface,m s$^{-1}$,-0.4044002428,0.2078770766,0.0494880202,-0.1583890565,4
2011-05-02 14:00:00,Lower,1359,1359,159.0747120565,-31.3616996446,-6.6967954636,Vy,Surface,m s$^{-1}$,-0.4604990714,0.2293264794,0.0663645242,-0.1629619551,4
2011-05-02 15:00:00,Lower,1359,1359,159.0747120565,-31.3616996446,-6.6967954636,Vy,Surface,m s$^{-1}$,-0.5074133113,0.2306670914,0.0548248099,-0.1758422814,4
2011-05-02 16:00:00,Lower,1359,1359,159.0747120565,-31.3616996446,-6.6967954636,Vy,Surface,m s$^{-1}$,-0.5371468967,0.2098059520,0.0281839686,-0.1816219835,4
2011-05-02 17:00:00,Lower,1359,1359,159.0747120565,-31.3616996446,-6.6967954636,Vy,Surface,m s$^{-1}$,-0.5604836619,0.1954942387,0.0126526176,-0.1828416212,4
2011-05-02 18:00:00,Lower,1359,1359,159.0747120565,-31.3616996446,-6.6967954636,Vy,Surface,m s$^{-1}$,-0.5469277813,0.1295966014,-0.0474043860,-0.1770009874,4
2011-05-02 19:00:00,Lower,1359,1359,159.0747120565,-31.3616996446,-6.6967954636,Vy,Surface,m s$^{-1}$,-0.4995210697,0.1008611062,-0.0709427525,-0.1718038587,4
2011-05-02 20:00:00,Lower,1359,1359,159.0747120565,-31.3616996446,-6.6967954636,Vy,Surface,m s$^{-1}$,-0.4410256303,0.0715123360,-0.0729575375,-0.1444698736,4
2011-05-02 21:00:00,Lower,1359,1359,159.0747120565,-31.3616996446,-6.6967954636,Vy,Surface,m s$^{-1}$,-0.3811947546,0.0606000878,-0.0775581943,-0.1381582822,4
2011-05-02 22:00:00,Lower,1359,1359,159.0747120565,-31.3616996446,-6.6967954636,Vy,Surface,m s$^{-1}$,-0.3409186335,0.0787498026,-0.0545788163,-0.1333286189,4
2011-05-02 23:00:00,Lower,1359,1359,159.0747120565,-31.3616996446,-6.6967954636,Vy,Surface,m s$^{-1}$,-0.3296736087,0.1041132893,-0.0183513014,-0.1224645907,4
2011-05-03 00:00:00,Lower,1359,1359,159.0747120565,-31.3616996446,-6.6967954636,Vy,Surface,m s$^{-1}$,-0.3574457068,0.1598308647,0.0301763695,-0.1296544952,4
2011-05-03 01:00:00,Lower,1359,1359,159.0747120565,-31.3616996446,-6.6967954636,Vy,Surface,m s$^{-1}$,-0.4036159937,0.1897322726,0.0486623226,-0.1410699500,4
2011-05-03 02:00:00,Lower,1359,1359,159.0747120565,-31.3616996446,-6.6967954636,Vy,Surface,m s$^{-1}$,-0.4692299332,0.2405823288,0.0781979720,-0.1623843568,4
2011-05-03 03:00:00,Lower,1359,1359,159.0747120565,-31.3616996446,-6.6967954636,Vy,Surface,m s$^{-1}$,-0.5258557592,0.2380193915,0.0702031363,-0.1678162552,4
2011-05-03 04:00:00,Lower,1359,1359,159.0747120565,-31.3616996446,-6.6967954636,Vy,Surface,m s$^{-1}$,-0.5742584514,0.2363469342,0.0549349663,-0.1814119679,4
2011-05-03 05:00:00,Lower,1359,1359,159.0747120565,-31.3616996446,-6.6967954636,Vy,Surface,m s$^{-1}$,-0.6141614180,0.2220031949,0.0420410162,-0.1799621787,4
2011-05-03 06:00:00,Lower,1359,1359,159.0747120565,-31.3616996446,-6.6967954636,Vy,Surface,m s$^{-1}$,-0.6131842217,0.1473574907,-0.0357725063,-0.1831299970,4
2011-05-03 07:00:00,Lower,1359,1359,159.0747120565,-31.3616996446,-6.6967954636,Vy,Surface,m s$^{-1}$,-0.5785940029,0.1230568663,-0.0683735201,-0.1914303864,4
2011-05-03 08:00:00,Lower,1359,1359,159.0747120565,-31.3616996446,-6.6967954636,Vy,Surface,m s$^{-1}$,-0.5203609061,0.0765548886,-0.0713421616,-0.1478970502,4
2011-05-03 09:00:00,Lower,1359,1359,159.0747120565,-31.3616996446,-6.6967954636,Vy,Surface,m s$^{-1}$,-0.4417334718,0.0403161524,-0.0886161178,-0.1289322702,4
2011-05-03 10:00:00,Lower,1359,1359,159.0747120565,-31.3616996446,-6.6967954636,Vy,Surface,m s$^{-1}$,-0.3813514345,0.0714900747,-0.0738131816,-0.1453032563,4
2011-05-03 11:00:00,Lower,1359,1359,159.0747120565,-31.3616996446,-6.6967954636,Vy,Surface,m s$^{-1}$,-0.3411732054,0.0667355770,-0.0527520889,-0.1194876658,4
2011-05-03 12:00:00,Lower,1359,1359,159.0747120565,-31.3616996446,-6.6967954636,Vy,Surface,m s$^{-1}$,-0.3397295792,0.1223799030,-0.0036846174,-0.1260645204,4
2011-05-03 13:00:00,Lower,1359,1359,159.0747120565,-31.3616996446,-6.6967954636,Vy,Surface,m s$^{-1}$,-0.3673837542,0.1479131726,0.0271241092,-0.1207890634,4
2011-05-03 14:00:00,Lower,1359,1359,159.0747120565,-31.3616996446,-6.6967954636,Vy,Surface,m s$^{-1}$,-0.4138325827,0.1859326627,0.0490864483,-0.1368462144,4
2011-05-03 15:00:00,Lower,1359,1359,159.0747120565,-31.3616996446,-6.6967954636,Vy,Surface,m s$^{-1}$,-0.4699787053,0.2110935373,0.0667216062,-0.1443719311,4
2011-05-03 16:00:00,Lower,1359,1359,159.0747120565,-31.3616996446,-6.6967954636,Vy,Surface,m s$^{-1}$,-0.5171058377,0.2071863796,0.0569797932,-0.1502065863,4
2011-05-03 17:00:00,Lower,1359,1359,159.0747120565,-31.3616996446,-6.6967954636,Vy,Surface,m s$^{-1}$,-0.5560143143,0.2021509951,0.0425024279,-0.1596485672,4
2011-05-03 18:00:00,Lower,1359,1359,159.0747120565,-31.3616996446,-6.6967954636,Vy,Surface,m s$^{-1}$,-0.5618160205,0.1407186523,-0.0172084422,-0.1579270945,4
2011-05-03 19:00:00,Lower,1359,1359,159.0747120565,-31.3616996446,-6.6967954636,Vy,Surface,m s$^{-1}$,-0.5474655163,0.1224916260,-0.0432043965,-0.1656960225,4
2011-05-03 20:00:00,Lower,1359,1359,159.0747120565,-31.3616996446,-6.6967954636,Vy,Surface,m s$^{-1}$,-0.4997265792,0.0668283955,-0.0673788652,-0.1342072607,4
2011-05-03 21:00:00,Lower,1359,1359,159.0747120565,-31.3616996446,-6.6967954636,Vy,Surface,m s$^{-1}$,-0.4312605240,0.0475746001,-0.0842292510,-0.1318038511,4
2011-05-03 22:00:00,Lower,1359,1359,159.0747120565,-31.3616996446,-6.6967954636,Vy,Surface,m s$^{-1}$,-0.3715016702,0.0535959880,-0.0762692492,-0.1298652372,4
2011-05-03 23:00:00,Lower,1359,1359,159.0747120565,-31.3616996446,-6.6967954636,Vy,Surface,m s$^{-1}$,-0.3309468543,0.0628700584,-0.0542228870,-0.1170929454,4
2011-05-04 00:00:00,Lower,1359,1359,159.0747120565,-31.3616996446,-6.6967954636,Vy,Surface,m s$^{-1}$,-0.3295012162,0.1124326616,-0.0053415046,-0.1177741662,4
2011-05-04 01:00:00,Lower,1359,1359,159.0747120565,-31.3616996446,-6.6967954636,Vy,Surface,m s$^{-1}$,-0.3572829433,0.1454190786,0.0280860419,-0.1173330367,4
2011-05-04 02:00:00,Lower,1359,1359,159.0747120565,-31.3616996446,-6.6967954636,Vy,Surface,m s$^{-1}$,-0.4130296941,0.2023259964,0.0615658096,-0.1407601868,4
2011-05-04 03:00:00,Lower,1359,1359,159.0747120565,-31.3616996446,-6.6967954636,Vy,Surface,m s$^{-1}$,-0.4884565222,0.2460045674,0.0929282385,-0.1530763289,4
2011-05-04 04:00:00,Lower,1359,1359,159.0747120565,-31.3616996446,-6.6967954636,Vy,Surface,m s$^{-1}$,-0.5459118842,0.2319076684,0.0702056979,-0.1617019705,4
2011-05-04 05:00:00,Lower,1359,1359,159.0747120565,-31.3616996446,-6.6967954636,Vy,Surface,m s$^{-1}$,-0.5940119307,0.2281170827,0.0538580615,-0.1742590212,4
2011-05-04 06:00:00,Lower,1359,1359,159.0747120565,-31.3616996446,-6.6967954636,Vy,Surface,m s$^{-1}$,-0.6248818665,0.1956884090,0.0285071484,-0.1671812606,4
2011-05-04 07:00:00,Lower,1359,1359,159.0747120565,-31.3616996446,-6.6967954636,Vy,Surface,m s$^{-1}$,-0.6240872976,0.1358009089,-0.0358316484,-0.1716325573,4
2011-05-04 08:00:00,Lower,1359,1359,159.0747120565,-31.3616996446,-6.6967954636,Vy,Surface,m s$^{-1}$,-0.5790845993,0.0827270503,-0.0784649060,-0.1611919564,4
2011-05-04 09:00:00,Lower,1359,1359,159.0747120565,-31.3616996446,-6.6967954636,Vy,Surface,m s$^{-1}$,-0.5010910239,0.0290985425,-0.0908163715,-0.1199149140,4
2011-05-04 10:00:00,Lower,1359,1359,159.0747120565,-31.3616996446,-6.6967954636,Vy,Surface,m s$^{-1}$,-0.4216063269,0.0269425603,-0.0881321665,-0.1150747268,4
2011-05-04 11:00:00,Lower,1359,1359,159.0747120565,-31.3616996446,-6.6967954636,Vy,Surface,m s$^{-1}$,-0.3611951028,0.0173183145,-0.0748350951,-0.0921534096,4
2011-05-04 12:00:00,Lower,1359,1359,159.0747120565,-31.3616996446,-6.6967954636,Vy,Surface,m s$^{-1}$,-0.3307071112,0.0126160208,-0.0343725193,-0.0469885401,4
2011-05-04 13:00:00,Lower,1359,1359,159.0747120565,-31.3616996446,-6.6967954636,Vy,Surface,m s$^{-1}$,-0.3298429962,0.0520727724,-0.0059690554,-0.0580418278,4
2011-05-04 14:00:00,Lower,1359,1359,159.0747120565,-31.3616996446,-6.6967954636,Vy,Surface,m s$^{-1}$,-0.3670668761,0.1309791442,0.0416790766,-0.0893000676,4
2011-05-04 15:00:00,Lower,1359,1359,159.0747120565,-31.3616996446,-6.6967954636,Vy,Surface,m s$^{-1}$,-0.4231242782,0.1990799228,0.0652528137,-0.1338271090,4
2011-05-04 16:00:00,Lower,1359,1359,159.0747120565,-31.3616996446,-6.6967954636,Vy,Surface,m s$^{-1}$,-0.4793682628,0.2344107541,0.0674666884,-0.1669440657,4
2011-05-04 17:00:00,Lower,1359,1359,159.0747120565,-31.3616996446,-6.6967954636,Vy,Surface,m s$^{-1}$,-0.5268454895,0.2334817279,0.0553526544,-0.1781290735,4
2011-05-04 18:00:00,Lower,1359,1359,159.0747120565,-31.3616996446,-6.6967954636,Vy,Surface,m s$^{-1}$,-0.5658277671,0.2192609651,0.0415097496,-0.1777512155,4
2011-05-04 19:00:00,Lower,1359,1359,159.0747120565,-31.3616996446,-6.6967954636,Vy,Surface,m s$^{-1}$,-0.5802470008,0.1715231489,-0.0013717148,-0.1728948637,4
2011-05-04 20:00:00,Lower,1359,1359,159.0747120565,-31.3616996446,-6.6967954636,Vy,Surface,m s$^{-1}$,-0.5577519499,0.1150586656,-0.0603829362,-0.1754416018,4
2011-05-04 21:00:00,Lower,1359,1359,159.0747120565,-31.3616996446,-6.6967954636,Vy,Surface,m s$^{-1}$,-0.5002271831,0.0724626928,-0.0774008968,-0.1498635896,4
2011-05-04 22:00:00,Lower,1359,1359,159.0747120565,-31.3616996446,-6.6967954636,Vy,Surface,m s$^{-1}$,-0.4411742854,0.0618234901,-0.0691423525,-0.1309658425,4
2011-05-04 23:00:00,Lower,1359,1359,159.0747120565,-31.3616996446,-6.6967954636,Vy,Surface,m s$^{-1}$,-0.3813495383,0.0394966785,-0.0761579336,-0.1156546121,4
2011-05-05 00:00:00,Lower,1359,1359,159.0747120565,-31.3616996446,-6.6967954636,Vy,Surface,m s$^{-1}$,-0.3506207504,0.0796239297,-0.0405151103,-0.1201390400,4
2011-05-05 01:00:00,Lower,1359,1359,159.0747120565,-31.3616996446,-6.6967954636,Vy,Surface,m s$^{-1}$,-0.3494544713,0.0972148160,-0.0067671240,-0.1039819400,4
2011-05-05 02:00:00,Lower,1359,1359,159.0747120565,-31.3616996446,-6.6967954636,Vy,Surface,m s$^{-1}$,-0.3865720090,0.1619104099,0.0405477020,-0.1213627078,4
2011-05-05 03:00:00,Lower,1359,1359,159.0747120565,-31.3616996446,-6.6967954636,Vy,Surface,m s$^{-1}$,-0.4426864801,0.1971896549,0.0657251032,-0.1314645516,4
2011-05-05 04:00:00,Lower,1359,1359,159.0747120565,-31.3616996446,-6.6967954636,Vy,Surface,m s$^{-1}$,-0.5183772181,0.2465259525,0.0958118743,-0.1507140782,4
2011-05-05 05:00:00,Lower,1359,1359,159.0747120565,-31.3616996446,-6.6967954636,Vy,Surface,m s$^{-1}$,-0.5757493468,0.2284617216,0.0705442822,-0.1579174394,4
2011-05-05 06:00:00,Lower,1359,1359,159.0747120565,-31.3616996446,-6.6967954636,Vy,Surface,m s$^{-1}$,-0.6238874607,0.2248474175,0.0539479608,-0.1708994567,4
2011-05-05 07:00:00,Lower,1359,1359,159.0747120565,-31.3616996446,-6.6967954636,Vy,Surface,m s$^{-1}$,-0.6374566439,0.1610457033,0.0004137384,-0.1606319649,4
2011-05-05 08:00:00,Lower,1359,1359,159.0747120565,-31.3616996446,-6.6967954636,Vy,Surface,m s$^{-1}$,-0.6263275480,0.1238046418,-0.0478226280,-0.1716272698,4
2011-05-05 09:00:00,Lower,1359,1359,159.0747120565,-31.3616996446,-6.6967954636,Vy,Surface,m s$^{-1}$,-0.5795879173,0.0730032780,-0.0709869214,-0.1439901994,4
2011-05-05 10:00:00,Lower,1359,1359,159.0747120565,-31.3616996446,-6.6967954636,Vy,Surface,m s$^{-1}$,-0.5011379750,0.0222971410,-0.0883516123,-0.1106487532,4
2011-05-05 11:00:00,Lower,1359,1359,159.0747120565,-31.3616996446,-6.6967954636,Vy,Surface,m s$^{-1}$,-0.4217284591,0.0314302375,-0.0862668751,-0.1176971127,4
2011-05-05 12:00:00,Lower,1359,1359,159.0747120565,-31.3616996446,-6.6967954636,Vy,Surface,m s$^{-1}$,-0.3614637794,0.0384402218,-0.0731306789,-0.1115709007,4
2011-05-05 13:00:00,Lower,1359,1359,159.0747120565,-31.3616996446,-6.6967954636,Vy,Surface,m s$^{-1}$,-0.3309487161,0.0664253052,-0.0386222853,-0.1050475905,4
2011-05-05 14:00:00,Lower,1359,1359,159.0747120565,-31.3616996446,-6.6967954636,Vy,Surface,m s$^{-1}$,-0.3299398503,0.0920093823,-0.0054253944,-0.0974347767,4
2011-05-05 15:00:00,Lower,1359,1359,159.0747120565,-31.3616996446,-6.6967954636,Vy,Surface,m s$^{-1}$,-0.3767561669,0.1723334466,0.0535375257,-0.1187959209,4
2011-05-05 16:00:00,Lower,1359,1359,159.0747120565,-31.3616996446,-6.6967954636,Vy,Surface,m s$^{-1}$,-0.4424455284,0.2103884711,0.0793538271,-0.1310346440,4
2011-05-05 17:00:00,Lower,1359,1359,159.0747120565,-31.3616996446,-6.6967954636,Vy,Surface,m s$^{-1}$,-0.4992102709,0.2186781386,0.0691882506,-0.1494898880,4
2011-05-05 18:00:00,Lower,1359,1359,159.0747120565,-31.3616996446,-6.6967954636,Vy,Surface,m s$^{-1}$,-0.5468421696,0.2174290259,0.0552248132,-0.1622042127,4
2011-05-05 19:00:00,Lower,1359,1359,159.0747120565,-31.3616996446,-6.6967954636,Vy,Surface,m s$^{-1}$,-0.5764564158,0.1900207335,0.0289984836,-0.1610222498,4
2011-05-05 20:00:00,Lower,1359,1359,159.0747120565,-31.3616996446,-6.6967954636,Vy,Surface,m s$^{-1}$,-0.5741549860,0.1316208882,-0.0331517201,-0.1647726083,4
2011-05-05 21:00:00,Lower,1359,1359,159.0747120565,-31.3616996446,-6.6967954636,Vy,Surface,m s$^{-1}$,-0.5388659924,0.0951971962,-0.0653223347,-0.1605195309,4
2011-05-05 22:00:00,Lower,1359,1359,159.0747120565,-31.3616996446,-6.6967954636,Vy,Surface,m s$^{-1}$,-0.4708918206,0.0405955645,-0.0844310046,-0.1250265691,4
2011-05-05 23:00:00,Lower,1359,1359,159.0747120565,-31.3616996446,-6.6967954636,Vy,Surface,m s$^{-1}$,-0.4112539820,0.0619118598,-0.0679121021,-0.1298239619,4
2011-05-06 00:00:00,Lower,1359,1359,159.0747120565,-31.3616996446,-6.6967954636,Vy,Surface,m s$^{-1}$,-0.3516418812,0.0277884120,-0.0773531573,-0.1051415693,4
2011-05-06 01:00:00,Lower,1359,1359,159.0747120565,-31.3616996446,-6.6967954636,Vy,Surface,m s$^{-1}$,-0.3206922465,0.0829154611,-0.0405923901,-0.1235078512,4
2011-05-06 02:00:00,Lower,1359,1359,159.0747120565,-31.3616996446,-6.6967954636,Vy,Surface,m s$^{-1}$,-0.3293086902,0.1131762190,0.0068950865,-0.1062811324,4
2011-05-06 03:00:00,Lower,1359,1359,159.0747120565,-31.3616996446,-6.6967954636,Vy,Surface,m s$^{-1}$,-0.3851494413,0.1963913625,0.0638308981,-0.1325604643,4
2011-05-06 04:00:00,Lower,1359,1359,159.0747120565,-31.3616996446,-6.6967954636,Vy,Surface,m s$^{-1}$,-0.4511883124,0.2257661561,0.0797204550,-0.1460457011,4
2011-05-06 05:00:00,Lower,1359,1359,159.0747120565,-31.3616996446,-6.6967954636,Vy,Surface,m s$^{-1}$,-0.5386012852,0.2746251549,0.1105284488,-0.1640967061,4
2011-05-06 06:00:00,Lower,1359,1359,159.0747120565,-31.3616996446,-6.6967954636,Vy,Surface,m s$^{-1}$,-0.6063197257,0.2549239499,0.0842270324,-0.1706969175,4
2011-05-06 07:00:00,Lower,1359,1359,159.0747120565,-31.3616996446,-6.6967954636,Vy,Surface,m s$^{-1}$,-0.6434895982,0.2192564282,0.0389304935,-0.1803259347,4
2011-05-06 08:00:00,Lower,1359,1359,159.0747120565,-31.3616996446,-6.6967954636,Vy,Surface,m s$^{-1}$,-0.6585361500,0.1744308674,-0.0023695470,-0.1768004144,4
2011-05-06 09:00:00,Lower,1359,1359,159.0747120565,-31.3616996446,-6.6967954636,Vy,Surface,m s$^{-1}$,-0.6276371236,0.0950638403,-0.0762539822,-0.1713178226,4
2011-05-06 10:00:00,Lower,1359,1359,159.0747120565,-31.3616996446,-6.6967954636,Vy,Surface,m s$^{-1}$,-0.5507815363,0.0425733634,-0.0991612809,-0.1417346443,4
2011-05-06 11:00:00,Lower,1359,1359,159.0747120565,-31.3616996446,-6.6967954636,Vy,Surface,m s$^{-1}$,-0.4715240080,0.0343558770,-0.0851827691,-0.1195386461,4
2011-05-06 12:00:00,Lower,1359,1359,159.0747120565,-31.3616996446,-6.6967954636,Vy,Surface,m s$^{-1}$,-0.3817088800,-0.0023721536,-0.1024068141,-0.1000346605,4
2011-05-06 13:00:00,Lower,1359,1359,159.0747120565,-31.3616996446,-6.6967954636,Vy,Surface,m s$^{-1}$,-0.3212869563,0.0541333958,-0.0724796158,-0.1266130116,4
2011-05-06 14:00:00,Lower,1359,1359,159.0747120565,-31.3616996446,-6.6967954636,Vy,Surface,m s$^{-1}$,-0.3009318433,0.0684833216,-0.0255266665,-0.0940099881,4
2011-05-06 15:00:00,Lower,1359,1359,159.0747120565,-31.3616996446,-6.6967954636,Vy,Surface,m s$^{-1}$,-0.3191876277,0.1199218573,0.0197579051,-0.1001639522,4
2011-05-06 16:00:00,Lower,1359,1359,159.0747120565,-31.3616996446,-6.6967954636,Vy,Surface,m s$^{-1}$,-0.3751490069,0.1812694801,0.0633712935,-0.1178981867,4
2011-05-06 17:00:00,Lower,1359,1359,159.0747120565,-31.3616996446,-6.6967954636,Vy,Surface,m s$^{-1}$,-0.4414300722,0.2152845455,0.0792884932,-0.1359960523,4
2011-05-06 18:00:00,Lower,1359,1359,159.0747120565,-31.3616996446,-6.6967954636,Vy,Surface,m s$^{-1}$,-0.4986098138,0.2190881981,0.0681000593,-0.1509881388,4
2011-05-06 19:00:00,Lower,1359,1359,159.0747120565,-31.3616996446,-6.6967954636,Vy,Surface,m s$^{-1}$,-0.5561633863,0.2298749853,0.0676300948,-0.1622448905,4
2011-05-06 20:00:00,Lower,1359,1359,159.0747120565,-31.3616996446,-6.6967954636,Vy,Surface,m s$^{-1}$,-0.5856174861,0.1893451113,0.0292997460,-0.1600453652,4
2011-05-06 21:00:00,Lower,1359,1359,159.0747120565,-31.3616996446,-6.6967954636,Vy,Surface,m s$^{-1}$,-0.5749191620,0.1244280211,-0.0501676334,-0.1745956545,4
2011-05-06 22:00:00,Lower,1359,1359,159.0747120565,-31.3616996446,-6.6967954636,Vy,Surface,m s$^{-1}$,-0.5199720153,0.0767629166,-0.0864098556,-0.1631727722,4
2011-05-06 23:00:00,Lower,1359,1359,159.0747120565,-31.3616996446,-6.6967954636,Vy,Surface,m s$^{-1}$,-0.4511678957,0.0578001765,-0.0823397486,-0.1401399250,4
2011-05-07 00:00:00,Lower,1359,1359,159.0747120565,-31.3616996446,-6.6967954636,Vy,Surface,m s$^{-1}$,-0.3719360263,0.0286867620,-0.0978303271,-0.1265170891,4
2011-05-01 01:00:00,Lower,1359,1359,159.0747120565,-31.3616996446,-6.6967954636,Vz,Mid-depth,m s$^{-1}$,-3.3552896816,-0.0004089705,0.0000038063,0.0004127768,4
2011-05-01 02:00:00,Lower,1359,1359,159.0747120565,-31.3616996446,-6.6967954636,Vz,Mid-depth,m s$^{-1}$,-3.3827965508,-0.0000105918,-0.0000344066,-0.0000238147,4
2011-05-01 03:00:00,Lower,1359,1359,159.0747120565,-31.3616996446,-6.6967954636,Vz,Mid-depth,m s$^{-1}$,-3.3973791669,-0.0001137453,-0.0000165736,0.0000971717,4
2011-05-01 04:00:00,Lower,1359,1359,159.0747120565,-31.3616996446,-6.6967954636,Vz,Mid-depth,m s$^{-1}$,-3.3978000867,-0.0000874318,0.0002046439,0.0002920757,4
2011-05-01 05:00:00,Lower,1359,1359,159.0747120565,-31.3616996446,-6.6967954636,Vz,Mid-depth,m s$^{-1}$,-3.3908924931,-0.0000367891,-0.0001914627,-0.0001546736,4
2011-05-01 06:00:00,Lower,1359,1359,159.0747120565,-31.3616996446,-6.6967954636,Vz,Mid-depth,m s$^{-1}$,-3.3630745154,-0.0000333677,-0.0000671632,-0.0000337955,4
2011-05-01 07:00:00,Lower,1359,1359,159.0747120565,-31.3616996446,-6.6967954636,Vz,Mid-depth,m s$^{-1}$,-3.3338376210,-0.0000530358,-0.0001044800,-0.0000514442,4
2011-05-01 08:00:00,Lower,1359,1359,159.0747120565,-31.3616996446,-6.6967954636,Vz,Mid-depth,m s$^{-1}$,-3.3041120527,-0.0000416692,-0.0003190742,-0.0002774050,4
2011-05-01 09:00:00,Lower,1359,1359,159.0747120565,-31.3616996446,-6.6967954636,Vz,Mid-depth,m s$^{-1}$,-3.2838591335,-0.0000401235,-0.0004523183,-0.0004121948,4
2011-05-01 10:00:00,Lower,1359,1359,159.0747120565,-31.3616996446,-6.6967954636,Vz,Mid-depth,m s$^{-1}$,-3.2782574612,-0.0000469358,-0.0005562504,-0.0005093146,4
2011-05-01 11:00:00,Lower,1359,1359,159.0747120565,-31.3616996446,-6.6967954636,Vz,Mid-depth,m s$^{-1}$,-3.2826401503,-0.0000328746,-0.0005499821,-0.0005171075,4
2011-05-01 12:00:00,Lower,1359,1359,159.0747120565,-31.3616996446,-6.6967954636,Vz,Mid-depth,m s$^{-1}$,-3.3056945071,-0.0000390042,-0.0004428925,-0.0004038883,4
2011-05-01 13:00:00,Lower,1359,1359,159.0747120565,-31.3616996446,-6.6967954636,Vz,Mid-depth,m s$^{-1}$,-3.3334870054,-0.0000612739,-0.0002205554,-0.0001592815,4
2011-05-01 14:00:00,Lower,1359,1359,159.0747120565,-31.3616996446,-6.6967954636,Vz,Mid-depth,m s$^{-1}$,-3.3568453773,-0.0000387291,0.0000468670,0.0000855961,4
2011-05-01 15:00:00,Lower,1359,1359,159.0747120565,-31.3616996446,-6.6967954636,Vz,Mid-depth,m s$^{-1}$,-3.3762211474,-0.0000330599,0.0002683962,0.0003014561,4
2011-05-01 16:00:00,Lower,1359,1359,159.0747120565,-31.3616996446,-6.6967954636,Vz,Mid-depth,m s$^{-1}$,-3.3836478836,-0.0000458969,0.0000739232,0.0001198201,4
2011-05-01 17:00:00,Lower,1359,1359,159.0747120565,-31.3616996446,-6.6967954636,Vz,Mid-depth,m s$^{-1}$,-3.3815592597,-0.0000280338,-0.0001151426,-0.0000871089,4
2011-05-01 18:00:00,Lower,1359,1359,159.0747120565,-31.3616996446,-6.6967954636,Vz,Mid-depth,m s$^{-1}$,-3.3580845761,-0.0000249125,-0.0000148328,0.0000100797,4
2011-05-01 19:00:00,Lower,1359,1359,159.0747120565,-31.3616996446,-6.6967954636,Vz,Mid-depth,m s$^{-1}$,-3.3287942350,-0.0000472762,-0.0002346662,-0.0001873900,4
2011-05-01 20:00:00,Lower,1359,1359,159.0747120565,-31.3616996446,-6.6967954636,Vz,Mid-depth,m s$^{-1}$,-3.2990751077,-0.0000669991,-0.0004364654,-0.0003694663,4
2011-05-01 21:00:00,Lower,1359,1359,159.0747120565,-31.3616996446,-6.6967954636,Vz,Mid-depth,m s$^{-1}$,-3.2739203008,-0.0000588977,-0.0004950977,-0.0004362001,4
2011-05-01 22:00:00,Lower,1359,1359,159.0747120565,-31.3616996446,-6.6967954636,Vz,Mid-depth,m s$^{-1}$,-3.2634906376,-0.0000927722,-0.0005700161,-0.0004772439,4
2011-05-01 23:00:00,Lower,1359,1359,159.0747120565,-31.3616996446,-6.6967954636,Vz,Mid-depth,m s$^{-1}$,-3.2725443964,-0.0000456953,-0.0005595330,-0.0005138377,4
2011-05-02 00:00:00,Lower,1359,1359,159.0747120565,-31.3616996446,-6.6967954636,Vz,Mid-depth,m s$^{-1}$,-3.2955942085,-0.0000384022,-0.0004109114,-0.0003725092,4
2011-05-02 01:00:00,Lower,1359,1359,159.0747120565,-31.3616996446,-6.6967954636,Vz,Mid-depth,m s$^{-1}$,-3.3282016520,-0.0000447780,-0.0001883375,-0.0001435595,4
2011-05-02 02:00:00,Lower,1359,1359,159.0747120565,-31.3616996446,-6.6967954636,Vz,Mid-depth,m s$^{-1}$,-3.3564761774,-0.0000334216,0.0000628478,0.0000962694,4
2011-05-02 03:00:00,Lower,1359,1359,159.0747120565,-31.3616996446,-6.6967954636,Vz,Mid-depth,m s$^{-1}$,-3.3805260753,-0.0000276035,0.0002665520,0.0002941554,4
2011-05-02 04:00:00,Lower,1359,1359,159.0747120565,-31.3616996446,-6.6967954636,Vz,Mid-depth,m s$^{-1}$,-3.3960704005,-0.0000425017,0.0003409411,0.0003834428,4
2011-05-02 05:00:00,Lower,1359,1359,159.0747120565,-31.3616996446,-6.6967954636,Vz,Mid-depth,m s$^{-1}$,-3.3999399307,-0.0000550324,-0.0000599893,-0.0000049568,4
2011-05-02 06:00:00,Lower,1359,1359,159.0747120565,-31.3616996446,-6.6967954636,Vz,Mid-depth,m s$^{-1}$,-3.3874236213,-0.0000352826,-0.0000748878,-0.0000396051,4
2011-05-02 07:00:00,Lower,1359,1359,159.0747120565,-31.3616996446,-6.6967954636,Vz,Mid-depth,m s$^{-1}$,-3.3584795531,-0.0000579443,0.0000359283,0.0000938726,4
2011-05-02 08:00:00,Lower,1359,1359,159.0747120565,-31.3616996446,-6.6967954636,Vz,Mid-depth,m s$^{-1}$,-3.3241877225,-0.0000587874,-0.0001920661,-0.0001332787,4
2011-05-02 09:00:00,Lower,1359,1359,159.0747120565,-31.3616996446,-6.6967954636,Vz,Mid-depth,m s$^{-1}$,-3.2941505158,-0.0000554342,-0.0004180739,-0.0003626397,4
2011-05-02 10:00:00,Lower,1359,1359,159.0747120565,-31.3616996446,-6.6967954636,Vz,Mid-depth,m s$^{-1}$,-3.2738919234,-0.0000696081,-0.0005085730,-0.0004389649,4
2011-05-02 11:00:00,Lower,1359,1359,159.0747120565,-31.3616996446,-6.6967954636,Vz,Mid-depth,m s$^{-1}$,-3.2683319114,-0.0000916230,-0.0005705805,-0.0004789575,4
2011-05-02 12:00:00,Lower,1359,1359,159.0747120565,-31.3616996446,-6.6967954636,Vz,Mid-depth,m s$^{-1}$,-3.2774576164,-0.0000507023,-0.0005295254,-0.0004788231,4
2011-05-02 13:00:00,Lower,1359,1359,159.0747120565,-31.3616996446,-6.6967954636,Vz,Mid-depth,m s$^{-1}$,-3.3005978532,-0.0000423750,-0.0004112519,-0.0003688769,4
2011-05-02 14:00:00,Lower,1359,1359,159.0747120565,-31.3616996446,-6.6967954636,Vz,Mid-depth,m s$^{-1}$,-3.3286472675,-0.0000573425,-0.0002033856,-0.0001460431,4
2011-05-02 15:00:00,Lower,1359,1359,159.0747120565,-31.3616996446,-6.6967954636,Vz,Mid-depth,m s$^{-1}$,-3.3521043874,-0.0000470120,0.0000316460,0.0000786580,4
2011-05-02 16:00:00,Lower,1359,1359,159.0747120565,-31.3616996446,-6.6967954636,Vz,Mid-depth,m s$^{-1}$,-3.3669711801,-0.0000561040,0.0002147882,0.0002708921,4
2011-05-02 17:00:00,Lower,1359,1359,159.0747120565,-31.3616996446,-6.6967954636,Vz,Mid-depth,m s$^{-1}$,-3.3786395627,-0.0000512255,0.0000933270,0.0001445525,4
2011-05-02 18:00:00,Lower,1359,1359,159.0747120565,-31.3616996446,-6.6967954636,Vz,Mid-depth,m s$^{-1}$,-3.3718616224,-0.0000693288,-0.0001375669,-0.0000682381,4
2011-05-02 19:00:00,Lower,1359,1359,159.0747120565,-31.3616996446,-6.6967954636,Vz,Mid-depth,m s$^{-1}$,-3.3481582666,-0.0000388686,-0.0000247676,0.0000141010,4
2011-05-02 20:00:00,Lower,1359,1359,159.0747120565,-31.3616996446,-6.6967954636,Vz,Mid-depth,m s$^{-1}$,-3.3189105469,-0.0000736066,-0.0003226491,-0.0002490425,4
2011-05-02 21:00:00,Lower,1359,1359,159.0747120565,-31.3616996446,-6.6967954636,Vz,Mid-depth,m s$^{-1}$,-3.2889951091,-0.0000702805,-0.0004342157,-0.0003639352,4
2011-05-02 22:00:00,Lower,1359,1359,159.0747120565,-31.3616996446,-6.6967954636,Vz,Mid-depth,m s$^{-1}$,-3.2688570486,-0.0000887792,-0.0004987774,-0.0004099982,4
2011-05-02 23:00:00,Lower,1359,1359,159.0747120565,-31.3616996446,-6.6967954636,Vz,Mid-depth,m s$^{-1}$,-3.2632345361,-0.0001019168,-0.0005630985,-0.0004611817,4
2011-05-03 00:00:00,Lower,1359,1359,159.0747120565,-31.3616996446,-6.6967954636,Vz,Mid-depth,m s$^{-1}$,-3.2771205852,-0.0000607552,-0.0005068520,-0.0004460968,4
2011-05-03 01:00:00,Lower,1359,1359,159.0747120565,-31.3616996446,-6.6967954636,Vz,Mid-depth,m s$^{-1}$,-3.3002057286,-0.0000694378,-0.0003508894,-0.0002814516,4
2011-05-03 02:00:00,Lower,1359,1359,159.0747120565,-31.3616996446,-6.6967954636,Vz,Mid-depth,m s$^{-1}$,-3.3330126984,-0.0000247317,-0.0001317957,-0.0001070641,4
2011-05-03 03:00:00,Lower,1359,1359,159.0747120565,-31.3616996446,-6.6967954636,Vz,Mid-depth,m s$^{-1}$,-3.3613256114,-0.0000288693,0.0001160755,0.0001449448,4
2011-05-03 04:00:00,Lower,1359,1359,159.0747120565,-31.3616996446,-6.6967954636,Vz,Mid-depth,m s$^{-1}$,-3.3855269575,-0.0000230647,0.0002785356,0.0003016002,4
2011-05-03 05:00:00,Lower,1359,1359,159.0747120565,-31.3616996446,-6.6967954636,Vz,Mid-depth,m s$^{-1}$,-3.4054784408,-0.0000247191,0.0003746702,0.0003993892,4
2011-05-03 06:00:00,Lower,1359,1359,159.0747120565,-31.3616996446,-6.6967954636,Vz,Mid-depth,m s$^{-1}$,-3.4049898426,-0.0000757473,-0.0000585775,0.0000171698,4
2011-05-03 07:00:00,Lower,1359,1359,159.0747120565,-31.3616996446,-6.6967954636,Vz,Mid-depth,m s$^{-1}$,-3.3876947332,-0.0000383466,-0.0000559740,-0.0000176274,4
2011-05-03 08:00:00,Lower,1359,1359,159.0747120565,-31.3616996446,-6.6967954636,Vz,Mid-depth,m s$^{-1}$,-3.3585781848,-0.0000687347,0.0000460485,0.0001147832,4
2011-05-03 09:00:00,Lower,1359,1359,159.0747120565,-31.3616996446,-6.6967954636,Vz,Mid-depth,m s$^{-1}$,-3.3192644677,-0.0000563344,-0.0001421036,-0.0000857692,4
2011-05-03 10:00:00,Lower,1359,1359,159.0747120565,-31.3616996446,-6.6967954636,Vz,Mid-depth,m s$^{-1}$,-3.2890734490,-0.0000600104,-0.0003685321,-0.0003085217,4
2011-05-03 11:00:00,Lower,1359,1359,159.0747120565,-31.3616996446,-6.6967954636,Vz,Mid-depth,m s$^{-1}$,-3.2689843345,-0.0001104690,-0.0004903106,-0.0003798416,4
2011-05-03 12:00:00,Lower,1359,1359,159.0747120565,-31.3616996446,-6.6967954636,Vz,Mid-depth,m s$^{-1}$,-3.2682625214,-0.0001048979,-0.0005730921,-0.0004681942,4
2011-05-03 13:00:00,Lower,1359,1359,159.0747120565,-31.3616996446,-6.6967954636,Vz,Mid-depth,m s$^{-1}$,-3.2820896089,-0.0000938651,-0.0005020824,-0.0004082173,4
2011-05-03 14:00:00,Lower,1359,1359,159.0747120565,-31.3616996446,-6.6967954636,Vz,Mid-depth,m s$^{-1}$,-3.3053140231,-0.0000734029,-0.0003684826,-0.0002950797,4
2011-05-03 15:00:00,Lower,1359,1359,159.0747120565,-31.3616996446,-6.6967954636,Vz,Mid-depth,m s$^{-1}$,-3.3333870845,-0.0000464079,-0.0001554954,-0.0001090875,4
2011-05-03 16:00:00,Lower,1359,1359,159.0747120565,-31.3616996446,-6.6967954636,Vz,Mid-depth,m s$^{-1}$,-3.3569506506,-0.0000428640,0.0000793445,0.0001222085,4
2011-05-03 17:00:00,Lower,1359,1359,159.0747120565,-31.3616996446,-6.6967954636,Vz,Mid-depth,m s$^{-1}$,-3.3764048889,-0.0000343656,0.0002702136,0.0003045793,4
2011-05-03 18:00:00,Lower,1359,1359,159.0747120565,-31.3616996446,-6.6967954636,Vz,Mid-depth,m s$^{-1}$,-3.3793057420,-0.0000743812,0.0000211077,0.0000954889,4
2011-05-03 19:00:00,Lower,1359,1359,159.0747120565,-31.3616996446,-6.6967954636,Vz,Mid-depth,m s$^{-1}$,-3.3721304899,-0.0000616264,-0.0001113748,-0.0000497484,4
2011-05-03 20:00:00,Lower,1359,1359,159.0747120565,-31.3616996446,-6.6967954636,Vz,Mid-depth,m s$^{-1}$,-3.3482610214,-0.0000713405,0.0000019805,0.0000733210,4
2011-05-03 21:00:00,Lower,1359,1359,159.0747120565,-31.3616996446,-6.6967954636,Vz,Mid-depth,m s$^{-1}$,-3.3140279938,-0.0000741363,-0.0002781343,-0.0002039980,4
2011-05-03 22:00:00,Lower,1359,1359,159.0747120565,-31.3616996446,-6.6967954636,Vz,Mid-depth,m s$^{-1}$,-3.2841485669,-0.0000926130,-0.0003848441,-0.0002922311,4
2011-05-03 23:00:00,Lower,1359,1359,159.0747120565,-31.3616996446,-6.6967954636,Vz,Mid-depth,m s$^{-1}$,-3.2638711589,-0.0001194181,-0.0004829499,-0.0003635318,4
2011-05-04 00:00:00,Lower,1359,1359,159.0747120565,-31.3616996446,-6.6967954636,Vz,Mid-depth,m s$^{-1}$,-3.2631483399,-0.0001187620,-0.0005636776,-0.0004449156,4
2011-05-04 01:00:00,Lower,1359,1359,159.0747120565,-31.3616996446,-6.6967954636,Vz,Mid-depth,m s$^{-1}$,-3.2770392034,-0.0000928201,-0.0004863059,-0.0003934858,4
2011-05-04 02:00:00,Lower,1359,1359,159.0747120565,-31.3616996446,-6.6967954636,Vz,Mid-depth,m s$^{-1}$,-3.3049125788,-0.0000610329,-0.0003260882,-0.0002650553,4
2011-05-04 03:00:00,Lower,1359,1359,159.0747120565,-31.3616996446,-6.6967954636,Vz,Mid-depth,m s$^{-1}$,-3.3426259929,-0.0000207662,-0.0000736301,-0.0000528639,4
2011-05-04 04:00:00,Lower,1359,1359,159.0747120565,-31.3616996446,-6.6967954636,Vz,Mid-depth,m s$^{-1}$,-3.3713536739,-0.0000380815,0.0001313965,0.0001694780,4
2011-05-04 05:00:00,Lower,1359,1359,159.0747120565,-31.3616996446,-6.6967954636,Vz,Mid-depth,m s$^{-1}$,-3.3954036971,-0.0000252175,0.0002750932,0.0003003107,4
2011-05-04 06:00:00,Lower,1359,1359,159.0747120565,-31.3616996446,-6.6967954636,Vz,Mid-depth,m s$^{-1}$,-3.4108386650,-0.0000438692,0.0003606591,0.0004045283,4
2011-05-04 07:00:00,Lower,1359,1359,159.0747120565,-31.3616996446,-6.6967954636,Vz,Mid-depth,m s$^{-1}$,-3.4104413806,-0.0000676540,-0.0000972438,-0.0000295898,4
2011-05-04 08:00:00,Lower,1359,1359,159.0747120565,-31.3616996446,-6.6967954636,Vz,Mid-depth,m s$^{-1}$,-3.3879400314,-0.0000562715,-0.0000465516,0.0000097199,4
2011-05-04 09:00:00,Lower,1359,1359,159.0747120565,-31.3616996446,-6.6967954636,Vz,Mid-depth,m s$^{-1}$,-3.3489432438,-0.0000853596,0.0000703634,0.0001557230,4
2011-05-04 10:00:00,Lower,1359,1359,159.0747120565,-31.3616996446,-6.6967954636,Vz,Mid-depth,m s$^{-1}$,-3.3092008952,-0.0000550092,-0.0001187659,-0.0000637566,4
2011-05-04 11:00:00,Lower,1359,1359,159.0747120565,-31.3616996446,-6.6967954636,Vz,Mid-depth,m s$^{-1}$,-3.2789952832,-0.0001278423,-0.0003044964,-0.0001766541,4
2011-05-04 12:00:00,Lower,1359,1359,159.0747120565,-31.3616996446,-6.6967954636,Vz,Mid-depth,m s$^{-1}$,-3.2637512874,-0.0001471064,-0.0004930058,-0.0003458995,4
2011-05-04 13:00:00,Lower,1359,1359,159.0747120565,-31.3616996446,-6.6967954636,Vz,Mid-depth,m s$^{-1}$,-3.2633192299,-0.0001299203,-0.0005690590,-0.0004391387,4
2011-05-04 14:00:00,Lower,1359,1359,159.0747120565,-31.3616996446,-6.6967954636,Vz,Mid-depth,m s$^{-1}$,-3.2819311698,-0.0001036411,-0.0004914546,-0.0003878135,4
2011-05-04 15:00:00,Lower,1359,1359,159.0747120565,-31.3616996446,-6.6967954636,Vz,Mid-depth,m s$^{-1}$,-3.3099598709,-0.0000492584,-0.0002780005,-0.0002287421,4
2011-05-04 16:00:00,Lower,1359,1359,159.0747120565,-31.3616996446,-6.6967954636,Vz,Mid-depth,m s$^{-1}$,-3.3380818632,-0.0000183575,-0.0000764673,-0.0000581098,4
2011-05-04 17:00:00,Lower,1359,1359,159.0747120565,-31.3616996446,-6.6967954636,Vz,Mid-depth,m s$^{-1}$,-3.3618204765,-0.0000424199,0.0001279762,0.0001703961,4
2011-05-04 18:00:00,Lower,1359,1359,159.0747120565,-31.3616996446,-6.6967954636,Vz,Mid-depth,m s$^{-1}$,-3.3813116153,-0.0000423322,0.0002795676,0.0003218999,4
2011-05-04 19:00:00,Lower,1359,1359,159.0747120565,-31.3616996446,-6.6967954636,Vz,Mid-depth,m s$^{-1}$,-3.3885212322,-0.0000739048,0.0001222903,0.0001961952,4
2011-05-04 20:00:00,Lower,1359,1359,159.0747120565,-31.3616996446,-6.6967954636,Vz,Mid-depth,m s$^{-1}$,-3.3772737068,-0.0000790854,-0.0001309080,-0.0000518226,4
2011-05-04 21:00:00,Lower,1359,1359,159.0747120565,-31.3616996446,-6.6967954636,Vz,Mid-depth,m s$^{-1}$,-3.3485113233,-0.0000765199,-0.0000087774,0.0000677425,4
2011-05-04 22:00:00,Lower,1359,1359,159.0747120565,-31.3616996446,-6.6967954636,Vz,Mid-depth,m s$^{-1}$,-3.3189848745,-0.0000921433,-0.0002811662,-0.0001890229,4
2011-05-04 23:00:00,Lower,1359,1359,159.0747120565,-31.3616996446,-6.6967954636,Vz,Mid-depth,m s$^{-1}$,-3.2890725009,-0.0001035234,-0.0004099820,-0.0003064586,4
2011-05-05 00:00:00,Lower,1359,1359,159.0747120565,-31.3616996446,-6.6967954636,Vz,Mid-depth,m s$^{-1}$,-3.2737081070,-0.0001118700,-0.0004931653,-0.0003812953,4
2011-05-05 01:00:00,Lower,1359,1359,159.0747120565,-31.3616996446,-6.6967954636,Vz,Mid-depth,m s$^{-1}$,-3.2731249674,-0.0001405856,-0.0005438695,-0.0004032839,4
2011-05-05 02:00:00,Lower,1359,1359,159.0747120565,-31.3616996446,-6.6967954636,Vz,Mid-depth,m s$^{-1}$,-3.2916837363,-0.0000810154,-0.0004599617,-0.0003789463,4
2011-05-05 03:00:00,Lower,1359,1359,159.0747120565,-31.3616996446,-6.6967954636,Vz,Mid-depth,m s$^{-1}$,-3.3197409718,-0.0000693914,-0.0002788125,-0.0002094210,4
2011-05-05 04:00:00,Lower,1359,1359,159.0747120565,-31.3616996446,-6.6967954636,Vz,Mid-depth,m s$^{-1}$,-3.3575863408,-0.0000163443,-0.0000361556,-0.0000198113,4
2011-05-05 05:00:00,Lower,1359,1359,159.0747120565,-31.3616996446,-6.6967954636,Vz,Mid-depth,m s$^{-1}$,-3.3862724052,-0.0000431478,0.0001577099,0.0002008577,4
2011-05-05 06:00:00,Lower,1359,1359,159.0747120565,-31.3616996446,-6.6967954636,Vz,Mid-depth,m s$^{-1}$,-3.4103414621,-0.0000240653,0.0002812318,0.0003052971,4
2011-05-05 07:00:00,Lower,1359,1359,159.0747120565,-31.3616996446,-6.6967954636,Vz,Mid-depth,m s$^{-1}$,-3.4171260537,-0.0000693736,0.0002614732,0.0003308467,4
2011-05-05 08:00:00,Lower,1359,1359,159.0747120565,-31.3616996446,-6.6967954636,Vz,Mid-depth,m s$^{-1}$,-3.4115615058,-0.0000599313,-0.0001208754,-0.0000609440,4
2011-05-05 09:00:00,Lower,1359,1359,159.0747120565,-31.3616996446,-6.6967954636,Vz,Mid-depth,m s$^{-1}$,-3.3881916904,-0.0000731965,-0.0000048016,0.0000683949,4
2011-05-05 10:00:00,Lower,1359,1359,159.0747120565,-31.3616996446,-6.6967954636,Vz,Mid-depth,m s$^{-1}$,-3.3489667193,-0.0000915621,0.0000897116,0.0001812737,4
2011-05-05 11:00:00,Lower,1359,1359,159.0747120565,-31.3616996446,-6.6967954636,Vz,Mid-depth,m s$^{-1}$,-3.3092619613,-0.0000616675,-0.0001230943,-0.0000614268,4
2011-05-05 12:00:00,Lower,1359,1359,159.0747120565,-31.3616996446,-6.6967954636,Vz,Mid-depth,m s$^{-1}$,-3.2791296215,-0.0001035197,-0.0003273745,-0.0002238548,4
2011-05-05 13:00:00,Lower,1359,1359,159.0747120565,-31.3616996446,-6.6967954636,Vz,Mid-depth,m s$^{-1}$,-3.2638720898,-0.0001391848,-0.0004951385,-0.0003559538,4
2011-05-05 14:00:00,Lower,1359,1359,159.0747120565,-31.3616996446,-6.6967954636,Vz,Mid-depth,m s$^{-1}$,-3.2633676570,-0.0001457373,-0.0005599682,-0.0004142309,4
2011-05-05 15:00:00,Lower,1359,1359,159.0747120565,-31.3616996446,-6.6967954636,Vz,Mid-depth,m s$^{-1}$,-3.2867758152,-0.0000971400,-0.0004685882,-0.0003714482,4
2011-05-05 16:00:00,Lower,1359,1359,159.0747120565,-31.3616996446,-6.6967954636,Vz,Mid-depth,m s$^{-1}$,-3.3196204960,-0.0000586793,-0.0002399507,-0.0001812714,4
2011-05-05 17:00:00,Lower,1359,1359,159.0747120565,-31.3616996446,-6.6967954636,Vz,Mid-depth,m s$^{-1}$,-3.3480028673,-0.0000388015,-0.0000465286,-0.0000077271,4
2011-05-05 18:00:00,Lower,1359,1359,159.0747120565,-31.3616996446,-6.6967954636,Vz,Mid-depth,m s$^{-1}$,-3.3718188166,-0.0000430128,0.0001678318,0.0002108446,4
2011-05-05 19:00:00,Lower,1359,1359,159.0747120565,-31.3616996446,-6.6967954636,Vz,Mid-depth,m s$^{-1}$,-3.3866259397,-0.0000595670,0.0002790283,0.0003385953,4
2011-05-05 20:00:00,Lower,1359,1359,159.0747120565,-31.3616996446,-6.6967954636,Vz,Mid-depth,m s$^{-1}$,-3.3854752248,-0.0000870561,-0.0001058991,-0.0000188430,4
2011-05-05 21:00:00,Lower,1359,1359,159.0747120565,-31.3616996446,-6.6967954636,Vz,Mid-depth,m s$^{-1}$,-3.3678307280,-0.0000671359,-0.0000790314,-0.0000118955,4
2011-05-05 22:00:00,Lower,1359,1359,159.0747120565,-31.3616996446,-6.6967954636,Vz,Mid-depth,m s$^{-1}$,-3.3338436421,-0.0000922882,-0.0000866974,0.0000055908,4
2011-05-05 23:00:00,Lower,1359,1359,159.0747120565,-31.3616996446,-6.6967954636,Vz,Mid-depth,m s$^{-1}$,-3.3040247228,-0.0000871743,-0.0003107074,-0.0002235332,4
2011-05-06 00:00:00,Lower,1359,1359,159.0747120565,-31.3616996446,-6.6967954636,Vz,Mid-depth,m s$^{-1}$,-3.2742186724,-0.0001219735,-0.0003863041,-0.0002643306,4
2011-05-06 01:00:00,Lower,1359,1359,159.0747120565,-31.3616996446,-6.6967954636,Vz,Mid-depth,m s$^{-1}$,-3.2587438550,-0.0001143004,-0.0004944979,-0.0003801975,4
2011-05-06 02:00:00,Lower,1359,1359,159.0747120565,-31.3616996446,-6.6967954636,Vz,Mid-depth,m s$^{-1}$,-3.2630520769,-0.0001463206,-0.0005451972,-0.0003988766,4
2011-05-06 03:00:00,Lower,1359,1359,159.0747120565,-31.3616996446,-6.6967954636,Vz,Mid-depth,m s$^{-1}$,-3.2909724524,-0.0000927344,-0.0003940937,-0.0003013593,4
2011-05-06 04:00:00,Lower,1359,1359,159.0747120565,-31.3616996446,-6.6967954636,Vz,Mid-depth,m s$^{-1}$,-3.3239918880,-0.0000543477,-0.0001729312,-0.0001185835,4
2011-05-06 05:00:00,Lower,1359,1359,159.0747120565,-31.3616996446,-6.6967954636,Vz,Mid-depth,m s$^{-1}$,-3.3676983744,-0.0000204060,-0.0000267960,-0.0000063899,4
2011-05-06 06:00:00,Lower,1359,1359,159.0747120565,-31.3616996446,-6.6967954636,Vz,Mid-depth,m s$^{-1}$,-3.4015575946,-0.0000354230,0.0001199492,0.0001553722,4
2011-05-06 07:00:00,Lower,1359,1359,159.0747120565,-31.3616996446,-6.6967954636,Vz,Mid-depth,m s$^{-1}$,-3.4201425309,-0.0000518136,0.0003467007,0.0003985143,4
2011-05-06 08:00:00,Lower,1359,1359,159.0747120565,-31.3616996446,-6.6967954636,Vz,Mid-depth,m s$^{-1}$,-3.4276658068,-0.0000639453,0.0001894257,0.0002533710,4
2011-05-06 09:00:00,Lower,1359,1359,159.0747120565,-31.3616996446,-6.6967954636,Vz,Mid-depth,m s$^{-1}$,-3.4122162936,-0.0000779749,-0.0001137015,-0.0000357267,4
2011-05-06 10:00:00,Lower,1359,1359,159.0747120565,-31.3616996446,-6.6967954636,Vz,Mid-depth,m s$^{-1}$,-3.3737884999,-0.0000898926,0.0000046651,0.0000945577,4
2011-05-06 11:00:00,Lower,1359,1359,159.0747120565,-31.3616996446,-6.6967954636,Vz,Mid-depth,m s$^{-1}$,-3.3341597358,-0.0000613749,0.0000145017,0.0000758766,4
2011-05-06 12:00:00,Lower,1359,1359,159.0747120565,-31.3616996446,-6.6967954636,Vz,Mid-depth,m s$^{-1}$,-3.2892521718,-0.0000673394,-0.0001512321,-0.0000838927,4
2011-05-06 13:00:00,Lower,1359,1359,159.0747120565,-31.3616996446,-6.6967954636,Vz,Mid-depth,m s$^{-1}$,-3.2590412099,-0.0000790312,-0.0002956124,-0.0002165812,4
2011-05-06 14:00:00,Lower,1359,1359,159.0747120565,-31.3616996446,-6.6967954636,Vz,Mid-depth,m s$^{-1}$,-3.2488636534,-0.0001284120,-0.0005172403,-0.0003888282,4
2011-05-06 15:00:00,Lower,1359,1359,159.0747120565,-31.3616996446,-6.6967954636,Vz,Mid-depth,m s$^{-1}$,-3.2579915456,-0.0001290016,-0.0005596223,-0.0004306207,4
2011-05-06 16:00:00,Lower,1359,1359,159.0747120565,-31.3616996446,-6.6967954636,Vz,Mid-depth,m s$^{-1}$,-3.2859722352,-0.0001040812,-0.0003974483,-0.0002933671,4
2011-05-06 17:00:00,Lower,1359,1359,159.0747120565,-31.3616996446,-6.6967954636,Vz,Mid-depth,m s$^{-1}$,-3.3191127679,-0.0000498675,-0.0001746625,-0.0001247950,4
2011-05-06 18:00:00,Lower,1359,1359,159.0747120565,-31.3616996446,-6.6967954636,Vz,Mid-depth,m s$^{-1}$,-3.3477026387,-0.0000388413,-0.0000233951,0.0000154462,4
2011-05-06 19:00:00,Lower,1359,1359,159.0747120565,-31.3616996446,-6.6967954636,Vz,Mid-depth,m s$^{-1}$,-3.3764794250,-0.0000302012,0.0001584065,0.0001886076,4
2011-05-06 20:00:00,Lower,1359,1359,159.0747120565,-31.3616996446,-6.6967954636,Vz,Mid-depth,m s$^{-1}$,-3.3912064748,-0.0000712925,0.0003106105,0.0003819030,4
2011-05-06 21:00:00,Lower,1359,1359,159.0747120565,-31.3616996446,-6.6967954636,Vz,Mid-depth,m s$^{-1}$,-3.3858573128,-0.0000856707,-0.0001490809,-0.0000634102,4
2011-05-06 22:00:00,Lower,1359,1359,159.0747120565,-31.3616996446,-6.6967954636,Vz,Mid-depth,m s$^{-1}$,-3.3583837394,-0.0000720599,-0.0000708406,0.0000012193,4
2011-05-06 23:00:00,Lower,1359,1359,159.0747120565,-31.3616996446,-6.6967954636,Vz,Mid-depth,m s$^{-1}$,-3.3239816796,-0.0000928499,-0.0001829143,-0.0000900644,4
2011-05-07 00:00:00,Lower,1359,1359,159.0747120565,-31.3616996446,-6.6967954636,Vz,Mid-depth,m s$^{-1}$,-3.2843657449,-0.0000728116,-0.0002990174,-0.0002262058,4
2011-05-01 01:00:00,Lower,1359,1359,159.0747120565,-31.3616996446,-6.6967954636,Vz,Near-bottom,m s$^{-1}$,-6.1967954636,0.0000014517,-0.0000771648,-0.0000786165,2
2011-05-01 02:00:00,Lower,1359,1359,159.0747120565,-31.3616996446,-6.6967954636,Vz,Near-bottom,m s$^{-1}$,-6.1967954636,0.0000391372,-0.0000991312,-0.0001382685,2
2011-05-01 03:00:00,Lower,1359,1359,159.0747120565,-31.3616996446,-6.6967954636,Vz,Near-bottom,m s$^{-1}$,-6.1967954636,0.0000511053,-0.0000512367,-0.0001023419,2
2011-05-01 04:00:00,Lower,1359,1359,159.0747120565,-31.3616996446,-6.6967954636,Vz,Near-bottom,m s$^{-1}$,-6.1967954636,0.0000366260,0.0001144696,0.0000778437,2
2011-05-01 05:00:00,Lower,1359,1359,159.0747120565,-31.3616996446,-6.6967954636,Vz,Near-bottom,m s$^{-1}$,-6.1967954636,0.0000382632,0.0001538076,0.0001155444,2
2011-05-01 06:00:00,Lower,1359,1359,159.0747120565,-31.3616996446,-6.6967954636,Vz,Near-bottom,m s$^{-1}$,-6.1967954636,0.0000378374,0.0001562234,0.0001183860,2
2011-05-01 07:00:00,Lower,1359,1359,159.0747120565,-31.3616996446,-6.6967954636,Vz,Near-bottom,m s$^{-1}$,-6.1967954636,0.0000370030,0.0002161863,0.0001791833,2
2011-05-01 08:00:00,Lower,1359,1359,159.0747120565,-31.3616996446,-6.6967954636,Vz,Near-bottom,m s$^{-1}$,-6.1967954636,0.0000343071,0.0002183716,0.0001840645,2
2011-05-01 09:00:00,Lower,1359,1359,159.0747120565,-31.3616996446,-6.6967954636,Vz,Near-bottom,m s$^{-1}$,-6.1967954636,0.0000297234,0.0001929823,0.0001632589,2
2011-05-01 10:00:00,Lower,1359,1359,159.0747120565,-31.3616996446,-6.6967954636,Vz,Near-bottom,m s$^{-1}$,-6.1967954636,0.0000256488,0.0001499678,0.0001243190,2
2011-05-01 11:00:00,Lower,1359,1359,159.0747120565,-31.3616996446,-6.6967954636,Vz,Near-bottom,m s$^{-1}$,-6.1967954636,0.0000252413,0.0001236911,0.0000984498,2
2011-05-01 12:00:00,Lower,1359,1359,159.0747120565,-31.3616996446,-6.6967954636,Vz,Near-bottom,m s$^{-1}$,-6.1967954636,0.0000270452,0.0000675621,0.0000405169,2
2011-05-01 13:00:00,Lower,1359,1359,159.0747120565,-31.3616996446,-6.6967954636,Vz,Near-bottom,m s$^{-1}$,-6.1967954636,0.0000293965,0.0000429534,0.0000135569,2
2011-05-01 14:00:00,Lower,1359,1359,159.0747120565,-31.3616996446,-6.6967954636,Vz,Near-bottom,m s$^{-1}$,-6.1967954636,0.0000308310,0.0000651834,0.0000343524,2
2011-05-01 15:00:00,Lower,1359,1359,159.0747120565,-31.3616996446,-6.6967954636,Vz,Near-bottom,m s$^{-1}$,-6.1967954636,0.0000297815,0.0001115554,0.0000817738,2
2011-05-01 16:00:00,Lower,1359,1359,159.0747120565,-31.3616996446,-6.6967954636,Vz,Near-bottom,m s$^{-1}$,-6.1967954636,0.0000248639,0.0001485253,0.0001236614,2
2011-05-01 17:00:00,Lower,1359,1359,159.0747120565,-31.3616996446,-6.6967954636,Vz,Near-bottom,m s$^{-1}$,-6.1967954636,0.0000201105,0.0001110699,0.0000909594,2
2011-05-01 18:00:00,Lower,1359,1359,159.0747120565,-31.3616996446,-6.6967954636,Vz,Near-bottom,m s$^{-1}$,-6.1967954636,0.0000223419,0.0001405788,0.0001182370,2
2011-05-01 19:00:00,Lower,1359,1359,159.0747120565,-31.3616996446,-6.6967954636,Vz,Near-bottom,m s$^{-1}$,-6.1967954636,0.0000261459,0.0002217104,0.0001955645,2
2011-05-01 20:00:00,Lower,1359,1359,159.0747120565,-31.3616996446,-6.6967954636,Vz,Near-bottom,m s$^{-1}$,-6.1967954636,0.0000189480,0.0002228767,0.0002039288,2
2011-05-01 21:00:00,Lower,1359,1359,159.0747120565,-31.3616996446,-6.6967954636,Vz,Near-bottom,m s$^{-1}$,-6.1967954636,0.0000180854,0.0002141817,0.0001960964,2
2011-05-01 22:00:00,Lower,1359,1359,159.0747120565,-31.3616996446,-6.6967954636,Vz,Near-bottom,m s$^{-1}$,-6.1967954636,0.0000147425,0.0001714738,0.0001567313,2
2011-05-01 23:00:00,Lower,1359,1359,159.0747120565,-31.3616996446,-6.6967954636,Vz,Near-bottom,m s$^{-1}$,-6.1967954636,0.0000279384,0.0001041309,0.0000761924,2
2011-05-02 00:00:00,Lower,1359,1359,159.0747120565,-31.3616996446,-6.6967954636,Vz,Near-bottom,m s$^{-1}$,-6.1967954636,0.0000335449,0.0000690396,0.0000354946,2
2011-05-02 01:00:00,Lower,1359,1359,159.0747120565,-31.3616996446,-6.6967954636,Vz,Near-bottom,m s$^{-1}$,-6.1967954636,0.0000406499,0.0000184514,-0.0000221985,2
2011-05-02 02:00:00,Lower,1359,1359,159.0747120565,-31.3616996446,-6.6967954636,Vz,Near-bottom,m s$^{-1}$,-6.1967954636,0.0000390911,0.0000309883,-0.0000081028,2
2011-05-02 03:00:00,Lower,1359,1359,159.0747120565,-31.3616996446,-6.6967954636,Vz,Near-bottom,m s$^{-1}$,-6.1967954636,0.0000327157,0.0000773954,0.0000446797,2
2011-05-02 04:00:00,Lower,1359,1359,159.0747120565,-31.3616996446,-6.6967954636,Vz,Near-bottom,m s$^{-1}$,-6.1967954636,0.0000275267,0.0001399332,0.0001124065,2
2011-05-02 05:00:00,Lower,1359,1359,159.0747120565,-31.3616996446,-6.6967954636,Vz,Near-bottom,m s$^{-1}$,-6.1967954636,0.0000212371,0.0001394484,0.0001182113,2
2011-05-02 06:00:00,Lower,1359,1359,159.0747120565,-31.3616996446,-6.6967954636,Vz,Near-bottom,m s$^{-1}$,-6.1967954636,0.0000172844,0.0001254603,0.0001081760,2
2011-05-02 07:00:00,Lower,1359,1359,159.0747120565,-31.3616996446,-6.6967954636,Vz,Near-bottom,m s$^{-1}$,-6.1967954636,0.0000219583,0.0001421622,0.0001202039,2
2011-05-02 08:00:00,Lower,1359,1359,159.0747120565,-31.3616996446,-6.6967954636,Vz,Near-bottom,m s$^{-1}$,-6.1967954636,0.0000178860,0.0002232331,0.0002053471,2
2011-05-02 09:00:00,Lower,1359,1359,159.0747120565,-31.3616996446,-6.6967954636,Vz,Near-bottom,m s$^{-1}$,-6.1967954636,0.0000129957,0.0002122649,0.0001992692,2
2011-05-02 10:00:00,Lower,1359,1359,159.0747120565,-31.3616996446,-6.6967954636,Vz,Near-bottom,m s$^{-1}$,-6.1967954636,0.0000109634,0.0001904443,0.0001794809,2
2011-05-02 11:00:00,Lower,1359,1359,159.0747120565,-31.3616996446,-6.6967954636,Vz,Near-bottom,m s$^{-1}$,-6.1967954636,0.0000151626,0.0001474348,0.0001322723,2
2011-05-02 12:00:00,Lower,1359,1359,159.0747120565,-31.3616996446,-6.6967954636,Vz,Near-bottom,m s$^{-1}$,-6.1967954636,0.0000279108,0.0001082822,0.0000803714,2
2011-05-02 13:00:00,Lower,1359,1359,159.0747120565,-31.3616996446,-6.6967954636,Vz,Near-bottom,m s$^{-1}$,-6.1967954636,0.0000308225,0.0000662191,0.0000353966,2
2011-05-02 14:00:00,Lower,1359,1359,159.0747120565,-31.3616996446,-6.6967954636,Vz,Near-bottom,m s$^{-1}$,-6.1967954636,0.0000360541,0.0000386598,0.0000026057,2
2011-05-02 15:00:00,Lower,1359,1359,159.0747120565,-31.3616996446,-6.6967954636,Vz,Near-bottom,m s$^{-1}$,-6.1967954636,0.0000330621,0.0000609213,0.0000278592,2
2011-05-02 16:00:00,Lower,1359,1359,159.0747120565,-31.3616996446,-6.6967954636,Vz,Near-bottom,m s$^{-1}$,-6.1967954636,0.0000247433,0.0001230990,0.0000983557,2
2011-05-02 17:00:00,Lower,1359,1359,159.0747120565,-31.3616996446,-6.6967954636,Vz,Near-bottom,m s$^{-1}$,-6.1967954636,0.0000230335,0.0001256770,0.0001026435,2
2011-05-02 18:00:00,Lower,1359,1359,159.0747120565,-31.3616996446,-6.6967954636,Vz,Near-bottom,m s$^{-1}$,-6.1967954636,0.0000164453,0.0001323601,0.0001159148,2
2011-05-02 19:00:00,Lower,1359,1359,159.0747120565,-31.3616996446,-6.6967954636,Vz,Near-bottom,m s$^{-1}$,-6.1967954636,0.0000195219,0.0001357087,0.0001161868,2
2011-05-02 20:00:00,Lower,1359,1359,159.0747120565,-31.3616996446,-6.6967954636,Vz,Near-bottom,m s$^{-1}$,-6.1967954636,0.0000195560,0.0002248783,0.0002053223,2
2011-05-02 21:00:00,Lower,1359,1359,159.0747120565,-31.3616996446,-6.6967954636,Vz,Near-bottom,m s$^{-1}$,-6.1967954636,0.0000154656,0.0002216731,0.0002062075,2
2011-05-02 22:00:00,Lower,1359,1359,159.0747120565,-31.3616996446,-6.6967954636,Vz,Near-bottom,m s$^{-1}$,-6.1967954636,0.0000096422,0.0001982221,0.0001885799,2
2011-05-02 23:00:00,Lower,1359,1359,159.0747120565,-31.3616996446,-6.6967954636,Vz,Near-bottom,m s$^{-1}$,-6.1967954636,0.0000123391,0.0001503040,0.0001379649,2
2011-05-03 00:00:00,Lower,1359,1359,159.0747120565,-31.3616996446,-6.6967954636,Vz,Near-bottom,m s$^{-1}$,-6.1967954636,0.0000257534,0.0000885666,0.0000628132,2
2011-05-03 01:00:00,Lower,1359,1359,159.0747120565,-31.3616996446,-6.6967954636,Vz,Near-bottom,m s$^{-1}$,-6.1967954636,0.0000337437,0.0000668880,0.0000331443,2
2011-05-03 02:00:00,Lower,1359,1359,159.0747120565,-31.3616996446,-6.6967954636,Vz,Near-bottom,m s$^{-1}$,-6.1967954636,0.0000437106,0.0000153553,-0.0000283553,2
2011-05-03 03:00:00,Lower,1359,1359,159.0747120565,-31.3616996446,-6.6967954636,Vz,Near-bottom,m s$^{-1}$,-6.1967954636,0.0000379222,0.0000301442,-0.0000077780,2
2011-05-03 04:00:00,Lower,1359,1359,159.0747120565,-31.3616996446,-6.6967954636,Vz,Near-bottom,m s$^{-1}$,-6.1967954636,0.0000311226,0.0000755353,0.0000444126,2
2011-05-03 05:00:00,Lower,1359,1359,159.0747120565,-31.3616996446,-6.6967954636,Vz,Near-bottom,m s$^{-1}$,-6.1967954636,0.0000308639,0.0001188347,0.0000879708,2
2011-05-03 06:00:00,Lower,1359,1359,159.0747120565,-31.3616996446,-6.6967954636,Vz,Near-bottom,m s$^{-1}$,-6.1967954636,0.0000172779,0.0001625908,0.0001453128,2
2011-05-03 07:00:00,Lower,1359,1359,159.0747120565,-31.3616996446,-6.6967954636,Vz,Near-bottom,m s$^{-1}$,-6.1967954636,0.0000157137,0.0001375098,0.0001217961,2
2011-05-03 08:00:00,Lower,1359,1359,159.0747120565,-31.3616996446,-6.6967954636,Vz,Near-bottom,m s$^{-1}$,-6.1967954636,0.0000194102,0.0001346361,0.0001152259,2
2011-05-03 09:00:00,Lower,1359,1359,159.0747120565,-31.3616996446,-6.6967954636,Vz,Near-bottom,m s$^{-1}$,-6.1967954636,0.0000155500,0.0002299332,0.0002143832,2
2011-05-03 10:00:00,Lower,1359,1359,159.0747120565,-31.3616996446,-6.6967954636,Vz,Near-bottom,m s$^{-1}$,-6.1967954636,0.0000100556,0.0002050139,0.0001949582,2
2011-05-03 11:00:00,Lower,1359,1359,159.0747120565,-31.3616996446,-6.6967954636,Vz,Near-bottom,m s$^{-1}$,-6.1967954636,0.0000009075,0.0001874477,0.0001865401,2
2011-05-03 12:00:00,Lower,1359,1359,159.0747120565,-31.3616996446,-6.6967954636,Vz,Near-bottom,m s$^{-1}$,-6.1967954636,0.0000103645,0.0001248301,0.0001144656,2
2011-05-03 13:00:00,Lower,1359,1359,159.0747120565,-31.3616996446,-6.6967954636,Vz,Near-bottom,m s$^{-1}$,-6.1967954636,0.0000219120,0.0000917993,0.0000698873,2
2011-05-03 14:00:00,Lower,1359,1359,159.0747120565,-31.3616996446,-6.6967954636,Vz,Near-bottom,m s$^{-1}$,-6.1967954636,0.0000259081,0.0000631511,0.0000372430,2
2011-05-03 15:00:00,Lower,1359,1359,159.0747120565,-31.3616996446,-6.6967954636,Vz,Near-bottom,m s$^{-1}$,-6.1967954636,0.0000344880,0.0000335791,-0.0000009089,2
2011-05-03 16:00:00,Lower,1359,1359,159.0747120565,-31.3616996446,-6.6967954636,Vz,Near-bottom,m s$^{-1}$,-6.1967954636,0.0000283524,0.0000544121,0.0000260597,2
2011-05-03 17:00:00,Lower,1359,1359,159.0747120565,-31.3616996446,-6.6967954636,Vz,Near-bottom,m s$^{-1}$,-6.1967954636,0.0000262527,0.0000997826,0.0000735299,2
2011-05-03 18:00:00,Lower,1359,1359,159.0747120565,-31.3616996446,-6.6967954636,Vz,Near-bottom,m s$^{-1}$,-6.1967954636,0.0000165503,0.0001569543,0.0001404040,2
2011-05-03 19:00:00,Lower,1359,1359,159.0747120565,-31.3616996446,-6.6967954636,Vz,Near-bottom,m s$^{-1}$,-6.1967954636,0.0000122081,0.0001159534,0.0001037453,2
2011-05-03 20:00:00,Lower,1359,1359,159.0747120565,-31.3616996446,-6.6967954636,Vz,Near-bottom,m s$^{-1}$,-6.1967954636,0.0000112303,0.0001305661,0.0001193359,2
2011-05-03 21:00:00,Lower,1359,1359,159.0747120565,-31.3616996446,-6.6967954636,Vz,Near-bottom,m s$^{-1}$,-6.1967954636,0.0000158731,0.0002369280,0.0002210549,2
2011-05-03 22:00:00,Lower,1359,1359,159.0747120565,-31.3616996446,-6.6967954636,Vz,Near-bottom,m s$^{-1}$,-6.1967954636,0.0000090754,0.0002167931,0.0002077177,2
2011-05-03 23:00:00,Lower,1359,1359,159.0747120565,-31.3616996446,-6.6967954636,Vz,Near-bottom,m s$^{-1}$,-6.1967954636,0.0000027379,0.0001962976,0.0001935597,2
2011-05-04 00:00:00,Lower,1359,1359,159.0747120565,-31.3616996446,-6.6967954636,Vz,Near-bottom,m s$^{-1}$,-6.1967954636,0.0000090401,0.0001292389,0.0001201988,2
2011-05-04 01:00:00,Lower,1359,1359,159.0747120565,-31.3616996446,-6.6967954636,Vz,Near-bottom,m s$^{-1}$,-6.1967954636,0.0000225549,0.0000907415,0.0000681866,2
2011-05-04 02:00:00,Lower,1359,1359,159.0747120565,-31.3616996446,-6.6967954636,Vz,Near-bottom,m s$^{-1}$,-6.1967954636,0.0000316349,0.0000417966,0.0000101617,2
2011-05-04 03:00:00,Lower,1359,1359,159.0747120565,-31.3616996446,-6.6967954636,Vz,Near-bottom,m s$^{-1}$,-6.1967954636,0.0000397292,-0.0000218089,-0.0000615382,2
2011-05-04 04:00:00,Lower,1359,1359,159.0747120565,-31.3616996446,-6.6967954636,Vz,Near-bottom,m s$^{-1}$,-6.1967954636,0.0000300541,0.0000142757,-0.0000157784,2
2011-05-04 05:00:00,Lower,1359,1359,159.0747120565,-31.3616996446,-6.6967954636,Vz,Near-bottom,m s$^{-1}$,-6.1967954636,0.0000279817,0.0000680578,0.0000400760,2
2011-05-04 06:00:00,Lower,1359,1359,159.0747120565,-31.3616996446,-6.6967954636,Vz,Near-bottom,m s$^{-1}$,-6.1967954636,0.0000244386,0.0001350827,0.0001106441,2
2011-05-04 07:00:00,Lower,1359,1359,159.0747120565,-31.3616996446,-6.6967954636,Vz,Near-bottom,m s$^{-1}$,-6.1967954636,0.0000170630,0.0001506504,0.0001335874,2
2011-05-04 08:00:00,Lower,1359,1359,159.0747120565,-31.3616996446,-6.6967954636,Vz,Near-bottom,m s$^{-1}$,-6.1967954636,0.0000137899,0.0001480014,0.0001342114,2
2011-05-04 09:00:00,Lower,1359,1359,159.0747120565,-31.3616996446,-6.6967954636,Vz,Near-bottom,m s$^{-1}$,-6.1967954636,0.0000143861,0.0001534066,0.0001390204,2
2011-05-04 10:00:00,Lower,1359,1359,159.0747120565,-31.3616996446,-6.6967954636,Vz,Near-bottom,m s$^{-1}$,-6.1967954636,0.0000100831,0.0002215235,0.0002114403,2
2011-05-04 11:00:00,Lower,1359,1359,159.0747120565,-31.3616996446,-6.6967954636,Vz,Near-bottom,m s$^{-1}$,-6.1967954636,-0.0000096379,0.0002054205,0.0002150584,2
2011-05-04 12:00:00,Lower,1359,1359,159.0747120565,-31.3616996446,-6.6967954636,Vz,Near-bottom,m s$^{-1}$,-6.1967954636,-0.0000279342,0.0001627753,0.0001907095,2
2011-05-04 13:00:00,Lower,1359,1359,159.0747120565,-31.3616996446,-6.6967954636,Vz,Near-bottom,m s$^{-1}$,-6.1967954636,-0.0000109355,0.0001261727,0.0001371082,2
2011-05-04 14:00:00,Lower,1359,1359,159.0747120565,-31.3616996446,-6.6967954636,Vz,Near-bottom,m s$^{-1}$,-6.1967954636,0.0000093959,0.0000681903,0.0000587945,2
2011-05-04 15:00:00,Lower,1359,1359,159.0747120565,-31.3616996446,-6.6967954636,Vz,Near-bottom,m s$^{-1}$,-6.1967954636,0.0000195576,0.0000334577,0.0000139001,2
2011-05-04 16:00:00,Lower,1359,1359,159.0747120565,-31.3616996446,-6.6967954636,Vz,Near-bottom,m s$^{-1}$,-6.1967954636,0.0000261311,0.0000236138,-0.0000025173,2
2011-05-04 17:00:00,Lower,1359,1359,159.0747120565,-31.3616996446,-6.6967954636,Vz,Near-bottom,m s$^{-1}$,-6.1967954636,0.0000249375,0.0000536365,0.0000286990,2
2011-05-04 18:00:00,Lower,1359,1359,159.0747120565,-31.3616996446,-6.6967954636,Vz,Near-bottom,m s$^{-1}$,-6.1967954636,0.0000215669,0.0000992738,0.0000777069,2
2011-05-04 19:00:00,Lower,1359,1359,159.0747120565,-31.3616996446,-6.6967954636,Vz,Near-bottom,m s$^{-1}$,-6.1967954636,0.0000158235,0.0001483332,0.0001325097,2
2011-05-04 20:00:00,Lower,1359,1359,159.0747120565,-31.3616996446,-6.6967954636,Vz,Near-bottom,m s$^{-1}$,-6.1967954636,0.0000100209,0.0001419094,0.0001318885,2
2011-05-04 21:00:00,Lower,1359,1359,159.0747120565,-31.3616996446,-6.6967954636,Vz,Near-bottom,m s$^{-1}$,-6.1967954636,0.0000128720,0.0001428232,0.0001299512,2
2011-05-04 22:00:00,Lower,1359,1359,159.0747120565,-31.3616996446,-6.6967954636,Vz,Near-bottom,m s$^{-1}$,-6.1967954636,0.0000118694,0.0002131684,0.0002012990,2
2011-05-04 23:00:00,Lower,1359,1359,159.0747120565,-31.3616996446,-6.6967954636,Vz,Near-bottom,m s$^{-1}$,-6.1967954636,0.0000052181,0.0002136727,0.0002084546,2
2011-05-05 00:00:00,Lower,1359,1359,159.0747120565,-31.3616996446,-6.6967954636,Vz,Near-bottom,m s$^{-1}$,-6.1967954636,0.0000035148,0.0001719217,0.0001684069,2
2011-05-05 01:00:00,Lower,1359,1359,159.0747120565,-31.3616996446,-6.6967954636,Vz,Near-bottom,m s$^{-1}$,-6.1967954636,0.0000074844,0.0001276625,0.0001201782,2
2011-05-05 02:00:00,Lower,1359,1359,159.0747120565,-31.3616996446,-6.6967954636,Vz,Near-bottom,m s$^{-1}$,-6.1967954636,0.0000219411,0.0000704259,0.0000484848,2
2011-05-05 03:00:00,Lower,1359,1359,159.0747120565,-31.3616996446,-6.6967954636,Vz,Near-bottom,m s$^{-1}$,-6.1967954636,0.0000322094,0.0000361171,0.0000039077,2
2011-05-05 04:00:00,Lower,1359,1359,159.0747120565,-31.3616996446,-6.6967954636,Vz,Near-bottom,m s$^{-1}$,-6.1967954636,0.0000354073,-0.0000268716,-0.0000622789,2
2011-05-05 05:00:00,Lower,1359,1359,159.0747120565,-31.3616996446,-6.6967954636,Vz,Near-bottom,m s$^{-1}$,-6.1967954636,0.0000307087,0.0000100722,-0.0000206365,2
2011-05-05 06:00:00,Lower,1359,1359,159.0747120565,-31.3616996446,-6.6967954636,Vz,Near-bottom,m s$^{-1}$,-6.1967954636,0.0000272822,0.0000644883,0.0000372061,2
2011-05-05 07:00:00,Lower,1359,1359,159.0747120565,-31.3616996446,-6.6967954636,Vz,Near-bottom,m s$^{-1}$,-6.1967954636,0.0000191097,0.0001654251,0.0001463154,2
2011-05-05 08:00:00,Lower,1359,1359,159.0747120565,-31.3616996446,-6.6967954636,Vz,Near-bottom,m s$^{-1}$,-6.1967954636,0.0000136111,0.0001358705,0.0001222594,2
2011-05-05 09:00:00,Lower,1359,1359,159.0747120565,-31.3616996446,-6.6967954636,Vz,Near-bottom,m s$^{-1}$,-6.1967954636,0.0000096163,0.0001363193,0.0001267030,2
2011-05-05 10:00:00,Lower,1359,1359,159.0747120565,-31.3616996446,-6.6967954636,Vz,Near-bottom,m s$^{-1}$,-6.1967954636,0.0000115858,0.0001456162,0.0001340304,2
2011-05-05 11:00:00,Lower,1359,1359,159.0747120565,-31.3616996446,-6.6967954636,Vz,Near-bottom,m s$^{-1}$,-6.1967954636,0.0000082180,0.0002175624,0.0002093444,2
2011-05-05 12:00:00,Lower,1359,1359,159.0747120565,-31.3616996446,-6.6967954636,Vz,Near-bottom,m s$^{-1}$,-6.1967954636,0.0000005357,0.0001977483,0.0001972126,2
2011-05-05 13:00:00,Lower,1359,1359,159.0747120565,-31.3616996446,-6.6967954636,Vz,Near-bottom,m s$^{-1}$,-6.1967954636,-0.0000037253,0.0001640797,0.0001678049,2
2011-05-05 14:00:00,Lower,1359,1359,159.0747120565,-31.3616996446,-6.6967954636,Vz,Near-bottom,m s$^{-1}$,-6.1967954636,0.0000053202,0.0001222332,0.0001169131,2
2011-05-05 15:00:00,Lower,1359,1359,159.0747120565,-31.3616996446,-6.6967954636,Vz,Near-bottom,m s$^{-1}$,-6.1967954636,0.0000189409,0.0000475885,0.0000286477,2
2011-05-05 16:00:00,Lower,1359,1359,159.0747120565,-31.3616996446,-6.6967954636,Vz,Near-bottom,m s$^{-1}$,-6.1967954636,0.0000325303,0.0000050649,-0.0000274654,2
2011-05-05 17:00:00,Lower,1359,1359,159.0747120565,-31.3616996446,-6.6967954636,Vz,Near-bottom,m s$^{-1}$,-6.1967954636,0.0000313555,0.0000089743,-0.0000223812,2
2011-05-05 18:00:00,Lower,1359,1359,159.0747120565,-31.3616996446,-6.6967954636,Vz,Near-bottom,m s$^{-1}$,-6.1967954636,0.0000294816,0.0000470134,0.0000175319,2
2011-05-05 19:00:00,Lower,1359,1359,159.0747120565,-31.3616996446,-6.6967954636,Vz,Near-bottom,m s$^{-1}$,-6.1967954636,0.0000224938,0.0001159824,0.0000934886,2
2011-05-05 20:00:00,Lower,1359,1359,159.0747120565,-31.3616996446,-6.6967954636,Vz,Near-bottom,m s$^{-1}$,-6.1967954636,0.0000144994,0.0001565234,0.0001420240,2
2011-05-05 21:00:00,Lower,1359,1359,159.0747120565,-31.3616996446,-6.6967954636,Vz,Near-bottom,m s$^{-1}$,-6.1967954636,0.0000109897,0.0001338054,0.0001228157,2
2011-05-05 22:00:00,Lower,1359,1359,159.0747120565,-31.3616996446,-6.6967954636,Vz,Near-bottom,m s$^{-1}$,-6.1967954636,0.0000130206,0.0002298955,0.0002168749,2
2011-05-05 23:00:00,Lower,1359,1359,159.0747120565,-31.3616996446,-6.6967954636,Vz,Near-bottom,m s$^{-1}$,-6.1967954636,0.0000109081,0.0002094276,0.0001985195,2
2011-05-06 00:00:00,Lower,1359,1359,159.0747120565,-31.3616996446,-6.6967954636,Vz,Near-bottom,m s$^{-1}$,-6.1967954636,0.0000002531,0.0002181357,0.0002178825,2
2011-05-06 01:00:00,Lower,1359,1359,159.0747120565,-31.3616996446,-6.6967954636,Vz,Near-bottom,m s$^{-1}$,-6.1967954636,0.0000031050,0.0001733600,0.0001702550,2
2011-05-06 02:00:00,Lower,1359,1359,159.0747120565,-31.3616996446,-6.6967954636,Vz,Near-bottom,m s$^{-1}$,-6.1967954636,0.0000108043,0.0001081176,0.0000973133,2
2011-05-06 03:00:00,Lower,1359,1359,159.0747120565,-31.3616996446,-6.6967954636,Vz,Near-bottom,m s$^{-1}$,-6.1967954636,0.0000239592,0.0000327175,0.0000087583,2
2011-05-06 04:00:00,Lower,1359,1359,159.0747120565,-31.3616996446,-6.6967954636,Vz,Near-bottom,m s$^{-1}$,-6.1967954636,0.0000367602,0.0000000355,-0.0000367247,2
2011-05-06 05:00:00,Lower,1359,1359,159.0747120565,-31.3616996446,-6.6967954636,Vz,Near-bottom,m s$^{-1}$,-6.1967954636,0.0000341717,-0.0000610716,-0.0000952433,2
2011-05-06 06:00:00,Lower,1359,1359,159.0747120565,-31.3616996446,-6.6967954636,Vz,Near-bottom,m s$^{-1}$,-6.1967954636,0.0000363792,-0.0000332678,-0.0000696470,2
2011-05-06 07:00:00,Lower,1359,1359,159.0747120565,-31.3616996446,-6.6967954636,Vz,Near-bottom,m s$^{-1}$,-6.1967954636,0.0000238210,0.0000844177,0.0000605966,2
2011-05-06 08:00:00,Lower,1359,1359,159.0747120565,-31.3616996446,-6.6967954636,Vz,Near-bottom,m s$^{-1}$,-6.1967954636,0.0000219261,0.0001521038,0.0001301777,2
2011-05-06 09:00:00,Lower,1359,1359,159.0747120565,-31.3616996446,-6.6967954636,Vz,Near-bottom,m s$^{-1}$,-6.1967954636,0.0000144319,0.0001697368,0.0001553049,2
2011-05-06 10:00:00,Lower,1359,1359,159.0747120565,-31.3616996446,-6.6967954636,Vz,Near-bottom,m s$^{-1}$,-6.1967954636,0.0000140834,0.0001711487,0.0001570653,2
2011-05-06 11:00:00,Lower,1359,1359,159.0747120565,-31.3616996446,-6.6967954636,Vz,Near-bottom,m s$^{-1}$,-6.1967954636,0.0000109469,0.0002224428,0.0002114959,2
2011-05-06 12:00:00,Lower,1359,1359,159.0747120565,-31.3616996446,-6.6967954636,Vz,Near-bottom,m s$^{-1}$,-6.1967954636,0.0000020131,0.0002320443,0.0002300312,2
2011-05-06 13:00:00,Lower,1359,1359,159.0747120565,-31.3616996446,-6.6967954636,Vz,Near-bottom,m s$^{-1}$,-6.1967954636,0.0000065331,0.0002012152,0.0001946821,2
2011-05-06 14:00:00,Lower,1359,1359,159.0747120565,-31.3616996446,-6.6967954636,Vz,Near-bottom,m s$^{-1}$,-6.1967954636,0.0000004567,0.0001473419,0.0001468852,2
2011-05-06 15:00:00,Lower,1359,1359,159.0747120565,-31.3616996446,-6.6967954636,Vz,Near-bottom,m s$^{-1}$,-6.1967954636,0.0000134559,0.0000892628,0.0000758068,2
2011-05-06 16:00:00,Lower,1359,1359,159.0747120565,-31.3616996446,-6.6967954636,Vz,Near-bottom,m s$^{-1}$,-6.1967954636,0.0000245666,0.0000294891,0.0000049225,2
2011-05-06 17:00:00,Lower,1359,1359,159.0747120565,-31.3616996446,-6.6967954636,Vz,Near-bottom,m s$^{-1}$,-6.1967954636,0.0000368597,-0.0000005826,-0.0000374423,2
2011-05-06 18:00:00,Lower,1359,1359,159.0747120565,-31.3616996446,-6.6967954636,Vz,Near-bottom,m s$^{-1}$,-6.1967954636,0.0000338304,0.0000070675,-0.0000267629,2
2011-05-06 19:00:00,Lower,1359,1359,159.0747120565,-31.3616996446,-6.6967954636,Vz,Near-bottom,m s$^{-1}$,-6.1967954636,0.0000339529,0.0000212518,-0.0000127011,2
2011-05-06 20:00:00,Lower,1359,1359,159.0747120565,-31.3616996446,-6.6967954636,Vz,Near-bottom,m s$^{-1}$,-6.1967954636,0.0000235849,0.0001117152,0.0000881303,2
2011-05-06 21:00:00,Lower,1359,1359,159.0747120565,-31.3616996446,-6.6967954636,Vz,Near-bottom,m s$^{-1}$,-6.1967954636,0.0000153845,0.0001720876,0.0001567031,2
2011-05-06 22:00:00,Lower,1359,1359,159.0747120565,-31.3616996446,-6.6967954636,Vz,Near-bottom,m s$^{-1}$,-6.1967954636,0.0000142218,0.0001562075,0.0001419857,2
2011-05-06 23:00:00,Lower,1359,1359,159.0747120565,-31.3616996446,-6.6967954636,Vz,Near-bottom,m s$^{-1}$,-6.1967954636,0.0000136365,0.0002262752,0.0002126387,2
2011-05-07 00:00:00,Lower,1359,1359,159.0747120565,-31.3616996446,-6.6967954636,Vz,Near-bottom,m s$^{-1}$,-6.1967954636,0.0000068368,0.0002424348,0.0002355980,2
2011-05-01 01:00:00,Lower,1359,1359,159.0747120565,-31.3616996446,-6.6967954636,Vz,Surface,m s$^{-1}$,-0.5137838996,0.0001819840,-0.0000194951,-0.0002014792,4
2011-05-01 02:00:00,Lower,1359,1359,159.0747120565,-31.3616996446,-6.6967954636,Vz,Surface,m s$^{-1}$,-0.5687976381,0.0001496924,-0.0000398017,-0.0001894941,4
2011-05-01 03:00:00,Lower,1359,1359,159.0747120565,-31.3616996446,-6.6967954636,Vz,Surface,m s$^{-1}$,-0.5979628703,0.0001237314,-0.0000220416,-0.0001457730,4
2011-05-01 04:00:00,Lower,1359,1359,159.0747120565,-31.3616996446,-6.6967954636,Vz,Surface,m s$^{-1}$,-0.5988047099,0.0000893369,0.0000107519,-0.0000785850,4
2011-05-01 05:00:00,Lower,1359,1359,159.0747120565,-31.3616996446,-6.6967954636,Vz,Surface,m s$^{-1}$,-0.5849895226,0.0000747952,0.0000337311,-0.0000410641,4
2011-05-01 06:00:00,Lower,1359,1359,159.0747120565,-31.3616996446,-6.6967954636,Vz,Surface,m s$^{-1}$,-0.5293535672,0.0000380749,0.0001509961,0.0001129212,4
2011-05-01 07:00:00,Lower,1359,1359,159.0747120565,-31.3616996446,-6.6967954636,Vz,Surface,m s$^{-1}$,-0.4708797785,0.0000258401,0.0001653810,0.0001395409,4
2011-05-01 08:00:00,Lower,1359,1359,159.0747120565,-31.3616996446,-6.6967954636,Vz,Surface,m s$^{-1}$,-0.4114286418,0.0000239885,-0.0000223193,-0.0000463078,4
2011-05-01 09:00:00,Lower,1359,1359,159.0747120565,-31.3616996446,-6.6967954636,Vz,Surface,m s$^{-1}$,-0.3709228034,0.0000297165,-0.0000536820,-0.0000833986,4
2011-05-01 10:00:00,Lower,1359,1359,159.0747120565,-31.3616996446,-6.6967954636,Vz,Surface,m s$^{-1}$,-0.3597194589,0.0000329791,-0.0000704960,-0.0001034751,4
2011-05-01 11:00:00,Lower,1359,1359,159.0747120565,-31.3616996446,-6.6967954636,Vz,Surface,m s$^{-1}$,-0.3684848370,0.0000342136,-0.0000493122,-0.0000835257,4
2011-05-01 12:00:00,Lower,1359,1359,159.0747120565,-31.3616996446,-6.6967954636,Vz,Surface,m s$^{-1}$,-0.4145935506,0.0000323217,-0.0000688004,-0.0001011221,4
2011-05-01 13:00:00,Lower,1359,1359,159.0747120565,-31.3616996446,-6.6967954636,Vz,Surface,m s$^{-1}$,-0.4701785472,0.0000430416,-0.0000274742,-0.0000705158,4
2011-05-01 14:00:00,Lower,1359,1359,159.0747120565,-31.3616996446,-6.6967954636,Vz,Surface,m s$^{-1}$,-0.5168952911,0.0000452582,0.0000871551,0.0000418969,4
2011-05-01 15:00:00,Lower,1359,1359,159.0747120565,-31.3616996446,-6.6967954636,Vz,Surface,m s$^{-1}$,-0.5556468313,0.0000462839,0.0002240916,0.0001778077,4
2011-05-01 16:00:00,Lower,1359,1359,159.0747120565,-31.3616996446,-6.6967954636,Vz,Surface,m s$^{-1}$,-0.5705003037,0.0000434685,0.0002026253,0.0001591568,4
2011-05-01 17:00:00,Lower,1359,1359,159.0747120565,-31.3616996446,-6.6967954636,Vz,Surface,m s$^{-1}$,-0.5663230558,0.0000336944,0.0001997169,0.0001660225,4
2011-05-01 18:00:00,Lower,1359,1359,159.0747120565,-31.3616996446,-6.6967954636,Vz,Surface,m s$^{-1}$,-0.5193736886,0.0000184959,0.0002181754,0.0001996795,4
2011-05-01 19:00:00,Lower,1359,1359,159.0747120565,-31.3616996446,-6.6967954636,Vz,Surface,m s$^{-1}$,-0.4607930065,0.0000217775,0.0000618150,0.0000400375,4
2011-05-01 20:00:00,Lower,1359,1359,159.0747120565,-31.3616996446,-6.6967954636,Vz,Surface,m s$^{-1}$,-0.4013547519,0.0000218760,-0.0001018334,-0.0001237094,4
2011-05-01 21:00:00,Lower,1359,1359,159.0747120565,-31.3616996446,-6.6967954636,Vz,Surface,m s$^{-1}$,-0.3510451381,0.0000238945,-0.0000704431,-0.0000943376,4
2011-05-01 22:00:00,Lower,1359,1359,159.0747120565,-31.3616996446,-6.6967954636,Vz,Surface,m s$^{-1}$,-0.3301858116,0.0000241537,-0.0000707789,-0.0000949326,4
2011-05-01 23:00:00,Lower,1359,1359,159.0747120565,-31.3616996446,-6.6967954636,Vz,Surface,m s$^{-1}$,-0.3482933292,0.0000238895,-0.0000601589,-0.0000840484,4
2011-05-02 00:00:00,Lower,1359,1359,159.0747120565,-31.3616996446,-6.6967954636,Vz,Surface,m s$^{-1}$,-0.3943929534,0.0000221929,-0.0000487726,-0.0000709655,4
2011-05-02 01:00:00,Lower,1359,1359,159.0747120565,-31.3616996446,-6.6967954636,Vz,Surface,m s$^{-1}$,-0.4596078405,0.0000272638,-0.0000210050,-0.0000482688,4
2011-05-02 02:00:00,Lower,1359,1359,159.0747120565,-31.3616996446,-6.6967954636,Vz,Surface,m s$^{-1}$,-0.5161568912,0.0000390070,0.0000737291,0.0000347222,4
2011-05-02 03:00:00,Lower,1359,1359,159.0747120565,-31.3616996446,-6.6967954636,Vz,Surface,m s$^{-1}$,-0.5642566870,0.0000408170,0.0001688970,0.0001280800,4
2011-05-02 04:00:00,Lower,1359,1359,159.0747120565,-31.3616996446,-6.6967954636,Vz,Surface,m s$^{-1}$,-0.5953453375,0.0000454240,0.0002840683,0.0002386443,4
2011-05-02 05:00:00,Lower,1359,1359,159.0747120565,-31.3616996446,-6.6967954636,Vz,Surface,m s$^{-1}$,-0.6030843978,0.0000417629,0.0001488115,0.0001070486,4
2011-05-02 06:00:00,Lower,1359,1359,159.0747120565,-31.3616996446,-6.6967954636,Vz,Surface,m s$^{-1}$,-0.5780517791,0.0000287267,0.0002311286,0.0002024020,4
2011-05-02 07:00:00,Lower,1359,1359,159.0747120565,-31.3616996446,-6.6967954636,Vz,Surface,m s$^{-1}$,-0.5201636426,0.0000183937,0.0002238001,0.0002054064,4
2011-05-02 08:00:00,Lower,1359,1359,159.0747120565,-31.3616996446,-6.6967954636,Vz,Surface,m s$^{-1}$,-0.4515799815,0.0000250757,0.0000625405,0.0000374648,4
2011-05-02 09:00:00,Lower,1359,1359,159.0747120565,-31.3616996446,-6.6967954636,Vz,Surface,m s$^{-1}$,-0.3915055681,0.0000207063,-0.0001080147,-0.0001287210,4
2011-05-02 10:00:00,Lower,1359,1359,159.0747120565,-31.3616996446,-6.6967954636,Vz,Surface,m s$^{-1}$,-0.3509883832,0.0000201430,-0.0000872332,-0.0001073762,4
2011-05-02 11:00:00,Lower,1359,1359,159.0747120565,-31.3616996446,-6.6967954636,Vz,Surface,m s$^{-1}$,-0.3398683592,0.0000228743,-0.0000702432,-0.0000931175,4
2011-05-02 12:00:00,Lower,1359,1359,159.0747120565,-31.3616996446,-6.6967954636,Vz,Surface,m s$^{-1}$,-0.3581197693,0.0000214145,-0.0000550725,-0.0000764870,4
2011-05-02 13:00:00,Lower,1359,1359,159.0747120565,-31.3616996446,-6.6967954636,Vz,Surface,m s$^{-1}$,-0.4044002428,0.0000173588,-0.0000593589,-0.0000767177,4
2011-05-02 14:00:00,Lower,1359,1359,159.0747120565,-31.3616996446,-6.6967954636,Vz,Surface,m s$^{-1}$,-0.4604990714,0.0000236764,-0.0000242519,-0.0000479283,4
2011-05-02 15:00:00,Lower,1359,1359,159.0747120565,-31.3616996446,-6.6967954636,Vz,Surface,m s$^{-1}$,-0.5074133113,0.0000312951,0.0000815085,0.0000502134,4
2011-05-02 16:00:00,Lower,1359,1359,159.0747120565,-31.3616996446,-6.6967954636,Vz,Surface,m s$^{-1}$,-0.5371468967,0.0000368800,0.0002088225,0.0001719426,4
2011-05-02 17:00:00,Lower,1359,1359,159.0747120565,-31.3616996446,-6.6967954636,Vz,Surface,m s$^{-1}$,-0.5604836619,0.0000362427,0.0002025188,0.0001662761,4
2011-05-02 18:00:00,Lower,1359,1359,159.0747120565,-31.3616996446,-6.6967954636,Vz,Surface,m s$^{-1}$,-0.5469277813,0.0000331049,0.0001795940,0.0001464891,4
2011-05-02 19:00:00,Lower,1359,1359,159.0747120565,-31.3616996446,-6.6967954636,Vz,Surface,m s$^{-1}$,-0.4995210697,0.0000141849,0.0002084330,0.0001942482,4
2011-05-02 20:00:00,Lower,1359,1359,159.0747120565,-31.3616996446,-6.6967954636,Vz,Surface,m s$^{-1}$,-0.4410256303,0.0000164101,-0.0000031345,-0.0000195446,4
2011-05-02 21:00:00,Lower,1359,1359,159.0747120565,-31.3616996446,-6.6967954636,Vz,Surface,m s$^{-1}$,-0.3811947546,0.0000193060,-0.0000613715,-0.0000806775,4
2011-05-02 22:00:00,Lower,1359,1359,159.0747120565,-31.3616996446,-6.6967954636,Vz,Surface,m s$^{-1}$,-0.3409186335,0.0000213721,-0.0000595640,-0.0000809361,4
2011-05-02 23:00:00,Lower,1359,1359,159.0747120565,-31.3616996446,-6.6967954636,Vz,Surface,m s$^{-1}$,-0.3296736087,0.0000212153,-0.0000620409,-0.0000832562,4
2011-05-03 00:00:00,Lower,1359,1359,159.0747120565,-31.3616996446,-6.6967954636,Vz,Surface,m s$^{-1}$,-0.3574457068,0.0000176771,-0.0000524135,-0.0000700906,4
2011-05-03 01:00:00,Lower,1359,1359,159.0747120565,-31.3616996446,-6.6967954636,Vz,Surface,m s$^{-1}$,-0.4036159937,0.0000202691,-0.0000310526,-0.0000513217,4
2011-05-03 02:00:00,Lower,1359,1359,159.0747120565,-31.3616996446,-6.6967954636,Vz,Surface,m s$^{-1}$,-0.4692299332,0.0000181398,-0.0000004081,-0.0000185479,4
2011-05-03 03:00:00,Lower,1359,1359,159.0747120565,-31.3616996446,-6.6967954636,Vz,Surface,m s$^{-1}$,-0.5258557592,0.0000340618,0.0000969286,0.0000628668,4
2011-05-03 04:00:00,Lower,1359,1359,159.0747120565,-31.3616996446,-6.6967954636,Vz,Surface,m s$^{-1}$,-0.5742584514,0.0000344508,0.0001656620,0.0001312112,4
2011-05-03 05:00:00,Lower,1359,1359,159.0747120565,-31.3616996446,-6.6967954636,Vz,Surface,m s$^{-1}$,-0.6141614180,0.0000390530,0.0002609316,0.0002218786,4
2011-05-03 06:00:00,Lower,1359,1359,159.0747120565,-31.3616996446,-6.6967954636,Vz,Surface,m s$^{-1}$,-0.6131842217,0.0000436887,0.0001406786,0.0000969899,4
2011-05-03 07:00:00,Lower,1359,1359,159.0747120565,-31.3616996446,-6.6967954636,Vz,Surface,m s$^{-1}$,-0.5785940029,0.0000214700,0.0002303386,0.0002088686,4
2011-05-03 08:00:00,Lower,1359,1359,159.0747120565,-31.3616996446,-6.6967954636,Vz,Surface,m s$^{-1}$,-0.5203609061,0.0000144238,0.0002233146,0.0002088908,4
2011-05-03 09:00:00,Lower,1359,1359,159.0747120565,-31.3616996446,-6.6967954636,Vz,Surface,m s$^{-1}$,-0.4417334718,0.0000225585,0.0000885314,0.0000659728,4
2011-05-03 10:00:00,Lower,1359,1359,159.0747120565,-31.3616996446,-6.6967954636,Vz,Surface,m s$^{-1}$,-0.3813514345,0.0000186933,-0.0000699768,-0.0000886701,4
2011-05-03 11:00:00,Lower,1359,1359,159.0747120565,-31.3616996446,-6.6967954636,Vz,Surface,m s$^{-1}$,-0.3411732054,0.0000142413,-0.0000873463,-0.0001015876,4
2011-05-03 12:00:00,Lower,1359,1359,159.0747120565,-31.3616996446,-6.6967954636,Vz,Surface,m s$^{-1}$,-0.3397295792,0.0000229477,-0.0000820778,-0.0001050255,4
2011-05-03 13:00:00,Lower,1359,1359,159.0747120565,-31.3616996446,-6.6967954636,Vz,Surface,m s$^{-1}$,-0.3673837542,0.0000182772,-0.0000638412,-0.0000821184,4
2011-05-03 14:00:00,Lower,1359,1359,159.0747120565,-31.3616996446,-6.6967954636,Vz,Surface,m s$^{-1}$,-0.4138325827,0.0000177697,-0.0000487294,-0.0000664990,4
2011-05-03 15:00:00,Lower,1359,1359,159.0747120565,-31.3616996446,-6.6967954636,Vz,Surface,m s$^{-1}$,-0.4699787053,0.0000217974,-0.0000060594,-0.0000278568,4
2011-05-03 16:00:00,Lower,1359,1359,159.0747120565,-31.3616996446,-6.6967954636,Vz,Surface,m s$^{-1}$,-0.5171058377,0.0000304466,0.0000919508,0.0000615042,4
2011-05-03 17:00:00,Lower,1359,1359,159.0747120565,-31.3616996446,-6.6967954636,Vz,Surface,m s$^{-1}$,-0.5560143143,0.0000315580,0.0002041481,0.0001725902,4
2011-05-03 18:00:00,Lower,1359,1359,159.0747120565,-31.3616996446,-6.6967954636,Vz,Surface,m s$^{-1}$,-0.5618160205,0.0000379617,0.0001681244,0.0001301627,4
2011-05-03 19:00:00,Lower,1359,1359,159.0747120565,-31.3616996446,-6.6967954636,Vz,Surface,m s$^{-1}$,-0.5474655163,0.0000276562,0.0001964355,0.0001687793,4
2011-05-03 20:00:00,Lower,1359,1359,159.0747120565,-31.3616996446,-6.6967954636,Vz,Surface,m s$^{-1}$,-0.4997265792,0.0000158246,0.0002117520,0.0001959274,4
2011-05-03 21:00:00,Lower,1359,1359,159.0747120565,-31.3616996446,-6.6967954636,Vz,Surface,m s$^{-1}$,-0.4312605240,0.0000209259,0.0000098385,-0.0000110873,4
2011-05-03 22:00:00,Lower,1359,1359,159.0747120565,-31.3616996446,-6.6967954636,Vz,Surface,m s$^{-1}$,-0.3715016702,0.0000234102,-0.0000359395,-0.0000593497,4
2011-05-03 23:00:00,Lower,1359,1359,159.0747120565,-31.3616996446,-6.6967954636,Vz,Surface,m s$^{-1}$,-0.3309468543,0.0000196313,-0.0000609720,-0.0000806033,4
2011-05-04 00:00:00,Lower,1359,1359,159.0747120565,-31.3616996446,-6.6967954636,Vz,Surface,m s$^{-1}$,-0.3295012162,0.0000251295,-0.0000694792,-0.0000946088,4
2011-05-04 01:00:00,Lower,1359,1359,159.0747120565,-31.3616996446,-6.6967954636,Vz,Surface,m s$^{-1}$,-0.3572829433,0.0000187151,-0.0000501979,-0.0000689130,4
2011-05-04 02:00:00,Lower,1359,1359,159.0747120565,-31.3616996446,-6.6967954636,Vz,Surface,m s$^{-1}$,-0.4130296941,0.0000143300,-0.0000363029,-0.0000506330,4
2011-05-04 03:00:00,Lower,1359,1359,159.0747120565,-31.3616996446,-6.6967954636,Vz,Surface,m s$^{-1}$,-0.4884565222,0.0000189891,0.0000144954,-0.0000044938,4
2011-05-04 04:00:00,Lower,1359,1359,159.0747120565,-31.3616996446,-6.6967954636,Vz,Surface,m s$^{-1}$,-0.5459118842,0.0000399078,0.0001002626,0.0000603548,4
2011-05-04 05:00:00,Lower,1359,1359,159.0747120565,-31.3616996446,-6.6967954636,Vz,Surface,m s$^{-1}$,-0.5940119307,0.0000378219,0.0001551879,0.0001173660,4
2011-05-04 06:00:00,Lower,1359,1359,159.0747120565,-31.3616996446,-6.6967954636,Vz,Surface,m s$^{-1}$,-0.6248818665,0.0000429380,0.0002806428,0.0002377049,4
2011-05-04 07:00:00,Lower,1359,1359,159.0747120565,-31.3616996446,-6.6967954636,Vz,Surface,m s$^{-1}$,-0.6240872976,0.0000390989,0.0001319909,0.0000928919,4
2011-05-04 08:00:00,Lower,1359,1359,159.0747120565,-31.3616996446,-6.6967954636,Vz,Surface,m s$^{-1}$,-0.5790845993,0.0000198772,0.0002192560,0.0001993788,4
2011-05-04 09:00:00,Lower,1359,1359,159.0747120565,-31.3616996446,-6.6967954636,Vz,Surface,m s$^{-1}$,-0.5010910239,0.0000229292,0.0002211663,0.0001982371,4
2011-05-04 10:00:00,Lower,1359,1359,159.0747120565,-31.3616996446,-6.6967954636,Vz,Surface,m s$^{-1}$,-0.4216063269,0.0000109709,0.0000987038,0.0000877329,4
2011-05-04 11:00:00,Lower,1359,1359,159.0747120565,-31.3616996446,-6.6967954636,Vz,Surface,m s$^{-1}$,-0.3611951028,0.0000117556,-0.0000159356,-0.0000276912,4
2011-05-04 12:00:00,Lower,1359,1359,159.0747120565,-31.3616996446,-6.6967954636,Vz,Surface,m s$^{-1}$,-0.3307071112,0.0000075316,-0.0000893673,-0.0000968989,4
2011-05-04 13:00:00,Lower,1359,1359,159.0747120565,-31.3616996446,-6.6967954636,Vz,Surface,m s$^{-1}$,-0.3298429962,0.0000121074,-0.0000836823,-0.0000957896,4
2011-05-04 14:00:00,Lower,1359,1359,159.0747120565,-31.3616996446,-6.6967954636,Vz,Surface,m s$^{-1}$,-0.3670668761,0.0000177933,-0.0000770859,-0.0000948792,4
2011-05-04 15:00:00,Lower,1359,1359,159.0747120565,-31.3616996446,-6.6967954636,Vz,Surface,m s$^{-1}$,-0.4231242782,0.0000188472,-0.0000211979,-0.0000400451,4
2011-05-04 16:00:00,Lower,1359,1359,159.0747120565,-31.3616996446,-6.6967954636,Vz,Surface,m s$^{-1}$,-0.4793682628,0.0000371286,0.0000289490,-0.0000081796,4
2011-05-04 17:00:00,Lower,1359,1359,159.0747120565,-31.3616996446,-6.6967954636,Vz,Surface,m s$^{-1}$,-0.5268454895,0.0000483001,0.0001122657,0.0000639656,4
2011-05-04 18:00:00,Lower,1359,1359,159.0747120565,-31.3616996446,-6.6967954636,Vz,Surface,m s$^{-1}$,-0.5658277671,0.0000478167,0.0002027196,0.0001549029,4
2011-05-04 19:00:00,Lower,1359,1359,159.0747120565,-31.3616996446,-6.6967954636,Vz,Surface,m s$^{-1}$,-0.5802470008,0.0000457937,0.0002129676,0.0001671739,4
2011-05-04 20:00:00,Lower,1359,1359,159.0747120565,-31.3616996446,-6.6967954636,Vz,Surface,m s$^{-1}$,-0.5577519499,0.0000334412,0.0001856135,0.0001521723,4
2011-05-04 21:00:00,Lower,1359,1359,159.0747120565,-31.3616996446,-6.6967954636,Vz,Surface,m s$^{-1}$,-0.5002271831,0.0000140734,0.0001958469,0.0001817735,4
2011-05-04 22:00:00,Lower,1359,1359,159.0747120565,-31.3616996446,-6.6967954636,Vz,Surface,m s$^{-1}$,-0.4411742854,0.0000192035,0.0000049823,-0.0000142212,4
2011-05-04 23:00:00,Lower,1359,1359,159.0747120565,-31.3616996446,-6.6967954636,Vz,Surface,m s$^{-1}$,-0.3813495383,0.0000199927,-0.0000696761,-0.0000896688,4
2011-05-05 00:00:00,Lower,1359,1359,159.0747120565,-31.3616996446,-6.6967954636,Vz,Surface,m s$^{-1}$,-0.3506207504,0.0000235137,-0.0000679738,-0.0000914875,4
2011-05-05 01:00:00,Lower,1359,1359,159.0747120565,-31.3616996446,-6.6967954636,Vz,Surface,m s$^{-1}$,-0.3494544713,0.0000212010,-0.0000612548,-0.0000824559,4
2011-05-05 02:00:00,Lower,1359,1359,159.0747120565,-31.3616996446,-6.6967954636,Vz,Surface,m s$^{-1}$,-0.3865720090,0.0000158136,-0.0000542976,-0.0000701112,4
2011-05-05 03:00:00,Lower,1359,1359,159.0747120565,-31.3616996446,-6.6967954636,Vz,Surface,m s$^{-1}$,-0.4426864801,0.0000165137,-0.0000364430,-0.0000529567,4
2011-05-05 04:00:00,Lower,1359,1359,159.0747120565,-31.3616996446,-6.6967954636,Vz,Surface,m s$^{-1}$,-0.5183772181,0.0000179201,0.0000195826,0.0000016626,4
2011-05-05 05:00:00,Lower,1359,1359,159.0747120565,-31.3616996446,-6.6967954636,Vz,Surface,m s$^{-1}$,-0.5757493468,0.0000458446,0.0001010875,0.0000552429,4
2011-05-05 06:00:00,Lower,1359,1359,159.0747120565,-31.3616996446,-6.6967954636,Vz,Surface,m s$^{-1}$,-0.6238874607,0.0000393651,0.0001467339,0.0001073687,4
2011-05-05 07:00:00,Lower,1359,1359,159.0747120565,-31.3616996446,-6.6967954636,Vz,Surface,m s$^{-1}$,-0.6374566439,0.0000487392,0.0002765350,0.0002277959,4
2011-05-05 08:00:00,Lower,1359,1359,159.0747120565,-31.3616996446,-6.6967954636,Vz,Surface,m s$^{-1}$,-0.6263275480,0.0000320511,0.0001775341,0.0001454830,4
2011-05-05 09:00:00,Lower,1359,1359,159.0747120565,-31.3616996446,-6.6967954636,Vz,Surface,m s$^{-1}$,-0.5795879173,0.0000209452,0.0002188983,0.0001979531,4
2011-05-05 10:00:00,Lower,1359,1359,159.0747120565,-31.3616996446,-6.6967954636,Vz,Surface,m s$^{-1}$,-0.5011379750,0.0000214886,0.0002213594,0.0001998708,4
2011-05-05 11:00:00,Lower,1359,1359,159.0747120565,-31.3616996446,-6.6967954636,Vz,Surface,m s$^{-1}$,-0.4217284591,0.0000135372,0.0000762194,0.0000626822,4
2011-05-05 12:00:00,Lower,1359,1359,159.0747120565,-31.3616996446,-6.6967954636,Vz,Surface,m s$^{-1}$,-0.3614637794,0.0000124236,-0.0000399924,-0.0000524160,4
2011-05-05 13:00:00,Lower,1359,1359,159.0747120565,-31.3616996446,-6.6967954636,Vz,Surface,m s$^{-1}$,-0.3309487161,0.0000172706,-0.0000954440,-0.0001127146,4
2011-05-05 14:00:00,Lower,1359,1359,159.0747120565,-31.3616996446,-6.6967954636,Vz,Surface,m s$^{-1}$,-0.3299398503,0.0000190531,-0.0000815637,-0.0001006168,4
2011-05-05 15:00:00,Lower,1359,1359,159.0747120565,-31.3616996446,-6.6967954636,Vz,Surface,m s$^{-1}$,-0.3767561669,0.0000089661,-0.0000776557,-0.0000866217,4
2011-05-05 16:00:00,Lower,1359,1359,159.0747120565,-31.3616996446,-6.6967954636,Vz,Surface,m s$^{-1}$,-0.4424455284,0.0000148316,-0.0000304211,-0.0000452526,4
2011-05-05 17:00:00,Lower,1359,1359,159.0747120565,-31.3616996446,-6.6967954636,Vz,Surface,m s$^{-1}$,-0.4992102709,0.0000308816,0.0000336602,0.0000027786,4
2011-05-05 18:00:00,Lower,1359,1359,159.0747120565,-31.3616996446,-6.6967954636,Vz,Surface,m s$^{-1}$,-0.5468421696,0.0000385089,0.0001288965,0.0000903876,4
2011-05-05 19:00:00,Lower,1359,1359,159.0747120565,-31.3616996446,-6.6967954636,Vz,Surface,m s$^{-1}$,-0.5764564158,0.0000438668,0.0002198238,0.0001759570,4
2011-05-05 20:00:00,Lower,1359,1359,159.0747120565,-31.3616996446,-6.6967954636,Vz,Surface,m s$^{-1}$,-0.5741549860,0.0000400884,0.0001115568,0.0000714685,4
2011-05-05 21:00:00,Lower,1359,1359,159.0747120565,-31.3616996446,-6.6967954636,Vz,Surface,m s$^{-1}$,-0.5388659924,0.0000225271,0.0001987415,0.0001762143,4
2011-05-05 22:00:00,Lower,1359,1359,159.0747120565,-31.3616996446,-6.6967954636,Vz,Surface,m s$^{-1}$,-0.4708918206,0.0000183421,0.0001807214,0.0001623793,4
2011-05-05 23:00:00,Lower,1359,1359,159.0747120565,-31.3616996446,-6.6967954636,Vz,Surface,m s$^{-1}$,-0.4112539820,0.0000174236,-0.0000231301,-0.0000405538,4
2011-05-06 00:00:00,Lower,1359,1359,159.0747120565,-31.3616996446,-6.6967954636,Vz,Surface,m s$^{-1}$,-0.3516418812,0.0000226428,-0.0000381295,-0.0000607723,4
2011-05-06 01:00:00,Lower,1359,1359,159.0747120565,-31.3616996446,-6.6967954636,Vz,Surface,m s$^{-1}$,-0.3206922465,0.0000250490,-0.0000656441,-0.0000906931,4
2011-05-06 02:00:00,Lower,1359,1359,159.0747120565,-31.3616996446,-6.6967954636,Vz,Surface,m s$^{-1}$,-0.3293086902,0.0000202873,-0.0000666205,-0.0000869079,4
2011-05-06 03:00:00,Lower,1359,1359,159.0747120565,-31.3616996446,-6.6967954636,Vz,Surface,m s$^{-1}$,-0.3851494413,0.0000104982,-0.0000448925,-0.0000553908,4
2011-05-06 04:00:00,Lower,1359,1359,159.0747120565,-31.3616996446,-6.6967954636,Vz,Surface,m s$^{-1}$,-0.4511883124,0.0000234417,-0.0000078129,-0.0000312547,4
2011-05-06 05:00:00,Lower,1359,1359,159.0747120565,-31.3616996446,-6.6967954636,Vz,Surface,m s$^{-1}$,-0.5386012852,0.0000253997,0.0000007966,-0.0000246031,4
2011-05-06 06:00:00,Lower,1359,1359,159.0747120565,-31.3616996446,-6.6967954636,Vz,Surface,m s$^{-1}$,-0.6063197257,0.0000562030,0.0000564350,0.0000002321,4
2011-05-06 07:00:00,Lower,1359,1359,159.0747120565,-31.3616996446,-6.6967954636,Vz,Surface,m s$^{-1}$,-0.6434895982,0.0000516144,0.0002016339,0.0001500195,4
2011-05-06 08:00:00,Lower,1359,1359,159.0747120565,-31.3616996446,-6.6967954636,Vz,Surface,m s$^{-1}$,-0.6585361500,0.0000471054,0.0002395866,0.0001924812,4
2011-05-06 09:00:00,Lower,1359,1359,159.0747120565,-31.3616996446,-6.6967954636,Vz,Surface,m s$^{-1}$,-0.6276371236,0.0000294412,0.0001988399,0.0001693987,4
2011-05-06 10:00:00,Lower,1359,1359,159.0747120565,-31.3616996446,-6.6967954636,Vz,Surface,m s$^{-1}$,-0.5507815363,0.0000247492,0.0001951351,0.0001703859,4
2011-05-06 11:00:00,Lower,1359,1359,159.0747120565,-31.3616996446,-6.6967954636,Vz,Surface,m s$^{-1}$,-0.4715240080,0.0000143530,0.0002288607,0.0002145078,4
2011-05-06 12:00:00,Lower,1359,1359,159.0747120565,-31.3616996446,-6.6967954636,Vz,Surface,m s$^{-1}$,-0.3817088800,0.0000026975,0.0000454908,0.0000427933,4
2011-05-06 13:00:00,Lower,1359,1359,159.0747120565,-31.3616996446,-6.6967954636,Vz,Surface,m s$^{-1}$,-0.3212869563,0.0000076130,-0.0000121020,-0.0000197151,4
2011-05-06 14:00:00,Lower,1359,1359,159.0747120565,-31.3616996446,-6.6967954636,Vz,Surface,m s$^{-1}$,-0.3009318433,0.0000121499,-0.0000994704,-0.0001116203,4
2011-05-06 15:00:00,Lower,1359,1359,159.0747120565,-31.3616996446,-6.6967954636,Vz,Surface,m s$^{-1}$,-0.3191876277,0.0000136521,-0.0000938039,-0.0001074560,4
2011-05-06 16:00:00,Lower,1359,1359,159.0747120565,-31.3616996446,-6.6967954636,Vz,Surface,m s$^{-1}$,-0.3751490069,-0.0000010241,-0.0000568399,-0.0000558158,4
2011-05-06 17:00:00,Lower,1359,1359,159.0747120565,-31.3616996446,-6.6967954636,Vz,Surface,m s$^{-1}$,-0.4414300722,0.0000193210,-0.0000047774,-0.0000240984,4
2011-05-06 18:00:00,Lower,1359,1359,159.0747120565,-31.3616996446,-6.6967954636,Vz,Surface,m s$^{-1}$,-0.4986098138,0.0000323884,0.0000420005,0.0000096122,4
2011-05-06 19:00:00,Lower,1359,1359,159.0747120565,-31.3616996446,-6.6967954636,Vz,Surface,m s$^{-1}$,-0.5561633863,0.0000365093,0.0001113050,0.0000747957,4
2011-05-06 20:00:00,Lower,1359,1359,159.0747120565,-31.3616996446,-6.6967954636,Vz,Surface,m s$^{-1}$,-0.5856174861,0.0000505091,0.0002215112,0.0001710020,4
2011-05-06 21:00:00,Lower,1359,1359,159.0747120565,-31.3616996446,-6.6967954636,Vz,Surface,m s$^{-1}$,-0.5749191620,0.0000412182,0.0001036803,0.0000624621,4
2011-05-06 22:00:00,Lower,1359,1359,159.0747120565,-31.3616996446,-6.6967954636,Vz,Surface,m s$^{-1}$,-0.5199720153,0.0000164098,0.0001885275,0.0001721177,4
2011-05-06 23:00:00,Lower,1359,1359,159.0747120565,-31.3616996446,-6.6967954636,Vz,Surface,m s$^{-1}$,-0.4511678957,0.0000240821,0.0000941862,0.0000701040,4
2011-05-07 00:00:00,Lower,1359,1359,159.0747120565,-31.3616996446,-6.6967954636,Vz,Surface,m s$^{-1}$,-0.3719360263,0.0000177536,-0.0000048075,-0.0000225611,4
2011-05-01 01:00:00,Lower,1359,1359,159.0747120565,-31.3616996446,-6.6967954636,Water level,2D,m,,-0.0147047043,-0.0128630950,0.0018416093,4
2011-05-01 02:00:00,Lower,1359,1359,159.0747120565,-31.3616996446,-6.6967954636,Water level,2D,m,,-0.0708718300,-0.0667234462,0.0041483838,4
2011-05-01 03:00:00,Lower,1359,1359,159.0747120565,-31.3616996446,-6.6967954636,Water level,2D,m,,-0.0972084999,-0.0987172407,-0.0015087408,4
2011-05-01 04:00:00,Lower,1359,1359,159.0747120565,-31.3616996446,-6.6967954636,Water level,2D,m,,-0.1096329689,-0.0879764509,0.0216565180,4
2011-05-01 05:00:00,Lower,1359,1359,159.0747120565,-31.3616996446,-6.6967954636,Water level,2D,m,,-0.0883188248,-0.0816602204,0.0066586044,4
2011-05-01 06:00:00,Lower,1359,1359,159.0747120565,-31.3616996446,-6.6967954636,Water level,2D,m,,-0.0289258957,-0.0297812387,-0.0008553430,4
2011-05-01 07:00:00,Lower,1359,1359,159.0747120565,-31.3616996446,-6.6967954636,Water level,2D,m,,0.0308022499,0.0274381930,-0.0033640569,4
2011-05-01 08:00:00,Lower,1359,1359,159.0747120565,-31.3616996446,-6.6967954636,Water level,2D,m,,0.0906629562,0.0864797602,-0.0041831960,4
2011-05-01 09:00:00,Lower,1359,1359,159.0747120565,-31.3616996446,-6.6967954636,Water level,2D,m,,0.1305623055,0.1275920878,-0.0029702177,4
2011-05-01 10:00:00,Lower,1359,1359,159.0747120565,-31.3616996446,-6.6967954636,Water level,2D,m,,0.1406083107,0.1399527715,-0.0006555392,4
2011-05-01 11:00:00,Lower,1359,1359,159.0747120565,-31.3616996446,-6.6967954636,Water level,2D,m,,0.1306805611,0.1323497650,0.0016692039,4
2011-05-01 12:00:00,Lower,1359,1359,159.0747120565,-31.3616996446,-6.6967954636,Water level,2D,m,,0.0808386803,0.0899742186,0.0091355384,4
2011-05-01 13:00:00,Lower,1359,1359,159.0747120565,-31.3616996446,-6.6967954636,Water level,2D,m,,0.0208940506,0.0387488550,0.0178548044,4
2011-05-01 14:00:00,Lower,1359,1359,159.0747120565,-31.3616996446,-6.6967954636,Water level,2D,m,,-0.0291004181,-0.0046901640,0.0244102540,4
2011-05-01 15:00:00,Lower,1359,1359,159.0747120565,-31.3616996446,-6.6967954636,Water level,2D,m,,-0.0689587593,-0.0423349033,0.0266238560,4
2011-05-01 16:00:00,Lower,1359,1359,159.0747120565,-31.3616996446,-6.6967954636,Water level,2D,m,,-0.0791397095,-0.0618608978,0.0172788116,4
2011-05-01 17:00:00,Lower,1359,1359,159.0747120565,-31.3616996446,-6.6967954636,Water level,2D,m,,-0.0690870285,-0.0635590831,0.0055279454,4
2011-05-01 18:00:00,Lower,1359,1359,159.0747120565,-31.3616996446,-6.6967954636,Water level,2D,m,,-0.0194015503,-0.0193458269,0.0000557234,4
2011-05-01 19:00:00,Lower,1359,1359,159.0747120565,-31.3616996446,-6.6967954636,Water level,2D,m,,0.0409355164,0.0374784707,-0.0034570456,4
2011-05-01 20:00:00,Lower,1359,1359,159.0747120565,-31.3616996446,-6.6967954636,Water level,2D,m,,0.1005563736,0.0967341226,-0.0038222510,4
2011-05-01 21:00:00,Lower,1359,1359,159.0747120565,-31.3616996446,-6.6967954636,Water level,2D,m,,0.1507377625,0.1471719614,-0.0035658010,4
2011-05-01 22:00:00,Lower,1359,1359,159.0747120565,-31.3616996446,-6.6967954636,Water level,2D,m,,0.1703734398,0.1692549371,-0.0011185027,4
2011-05-01 23:00:00,Lower,1359,1359,159.0747120565,-31.3616996446,-6.6967954636,Water level,2D,m,,0.1503853798,0.1530279618,0.0026425820,4
2011-05-02 00:00:00,Lower,1359,1359,159.0747120565,-31.3616996446,-6.6967954636,Water level,2D,m,,0.1005349159,0.1106791772,0.0101442613,4
2011-05-02 01:00:00,Lower,1359,1359,159.0747120565,-31.3616996446,-6.6967954636,Water level,2D,m,,0.0311203003,0.0496640187,0.0185437184,4
2011-05-02 02:00:00,Lower,1359,1359,159.0747120565,-31.3616996446,-6.6967954636,Water level,2D,m,,-0.0290679932,-0.0032457892,0.0258222040,4
2011-05-02 03:00:00,Lower,1359,1359,159.0747120565,-31.3616996446,-6.6967954636,Water level,2D,m,,-0.0790429115,-0.0494704626,0.0295724490,4
2011-05-02 04:00:00,Lower,1359,1359,159.0747120565,-31.3616996446,-6.6967954636,Water level,2D,m,,-0.1093664169,-0.0813242580,0.0280421590,4
2011-05-02 05:00:00,Lower,1359,1359,159.0747120565,-31.3616996446,-6.6967954636,Water level,2D,m,,-0.1091685295,-0.0970002662,0.0121682633,4
2011-05-02 06:00:00,Lower,1359,1359,159.0747120565,-31.3616996446,-6.6967954636,Water level,2D,m,,-0.0792541504,-0.0768494077,0.0024047427,4
2011-05-02 07:00:00,Lower,1359,1359,159.0747120565,-31.3616996446,-6.6967954636,Water level,2D,m,,-0.0192465782,-0.0210807069,-0.0018341287,4
2011-05-02 08:00:00,Lower,1359,1359,159.0747120565,-31.3616996446,-6.6967954636,Water level,2D,m,,0.0503821373,0.0464578997,-0.0039242376,4
2011-05-02 09:00:00,Lower,1359,1359,159.0747120565,-31.3616996446,-6.6967954636,Water level,2D,m,,0.1104326248,0.1065562391,-0.0038763858,4
2011-05-02 10:00:00,Lower,1359,1359,159.0747120565,-31.3616996446,-6.6967954636,Water level,2D,m,,0.1505866051,0.1474366286,-0.0031499764,4
2011-05-02 11:00:00,Lower,1359,1359,159.0747120565,-31.3616996446,-6.6967954636,Water level,2D,m,,0.1604051590,0.1598581226,-0.0005470364,4
2011-05-02 12:00:00,Lower,1359,1359,159.0747120565,-31.3616996446,-6.6967954636,Water level,2D,m,,0.1403307915,0.1434296699,0.0030988784,4
2011-05-02 13:00:00,Lower,1359,1359,159.0747120565,-31.3616996446,-6.6967954636,Water level,2D,m,,0.0906786919,0.1005208226,0.0098421308,4
2011-05-02 14:00:00,Lower,1359,1359,159.0747120565,-31.3616996446,-6.6967954636,Water level,2D,m,,0.0306334496,0.0483684077,0.0177349581,4
2011-05-02 15:00:00,Lower,1359,1359,159.0747120565,-31.3616996446,-6.6967954636,Water level,2D,m,,-0.0193767548,0.0045501321,0.0239268868,4
2011-05-02 16:00:00,Lower,1359,1359,159.0747120565,-31.3616996446,-6.6967954636,Water level,2D,m,,-0.0492339134,-0.0250598799,0.0241740335,4
2011-05-02 17:00:00,Lower,1359,1359,159.0747120565,-31.3616996446,-6.6967954636,Water level,2D,m,,-0.0692811012,-0.0516862226,0.0175948786,4
2011-05-02 18:00:00,Lower,1359,1359,159.0747120565,-31.3616996446,-6.6967954636,Water level,2D,m,,-0.0493712425,-0.0444843200,0.0048869225,4
2011-05-02 19:00:00,Lower,1359,1359,159.0747120565,-31.3616996446,-6.6967954636,Water level,2D,m,,0.0006170273,0.0003408333,-0.0002761940,4
2011-05-02 20:00:00,Lower,1359,1359,159.0747120565,-31.3616996446,-6.6967954636,Water level,2D,m,,0.0605201721,0.0574285673,-0.0030916048,4
2011-05-02 21:00:00,Lower,1359,1359,159.0747120565,-31.3616996446,-6.6967954636,Water level,2D,m,,0.1207180023,0.1168924884,-0.0038255139,4
2011-05-02 22:00:00,Lower,1359,1359,159.0747120565,-31.3616996446,-6.6967954636,Water level,2D,m,,0.1603126526,0.1578500803,-0.0024625723,4
2011-05-02 23:00:00,Lower,1359,1359,159.0747120565,-31.3616996446,-6.6967954636,Water level,2D,m,,0.1703062057,0.1703465768,0.0000403711,4
2011-05-03 00:00:00,Lower,1359,1359,159.0747120565,-31.3616996446,-6.6967954636,Water level,2D,m,,0.1402406693,0.1448679171,0.0046272479,4
2011-05-03 01:00:00,Lower,1359,1359,159.0747120565,-31.3616996446,-6.6967954636,Water level,2D,m,,0.0906414986,0.1021265140,0.0114850154,4
2011-05-03 02:00:00,Lower,1359,1359,159.0747120565,-31.3616996446,-6.6967954636,Water level,2D,m,,0.0206279755,0.0409121581,0.0202841826,4
2011-05-03 03:00:00,Lower,1359,1359,159.0747120565,-31.3616996446,-6.6967954636,Water level,2D,m,,-0.0390954018,-0.0126161166,0.0264792851,4
2011-05-03 04:00:00,Lower,1359,1359,159.0747120565,-31.3616996446,-6.6967954636,Water level,2D,m,,-0.0893306732,-0.0591862297,0.0301444436,4
2011-05-03 05:00:00,Lower,1359,1359,159.0747120565,-31.3616996446,-6.6967954636,Water level,2D,m,,-0.1294336319,-0.0988892042,0.0305444277,4
2011-05-03 06:00:00,Lower,1359,1359,159.0747120565,-31.3616996446,-6.6967954636,Water level,2D,m,,-0.1193280220,-0.1070404214,0.0122876006,4
2011-05-03 07:00:00,Lower,1359,1359,159.0747120565,-31.3616996446,-6.6967954636,Water level,2D,m,,-0.0794205666,-0.0777674392,0.0016531274,4
2011-05-03 08:00:00,Lower,1359,1359,159.0747120565,-31.3616996446,-6.6967954636,Water level,2D,m,,-0.0194597244,-0.0212620877,-0.0018023633,4
2011-05-03 09:00:00,Lower,1359,1359,159.0747120565,-31.3616996446,-6.6967954636,Water level,2D,m,,0.0603899956,0.0561430607,-0.0042469348,4
2011-05-03 10:00:00,Lower,1359,1359,159.0747120565,-31.3616996446,-6.6967954636,Water level,2D,m,,0.1205525398,0.1167445912,-0.0038079486,4
2011-05-03 11:00:00,Lower,1359,1359,159.0747120565,-31.3616996446,-6.6967954636,Water level,2D,m,,0.1602540016,0.1573995876,-0.0028544140,4
2011-05-03 12:00:00,Lower,1359,1359,159.0747120565,-31.3616996446,-6.6967954636,Water level,2D,m,,0.1603231430,0.1602176987,-0.0001054443,4
2011-05-03 13:00:00,Lower,1359,1359,159.0747120565,-31.3616996446,-6.6967954636,Water level,2D,m,,0.1303782463,0.1348542453,0.0044759990,4
2011-05-03 14:00:00,Lower,1359,1359,159.0747120565,-31.3616996446,-6.6967954636,Water level,2D,m,,0.0807881355,0.0915466991,0.0107585635,4
2011-05-03 15:00:00,Lower,1359,1359,159.0747120565,-31.3616996446,-6.6967954636,Water level,2D,m,,0.0207009315,0.0393416578,0.0186407262,4
2011-05-03 16:00:00,Lower,1359,1359,159.0747120565,-31.3616996446,-6.6967954636,Water level,2D,m,,-0.0293021202,-0.0049095552,0.0243925650,4
2011-05-03 17:00:00,Lower,1359,1359,159.0747120565,-31.3616996446,-6.6967954636,Water level,2D,m,,-0.0693717003,-0.0426569283,0.0267147720,4
2011-05-03 18:00:00,Lower,1359,1359,159.0747120565,-31.3616996446,-6.6967954636,Water level,2D,m,,-0.0693559647,-0.0542760763,0.0150798884,4
2011-05-03 19:00:00,Lower,1359,1359,159.0747120565,-31.3616996446,-6.6967954636,Water level,2D,m,,-0.0494027138,-0.0455283188,0.0038743950,4
2011-05-03 20:00:00,Lower,1359,1359,159.0747120565,-31.3616996446,-6.6967954636,Water level,2D,m,,0.0003352165,0.0002116250,-0.0001235915,4
2011-05-03 21:00:00,Lower,1359,1359,159.0747120565,-31.3616996446,-6.6967954636,Water level,2D,m,,0.0707798004,0.0666991517,-0.0040806487,4
2011-05-03 22:00:00,Lower,1359,1359,159.0747120565,-31.3616996446,-6.6967954636,Water level,2D,m,,0.1301255226,0.1268711370,-0.0032543856,4
2011-05-03 23:00:00,Lower,1359,1359,159.0747120565,-31.3616996446,-6.6967954636,Water level,2D,m,,0.1703886986,0.1677175929,-0.0026711057,4
2011-05-04 00:00:00,Lower,1359,1359,159.0747120565,-31.3616996446,-6.6967954636,Water level,2D,m,,0.1702041626,0.1707934051,0.0005892425,4
2011-05-04 01:00:00,Lower,1359,1359,159.0747120565,-31.3616996446,-6.6967954636,Water level,2D,m,,0.1402182579,0.1452158555,0.0049975976,4
2011-05-04 02:00:00,Lower,1359,1359,159.0747120565,-31.3616996446,-6.6967954636,Water level,2D,m,,0.0806760788,0.0932645330,0.0125884542,4
2011-05-04 03:00:00,Lower,1359,1359,159.0747120565,-31.3616996446,-6.6967954636,Water level,2D,m,,0.0008778572,0.0222090985,0.0213312412,4
2011-05-04 04:00:00,Lower,1359,1359,159.0747120565,-31.3616996446,-6.6967954636,Water level,2D,m,,-0.0590524673,-0.0327713011,0.0262811663,4
2011-05-04 05:00:00,Lower,1359,1359,159.0747120565,-31.3616996446,-6.6967954636,Water level,2D,m,,-0.1091966629,-0.0788271985,0.0303694644,4
2011-05-04 06:00:00,Lower,1359,1359,159.0747120565,-31.3616996446,-6.6967954636,Water level,2D,m,,-0.1393427849,-0.1104209481,0.0289218368,4
2011-05-04 07:00:00,Lower,1359,1359,159.0747120565,-31.3616996446,-6.6967954636,Water level,2D,m,,-0.1292819977,-0.1188925976,0.0103894001,4
2011-05-04 08:00:00,Lower,1359,1359,159.0747120565,-31.3616996446,-6.6967954636,Water level,2D,m,,-0.0795354843,-0.0786337144,0.0009017700,4
2011-05-04 09:00:00,Lower,1359,1359,159.0747120565,-31.3616996446,-6.6967954636,Water level,2D,m,,0.0003533363,-0.0025353842,-0.0028887206,4
2011-05-04 10:00:00,Lower,1359,1359,159.0747120565,-31.3616996446,-6.6967954636,Water level,2D,m,,0.0803508759,0.0764364704,-0.0039144055,4
2011-05-04 11:00:00,Lower,1359,1359,159.0747120565,-31.3616996446,-6.6967954636,Water level,2D,m,,0.1406040192,0.1370057753,-0.0035982439,4
2011-05-04 12:00:00,Lower,1359,1359,159.0747120565,-31.3616996446,-6.6967954636,Water level,2D,m,,0.1705465317,0.1680392460,-0.0025072857,4
2011-05-04 13:00:00,Lower,1359,1359,159.0747120565,-31.3616996446,-6.6967954636,Water level,2D,m,,0.1700711250,0.1702428827,0.0001717576,4
2011-05-04 14:00:00,Lower,1359,1359,159.0747120565,-31.3616996446,-6.6967954636,Water level,2D,m,,0.1301016808,0.1357645670,0.0056628863,4
2011-05-04 15:00:00,Lower,1359,1359,159.0747120565,-31.3616996446,-6.6967954636,Water level,2D,m,,0.0702896118,0.0834618318,0.0131722200,4
2011-05-04 16:00:00,Lower,1359,1359,159.0747120565,-31.3616996446,-6.6967954636,Water level,2D,m,,0.0105481148,0.0307153597,0.0201672449,4
2011-05-04 17:00:00,Lower,1359,1359,159.0747120565,-31.3616996446,-6.6967954636,Water level,2D,m,,-0.0391883850,-0.0145025939,0.0246857911,4
2011-05-04 18:00:00,Lower,1359,1359,159.0747120565,-31.3616996446,-6.6967954636,Water level,2D,m,,-0.0791621208,-0.0524934134,0.0266687074,4
2011-05-04 19:00:00,Lower,1359,1359,159.0747120565,-31.3616996446,-6.6967954636,Water level,2D,m,,-0.0893764496,-0.0711175521,0.0182588975,4
2011-05-04 20:00:00,Lower,1359,1359,159.0747120565,-31.3616996446,-6.6967954636,Water level,2D,m,,-0.0595293045,-0.0559745954,0.0035547091,4
2011-05-04 21:00:00,Lower,1359,1359,159.0747120565,-31.3616996446,-6.6967954636,Water level,2D,m,,0.0002222061,-0.0006765723,-0.0008987784,4
2011-05-04 22:00:00,Lower,1359,1359,159.0747120565,-31.3616996446,-6.6967954636,Water level,2D,m,,0.0603713989,0.0572800302,-0.0030913687,4
2011-05-04 23:00:00,Lower,1359,1359,159.0747120565,-31.3616996446,-6.6967954636,Water level,2D,m,,0.1204915047,0.1168094188,-0.0036820859,4
2011-05-05 00:00:00,Lower,1359,1359,159.0747120565,-31.3616996446,-6.6967954636,Water level,2D,m,,0.1504554749,0.1483030244,-0.0021524505,4
2011-05-05 01:00:00,Lower,1359,1359,159.0747120565,-31.3616996446,-6.6967954636,Water level,2D,m,,0.1501922607,0.1508987967,0.0007065360,4
2011-05-05 02:00:00,Lower,1359,1359,159.0747120565,-31.3616996446,-6.6967954636,Water level,2D,m,,0.1106081009,0.1162478811,0.0056397802,4
2011-05-05 03:00:00,Lower,1359,1359,159.0747120565,-31.3616996446,-6.6967954636,Water level,2D,m,,0.0504069328,0.0642201069,0.0138131741,4
2011-05-05 04:00:00,Lower,1359,1359,159.0747120565,-31.3616996446,-6.6967954636,Water level,2D,m,,-0.0294432640,-0.0073111722,0.0221320918,4
2011-05-05 05:00:00,Lower,1359,1359,159.0747120565,-31.3616996446,-6.6967954636,Water level,2D,m,,-0.0891380310,-0.0623606626,0.0267773684,4
2011-05-05 06:00:00,Lower,1359,1359,159.0747120565,-31.3616996446,-6.6967954636,Water level,2D,m,,-0.1392736435,-0.1085012778,0.0307723657,4
2011-05-05 07:00:00,Lower,1359,1359,159.0747120565,-31.3616996446,-6.6967954636,Water level,2D,m,,-0.1494503021,-0.1254629857,0.0239873164,4
2011-05-05 08:00:00,Lower,1359,1359,159.0747120565,-31.3616996446,-6.6967954636,Water level,2D,m,,-0.1291747093,-0.1234803867,0.0056943227,4
2011-05-05 09:00:00,Lower,1359,1359,159.0747120565,-31.3616996446,-6.6967954636,Water level,2D,m,,-0.0798583031,-0.0793175315,0.0005407716,4
2011-05-05 10:00:00,Lower,1359,1359,159.0747120565,-31.3616996446,-6.6967954636,Water level,2D,m,,0.0005259514,-0.0028019013,-0.0033278527,4
2011-05-05 11:00:00,Lower,1359,1359,159.0747120565,-31.3616996446,-6.6967954636,Water level,2D,m,,0.0802168846,0.0763261972,-0.0038906874,4
2011-05-05 12:00:00,Lower,1359,1359,159.0747120565,-31.3616996446,-6.6967954636,Water level,2D,m,,0.1402411461,0.1368312951,-0.0034098510,4
2011-05-05 13:00:00,Lower,1359,1359,159.0747120565,-31.3616996446,-6.6967954636,Water level,2D,m,,0.1702842712,0.1678182966,-0.0024659746,4
2011-05-05 14:00:00,Lower,1359,1359,159.0747120565,-31.3616996446,-6.6967954636,Water level,2D,m,,0.1701850891,0.1699352102,-0.0002498789,4
2011-05-05 15:00:00,Lower,1359,1359,159.0747120565,-31.3616996446,-6.6967954636,Water level,2D,m,,0.1199483871,0.1265392790,0.0065908918,4
2011-05-05 16:00:00,Lower,1359,1359,159.0747120565,-31.3616996446,-6.6967954636,Water level,2D,m,,0.0505065918,0.0646023514,0.0140957596,4
2011-05-05 17:00:00,Lower,1359,1359,159.0747120565,-31.3616996446,-6.6967954636,Water level,2D,m,,-0.0093898773,0.0109693354,0.0203592127,4
2011-05-05 18:00:00,Lower,1359,1359,159.0747120565,-31.3616996446,-6.6967954636,Water level,2D,m,,-0.0595650673,-0.0341192719,0.0254457954,4
2011-05-05 19:00:00,Lower,1359,1359,159.0747120565,-31.3616996446,-6.6967954636,Water level,2D,m,,-0.0892825127,-0.0636303189,0.0256521938,4
2011-05-05 20:00:00,Lower,1359,1359,159.0747120565,-31.3616996446,-6.6967954636,Water level,2D,m,,-0.0793924332,-0.0689175388,0.0104748943,4
2011-05-05 21:00:00,Lower,1359,1359,159.0747120565,-31.3616996446,-6.6967954636,Water level,2D,m,,-0.0396080017,-0.0381239831,0.0014840186,4
2011-05-05 22:00:00,Lower,1359,1359,159.0747120565,-31.3616996446,-6.6967954636,Water level,2D,m,,0.0304460526,0.0277703062,-0.0026757464,4
2011-05-05 23:00:00,Lower,1359,1359,159.0747120565,-31.3616996446,-6.6967954636,Water level,2D,m,,0.0905499458,0.0869420901,-0.0036078557,4
2011-05-06 00:00:00,Lower,1359,1359,159.0747120565,-31.3616996446,-6.6967954636,Water level,2D,m,,0.1499719620,0.1467442757,-0.0032276863,4
2011-05-06 01:00:00,Lower,1359,1359,159.0747120565,-31.3616996446,-6.6967954636,Water level,2D,m,,0.1803860664,0.1782294405,-0.0021566259,4
2011-05-06 02:00:00,Lower,1359,1359,159.0747120565,-31.3616996446,-6.6967954636,Water level,2D,m,,0.1700339317,0.1713486879,0.0013147562,4
2011-05-06 03:00:00,Lower,1359,1359,159.0747120565,-31.3616996446,-6.6967954636,Water level,2D,m,,0.1106281281,0.1190729894,0.0084448614,4
2011-05-06 04:00:00,Lower,1359,1359,159.0747120565,-31.3616996446,-6.6967954636,Water level,2D,m,,0.0406532288,0.0569701465,0.0163169178,4
2011-05-06 05:00:00,Lower,1359,1359,159.0747120565,-31.3616996446,-6.6967954636,Water level,2D,m,,-0.0490746498,-0.0281279206,0.0209467292,4
2011-05-06 06:00:00,Lower,1359,1359,159.0747120565,-31.3616996446,-6.6967954636,Water level,2D,m,,-0.1192846298,-0.0933548215,0.0259298083,4
2011-05-06 07:00:00,Lower,1359,1359,159.0747120565,-31.3616996446,-6.6967954636,Water level,2D,m,,-0.1591291428,-0.1278500536,0.0312790891,4
2011-05-06 08:00:00,Lower,1359,1359,159.0747120565,-31.3616996446,-6.6967954636,Water level,2D,m,,-0.1694502831,-0.1476220170,0.0218282661,4
2011-05-06 09:00:00,Lower,1359,1359,159.0747120565,-31.3616996446,-6.6967954636,Water level,2D,m,,-0.1293554306,-0.1259188165,0.0034366141,4
2011-05-06 10:00:00,Lower,1359,1359,159.0747120565,-31.3616996446,-6.6967954636,Water level,2D,m,,-0.0493402481,-0.0522228245,-0.0028825764,4
2011-05-06 11:00:00,Lower,1359,1359,159.0747120565,-31.3616996446,-6.6967954636,Water level,2D,m,,0.0305953026,0.0263566814,-0.0042386211,4
2011-05-06 12:00:00,Lower,1359,1359,159.0747120565,-31.3616996446,-6.6967954636,Water level,2D,m,,0.1206164360,0.1159658041,-0.0046506320,4
2011-05-06 13:00:00,Lower,1359,1359,159.0747120565,-31.3616996446,-6.6967954636,Water level,2D,m,,0.1805891991,0.1768368883,-0.0037523107,4
2011-05-06 14:00:00,Lower,1359,1359,159.0747120565,-31.3616996446,-6.6967954636,Water level,2D,m,,0.1999974251,0.1981388884,-0.0018585367,4
2011-05-06 15:00:00,Lower,1359,1359,159.0747120565,-31.3616996446,-6.6967954636,Water level,2D,m,,0.1803679466,0.1812567979,0.0008888513,4
2011-05-06 16:00:00,Lower,1359,1359,159.0747120565,-31.3616996446,-6.6967954636,Water level,2D,m,,0.1205725670,0.1291294193,0.0085568523,4
2011-05-06 17:00:00,Lower,1359,1359,159.0747120565,-31.3616996446,-6.6967954636,Water level,2D,m,,0.0510334969,0.0661063588,0.0150728619,4
2011-05-06 18:00:00,Lower,1359,1359,159.0747120565,-31.3616996446,-6.6967954636,Water level,2D,m,,-0.0090723038,0.0118526762,0.0209249799,4
2011-05-06 19:00:00,Lower,1359,1359,159.0747120565,-31.3616996446,-6.6967954636,Water level,2D,m,,-0.0694046021,-0.0429221706,0.0264824314,4
2011-05-06 20:00:00,Lower,1359,1359,159.0747120565,-31.3616996446,-6.6967954636,Water level,2D,m,,-0.0994310379,-0.0718039342,0.0276271037,4
2011-05-06 21:00:00,Lower,1359,1359,159.0747120565,-31.3616996446,-6.6967954636,Water level,2D,m,,-0.0792865753,-0.0705517488,0.0087348266,4
2011-05-06 22:00:00,Lower,1359,1359,159.0747120565,-31.3616996446,-6.6967954636,Water level,2D,m,,-0.0197772980,-0.0201667326,-0.0003894346,4
2011-05-06 23:00:00,Lower,1359,1359,159.0747120565,-31.3616996446,-6.6967954636,Water level,2D,m,,0.0504884720,0.0471757366,-0.0033127354,4
2011-05-07 00:00:00,Lower,1359,1359,159.0747120565,-31.3616996446,-6.6967954636,Water level,2D,m,,0.1302742958,0.1258536517,-0.0044206442,4
