time_aest,location,element_id,tuflow_cell_number,x,y,bed_elevation_m,variable,level,unit,target_z_m,tuflow,schism,schism_minus_tuflow,schism_valid_nodes
2011-05-01 01:00:00,Middle,681,681,159.0961703993,-31.3928805341,-4.7865343094,Salinity,Mid-depth,psu,-2.3803040936,10.0000660108,10.0000000000,-0.0000660108,2
2011-05-01 02:00:00,Middle,681,681,159.0961703993,-31.3928805341,-4.7865343094,Salinity,Mid-depth,psu,-2.4274976797,10.0001662162,10.0000000000,-0.0001662162,2
2011-05-01 03:00:00,Middle,681,681,159.0961703993,-31.3928805341,-4.7865343094,Salinity,Mid-depth,psu,-2.4350228432,10.0002428398,10.0000000000,-0.0002428398,2
2011-05-01 04:00:00,Middle,681,681,159.0961703993,-31.3928805341,-4.7865343094,Salinity,Mid-depth,psu,-2.4450711100,10.0003339118,10.0000000000,-0.0003339118,2
2011-05-01 05:00:00,Middle,681,681,159.0961703993,-31.3928805341,-4.7865343094,Salinity,Mid-depth,psu,-2.4280286904,10.0004167384,10.0000000000,-0.0004167384,2
2011-05-01 06:00:00,Middle,681,681,159.0961703993,-31.3928805341,-4.7865343094,Salinity,Mid-depth,psu,-2.3999960723,10.0005145291,10.0000000000,-0.0005145291,2
2011-05-01 07:00:00,Middle,681,681,159.0961703993,-31.3928805341,-4.7865343094,Salinity,Mid-depth,psu,-2.3683944291,11.8988566149,10.0000000000,-1.8988566149,2
2011-05-01 08:00:00,Middle,681,681,159.0961703993,-31.3928805341,-4.7865343094,Salinity,Mid-depth,psu,-2.3390372706,13.2036803670,10.0000000000,-3.2036803670,2
2011-05-01 09:00:00,Middle,681,681,159.0961703993,-31.3928805341,-4.7865343094,Salinity,Mid-depth,psu,-2.3170496608,15.6387279711,10.0000000000,-5.6387279711,2
2011-05-01 10:00:00,Middle,681,681,159.0961703993,-31.3928805341,-4.7865343094,Salinity,Mid-depth,psu,-2.3105278965,16.7451345488,10.0000000000,-6.7451345488,2
2011-05-01 11:00:00,Middle,681,681,159.0961703993,-31.3928805341,-4.7865343094,Salinity,Mid-depth,psu,-2.3146258210,17.3659440996,10.0000000000,-7.3659440996,2
2011-05-01 12:00:00,Middle,681,681,159.0961703993,-31.3928805341,-4.7865343094,Salinity,Mid-depth,psu,-2.3355834558,17.3385012923,10.0000000000,-7.3385012923,2
2011-05-01 13:00:00,Middle,681,681,159.0961703993,-31.3928805341,-4.7865343094,Salinity,Mid-depth,psu,-2.3659510460,16.8926307874,10.0000000000,-6.8926307874,2
2011-05-01 14:00:00,Middle,681,681,159.0961703993,-31.3928805341,-4.7865343094,Salinity,Mid-depth,psu,-2.3913856053,17.0496354626,10.0000000000,-7.0496354626,2
2011-05-01 15:00:00,Middle,681,681,159.0961703993,-31.3928805341,-4.7865343094,Salinity,Mid-depth,psu,-2.4121964368,17.1643170166,10.0000000000,-7.1643170166,2
2011-05-01 16:00:00,Middle,681,681,159.0961703993,-31.3928805341,-4.7865343094,Salinity,Mid-depth,psu,-2.4202019536,17.7738201570,10.0000000000,-7.7738201570,2
2011-05-01 17:00:00,Middle,681,681,159.0961703993,-31.3928805341,-4.7865343094,Salinity,Mid-depth,psu,-2.4150893115,18.8062614249,10.0000000000,-8.8062614249,2
2011-05-01 18:00:00,Middle,681,681,159.0961703993,-31.3928805341,-4.7865343094,Salinity,Mid-depth,psu,-2.3936609788,19.8887343423,10.0000000000,-9.8887343423,2
2011-05-01 19:00:00,Middle,681,681,159.0961703993,-31.3928805341,-4.7865343094,Salinity,Mid-depth,psu,-2.3618224695,21.2740683705,10.0000000000,-11.2740683705,2
2011-05-01 20:00:00,Middle,681,681,159.0961703993,-31.3928805341,-4.7865343094,Salinity,Mid-depth,psu,-2.3339131926,21.9946086827,10.0000000000,-11.9946086827,2
2011-05-01 21:00:00,Middle,681,681,159.0961703993,-31.3928805341,-4.7865343094,Salinity,Mid-depth,psu,-2.3075845697,22.7606363924,10.0000000000,-12.7606363924,2
2011-05-01 22:00:00,Middle,681,681,159.0961703993,-31.3928805341,-4.7865343094,Salinity,Mid-depth,psu,-2.2961136453,22.9847176432,10.0000000000,-12.9847176432,2
2011-05-01 23:00:00,Middle,681,681,159.0961703993,-31.3928805341,-4.7865343094,Salinity,Mid-depth,psu,-2.3035111133,22.7864387419,10.0000000000,-12.7864387419,2
2011-05-02 00:00:00,Middle,681,681,159.0961703993,-31.3928805341,-4.7865343094,Salinity,Mid-depth,psu,-2.3268381856,22.2346124226,10.0000000000,-12.2346124226,2
2011-05-02 01:00:00,Middle,681,681,159.0961703993,-31.3928805341,-4.7865343094,Salinity,Mid-depth,psu,-2.3594867730,21.6082123829,10.0000000000,-11.6082123829,2
2011-05-02 02:00:00,Middle,681,681,159.0961703993,-31.3928805341,-4.7865343094,Salinity,Mid-depth,psu,-2.3914603657,21.1520169923,10.0000000000,-11.1520169923,2
2011-05-02 03:00:00,Middle,681,681,159.0961703993,-31.3928805341,-4.7865343094,Salinity,Mid-depth,psu,-2.4165592763,21.0023539119,10.0000000000,-11.0023539119,2
2011-05-02 04:00:00,Middle,681,681,159.0961703993,-31.3928805341,-4.7865343094,Salinity,Mid-depth,psu,-2.4341853055,20.9004025951,10.0000000000,-10.9004025951,2
2011-05-02 05:00:00,Middle,681,681,159.0961703993,-31.3928805341,-4.7865343094,Salinity,Mid-depth,psu,-2.4361612121,21.4687277218,10.0000000000,-11.4687277218,2
2011-05-02 06:00:00,Middle,681,681,159.0961703993,-31.3928805341,-4.7865343094,Salinity,Mid-depth,psu,-2.4225334733,22.2503765527,10.0000000000,-12.2503765527,2
2011-05-02 07:00:00,Middle,681,681,159.0961703993,-31.3928805341,-4.7865343094,Salinity,Mid-depth,psu,-2.3940674699,23.2058262188,10.0000000000,-13.2058262188,2
2011-05-02 08:00:00,Middle,681,681,159.0961703993,-31.3928805341,-4.7865343094,Salinity,Mid-depth,psu,-2.3593976426,24.1446460957,10.0000000000,-14.1446460957,2
2011-05-02 09:00:00,Middle,681,681,159.0961703993,-31.3928805341,-4.7865343094,Salinity,Mid-depth,psu,-2.3288981979,24.7176373005,10.0000000000,-14.7176373005,2
2011-05-02 10:00:00,Middle,681,681,159.0961703993,-31.3928805341,-4.7865343094,Salinity,Mid-depth,psu,-2.3074753171,24.9474258704,10.0000000000,-14.9474258704,2
2011-05-02 11:00:00,Middle,681,681,159.0961703993,-31.3928805341,-4.7865343094,Salinity,Mid-depth,psu,-2.3005832513,24.9304607579,10.0000000000,-14.9304607579,2
2011-05-02 12:00:00,Middle,681,681,159.0961703993,-31.3928805341,-4.7865343094,Salinity,Mid-depth,psu,-2.3091345274,24.5595777729,10.0000000000,-14.5595777729,2
2011-05-02 13:00:00,Middle,681,681,159.0961703993,-31.3928805341,-4.7865343094,Salinity,Mid-depth,psu,-2.3314501532,23.9882134881,10.0000000000,-13.9882134881,2
2011-05-02 14:00:00,Middle,681,681,159.0961703993,-31.3928805341,-4.7865343094,Salinity,Mid-depth,psu,-2.3610487993,23.2620969021,10.0000000000,-13.2620969021,2
2011-05-02 15:00:00,Middle,681,681,159.0961703993,-31.3928805341,-4.7865343094,Salinity,Mid-depth,psu,-2.3871389340,22.9365542805,10.0000000000,-12.9365542805,2
2011-05-02 16:00:00,Middle,681,681,159.0961703993,-31.3928805341,-4.7865343094,Salinity,Mid-depth,psu,-2.4039791854,22.8525461289,10.0000000000,-12.8525461289,2
2011-05-02 17:00:00,Middle,681,681,159.0961703993,-31.3928805341,-4.7865343094,Salinity,Mid-depth,psu,-2.4140996270,22.8902840256,10.0000000000,-12.8902840256,2
2011-05-02 18:00:00,Middle,681,681,159.0961703993,-31.3928805341,-4.7865343094,Salinity,Mid-depth,psu,-2.4079850054,23.2563679975,10.0000000000,-13.2563679975,2
2011-05-02 19:00:00,Middle,681,681,159.0961703993,-31.3928805341,-4.7865343094,Salinity,Mid-depth,psu,-2.3826914402,24.2251104449,10.0000000000,-14.2251104449,2
2011-05-02 20:00:00,Middle,681,681,159.0961703993,-31.3928805341,-4.7865343094,Salinity,Mid-depth,psu,-2.3535982492,24.8077667866,10.0000000000,-14.8077667866,2
2011-05-02 21:00:00,Middle,681,681,159.0961703993,-31.3928805341,-4.7865343094,Salinity,Mid-depth,psu,-2.3237152316,25.3042011977,10.0000000000,-15.3042011977,2
2011-05-02 22:00:00,Middle,681,681,159.0961703993,-31.3928805341,-4.7865343094,Salinity,Mid-depth,psu,-2.3022170076,25.4068258925,10.0000000000,-15.4068258925,2
2011-05-02 23:00:00,Middle,681,681,159.0961703993,-31.3928805341,-4.7865343094,Salinity,Mid-depth,psu,-2.2956679757,25.2825366828,10.0000000000,-15.2825366828,2
2011-05-03 00:00:00,Middle,681,681,159.0961703993,-31.3928805341,-4.7865343094,Salinity,Mid-depth,psu,-2.3080655952,24.9080070701,10.0000000000,-14.9080070701,2
2011-05-03 01:00:00,Middle,681,681,159.0961703993,-31.3928805341,-4.7865343094,Salinity,Mid-depth,psu,-2.3324782631,24.2227245369,10.0000000000,-14.2227245369,2
2011-05-03 02:00:00,Middle,681,681,159.0961703993,-31.3928805341,-4.7865343094,Salinity,Mid-depth,psu,-2.3645871879,23.6110539758,9.9999985722,-13.6110554036,2
2011-05-03 03:00:00,Middle,681,681,159.0961703993,-31.3928805341,-4.7865343094,Salinity,Mid-depth,psu,-2.3968719035,22.9868773749,9.9999752696,-12.9869021053,2
2011-05-03 04:00:00,Middle,681,681,159.0961703993,-31.3928805341,-4.7865343094,Salinity,Mid-depth,psu,-2.4217207374,22.7358316861,9.9997835576,-12.7360481285,2
2011-05-03 05:00:00,Middle,681,681,159.0961703993,-31.3928805341,-4.7865343094,Salinity,Mid-depth,psu,-2.4433086865,22.4619693893,9.9988899249,-12.4630794644,2
2011-05-03 06:00:00,Middle,681,681,159.0961703993,-31.3928805341,-4.7865343094,Salinity,Mid-depth,psu,-2.4431258450,22.8914940634,9.9975492941,-12.8939447693,2
2011-05-03 07:00:00,Middle,681,681,159.0961703993,-31.3928805341,-4.7865343094,Salinity,Mid-depth,psu,-2.4224544881,23.8463004958,9.9979305865,-13.8483699093,2
2011-05-03 08:00:00,Middle,681,681,159.0961703993,-31.3928805341,-4.7865343094,Salinity,Mid-depth,psu,-2.3942481887,24.4138507735,9.9985573176,-14.4152934559,2
2011-05-03 09:00:00,Middle,681,681,159.0961703993,-31.3928805341,-4.7865343094,Salinity,Mid-depth,psu,-2.3557700073,25.2101345022,9.9991446446,-15.2109898576,2
2011-05-03 10:00:00,Middle,681,681,159.0961703993,-31.3928805341,-4.7865343094,Salinity,Mid-depth,psu,-2.3232661317,25.7007866051,9.9995000792,-15.7012865259,2
2011-05-03 11:00:00,Middle,681,681,159.0961703993,-31.3928805341,-4.7865343094,Salinity,Mid-depth,psu,-2.3029120487,25.6758163209,9.9996114148,-15.6762049061,2
2011-05-03 12:00:00,Middle,681,681,159.0961703993,-31.3928805341,-4.7865343094,Salinity,Mid-depth,psu,-2.2992830640,25.6603854945,9.9995002025,-15.6608852920,2
2011-05-03 13:00:00,Middle,681,681,159.0961703993,-31.3928805341,-4.7865343094,Salinity,Mid-depth,psu,-2.3138677568,25.1381683143,9.9985666782,-15.1396016362,2
2011-05-03 14:00:00,Middle,681,681,159.0961703993,-31.3928805341,-4.7865343094,Salinity,Mid-depth,psu,-2.3362722260,24.6758374297,9.9941815857,-14.6816558439,2
2011-05-03 15:00:00,Middle,681,681,159.0961703993,-31.3928805341,-4.7865343094,Salinity,Mid-depth,psu,-2.3658506034,24.0265758602,9.9723497382,-14.0542261221,2
2011-05-03 16:00:00,Middle,681,681,159.0961703993,-31.3928805341,-4.7865343094,Salinity,Mid-depth,psu,-2.3918480989,23.5948095455,9.9053134776,-13.6894960679,2
2011-05-03 17:00:00,Middle,681,681,159.0961703993,-31.3928805341,-4.7865343094,Salinity,Mid-depth,psu,-2.4125881121,23.3213768671,9.7945797966,-13.5267970705,2
2011-05-03 18:00:00,Middle,681,681,159.0961703993,-31.3928805341,-4.7865343094,Salinity,Mid-depth,psu,-2.4168442265,23.4597154011,9.6974091763,-13.7623062248,2
2011-05-03 19:00:00,Middle,681,681,159.0961703993,-31.3928805341,-4.7865343094,Salinity,Mid-depth,psu,-2.4056611846,24.0744933483,9.6949495635,-14.3795437848,2
2011-05-03 20:00:00,Middle,681,681,159.0961703993,-31.3928805341,-4.7865343094,Salinity,Mid-depth,psu,-2.3839800460,24.4845645667,9.7338650439,-14.7506995228,2
2011-05-03 21:00:00,Middle,681,681,159.0961703993,-31.3928805341,-4.7865343094,Salinity,Mid-depth,psu,-2.3488763510,25.3462903181,9.7949326239,-15.5513576942,2
2011-05-03 22:00:00,Middle,681,681,159.0961703993,-31.3928805341,-4.7865343094,Salinity,Mid-depth,psu,-2.3188685706,25.7303285104,9.8383168006,-15.8920117098,2
2011-05-03 23:00:00,Middle,681,681,159.0961703993,-31.3928805341,-4.7865343094,Salinity,Mid-depth,psu,-2.2973463470,25.7718484093,9.8508100756,-15.9210383337,2
2011-05-04 00:00:00,Middle,681,681,159.0961703993,-31.3928805341,-4.7865343094,Salinity,Mid-depth,psu,-2.2946908936,25.6327347212,9.8180759409,-15.8146587803,2
2011-05-04 01:00:00,Middle,681,681,159.0961703993,-31.3928805341,-4.7865343094,Salinity,Mid-depth,psu,-2.3087943442,25.1932234434,9.7209823608,-15.4722410825,2
2011-05-04 02:00:00,Middle,681,681,159.0961703993,-31.3928805341,-4.7865343094,Salinity,Mid-depth,psu,-2.3355755628,24.6416408301,9.5431085763,-15.0985322538,2
2011-05-04 03:00:00,Middle,681,681,159.0961703993,-31.3928805341,-4.7865343094,Salinity,Mid-depth,psu,-2.3738112795,23.7904811140,9.1670850040,-14.6233961100,2
2011-05-04 04:00:00,Middle,681,681,159.0961703993,-31.3928805341,-4.7865343094,Salinity,Mid-depth,psu,-2.4065683617,23.2066091387,8.6032039579,-14.6034051808,2
2011-05-04 05:00:00,Middle,681,681,159.0961703993,-31.3928805341,-4.7865343094,Salinity,Mid-depth,psu,-2.4311540556,23.0131194747,8.1194024008,-14.8937170738,2
2011-05-04 06:00:00,Middle,681,681,159.0961703993,-31.3928805341,-4.7865343094,Salinity,Mid-depth,psu,-2.4488664265,22.8632314836,7.7164201289,-15.1468113547,2
2011-05-04 07:00:00,Middle,681,681,159.0961703993,-31.3928805341,-4.7865343094,Salinity,Mid-depth,psu,-2.4464581524,23.2851315311,7.5865445631,-15.6985869679,2
2011-05-04 08:00:00,Middle,681,681,159.0961703993,-31.3928805341,-4.7865343094,Salinity,Mid-depth,psu,-2.4233259929,24.0362395350,7.8373872857,-16.1988522493,2
2011-05-04 09:00:00,Middle,681,681,159.0961703993,-31.3928805341,-4.7865343094,Salinity,Mid-depth,psu,-2.3850792203,24.8369185755,8.2502105146,-16.5867080610,2
2011-05-04 10:00:00,Middle,681,681,159.0961703993,-31.3928805341,-4.7865343094,Salinity,Mid-depth,psu,-2.3442429784,25.5134504815,8.6161247864,-16.8973256950,2
2011-05-04 11:00:00,Middle,681,681,159.0961703993,-31.3928805341,-4.7865343094,Salinity,Mid-depth,psu,-2.3123678933,25.7089400301,8.8414311600,-16.8675088701,2
2011-05-04 12:00:00,Middle,681,681,159.0961703993,-31.3928805341,-4.7865343094,Salinity,Mid-depth,psu,-2.2952224020,25.7114997488,8.9530396625,-16.7584600864,2
2011-05-04 13:00:00,Middle,681,681,159.0961703993,-31.3928805341,-4.7865343094,Salinity,Mid-depth,psu,-2.2956937272,25.5581878371,8.9496325676,-16.6085552695,2
2011-05-04 14:00:00,Middle,681,681,159.0961703993,-31.3928805341,-4.7865343094,Salinity,Mid-depth,psu,-2.3120317103,25.2492449772,8.6966601140,-16.5525848632,2
2011-05-04 15:00:00,Middle,681,681,159.0961703993,-31.3928805341,-4.7865343094,Salinity,Mid-depth,psu,-2.3417352803,24.5833786207,8.1436533503,-16.4397252705,2
2011-05-04 16:00:00,Middle,681,681,159.0961703993,-31.3928805341,-4.7865343094,Salinity,Mid-depth,psu,-2.3712154545,24.1500790264,7.4805629127,-16.6695161137,2
2011-05-04 17:00:00,Middle,681,681,159.0961703993,-31.3928805341,-4.7865343094,Salinity,Mid-depth,psu,-2.3971890628,23.8913168644,6.8783900493,-17.0129268151,2
2011-05-04 18:00:00,Middle,681,681,159.0961703993,-31.3928805341,-4.7865343094,Salinity,Mid-depth,psu,-2.4172856195,23.6489046687,6.4574566717,-17.1914479970,2
2011-05-04 19:00:00,Middle,681,681,159.0961703993,-31.3928805341,-4.7865343094,Salinity,Mid-depth,psu,-2.4254684352,23.5944964063,6.2154271870,-17.3790692193,2
2011-05-04 20:00:00,Middle,681,681,159.0961703993,-31.3928805341,-4.7865343094,Salinity,Mid-depth,psu,-2.4123335708,24.1475361248,6.2976904667,-17.8498456581,2
2011-05-04 21:00:00,Middle,681,681,159.0961703993,-31.3928805341,-4.7865343094,Salinity,Mid-depth,psu,-2.3833516067,24.8407636743,6.6092359248,-18.2315277495,2
2011-05-04 22:00:00,Middle,681,681,159.0961703993,-31.3928805341,-4.7865343094,Salinity,Mid-depth,psu,-2.3524745058,25.3665077792,6.9135860648,-18.4529217144,2
2011-05-04 23:00:00,Middle,681,681,159.0961703993,-31.3928805341,-4.7865343094,Salinity,Mid-depth,psu,-2.3239727035,25.7068502533,7.1699079994,-18.5369422539,2
2011-05-05 00:00:00,Middle,681,681,159.0961703993,-31.3928805341,-4.7865343094,Salinity,Mid-depth,psu,-2.3055570329,25.8698041205,7.3574859716,-18.5123181489,2
2011-05-05 01:00:00,Middle,681,681,159.0961703993,-31.3928805341,-4.7865343094,Salinity,Mid-depth,psu,-2.3052065113,25.6409556057,7.3402747880,-18.3006808177,2
2011-05-05 02:00:00,Middle,681,681,159.0961703993,-31.3928805341,-4.7865343094,Salinity,Mid-depth,psu,-2.3213873838,25.3140055318,7.0838922385,-18.2301132933,2
2011-05-05 03:00:00,Middle,681,681,159.0961703993,-31.3928805341,-4.7865343094,Salinity,Mid-depth,psu,-2.3506797806,24.5624131100,6.6104375771,-17.9519755330,2
2011-05-05 04:00:00,Middle,681,681,159.0961703993,-31.3928805341,-4.7865343094,Salinity,Mid-depth,psu,-2.3872924695,23.8556734315,5.9747435193,-17.8809299122,2
2011-05-05 05:00:00,Middle,681,681,159.0961703993,-31.3928805341,-4.7865343094,Salinity,Mid-depth,psu,-2.4211258718,23.1295660648,5.2955446149,-17.8340214498,2
2011-05-05 06:00:00,Middle,681,681,159.0961703993,-31.3928805341,-4.7865343094,Salinity,Mid-depth,psu,-2.4449601184,22.9695589824,4.7784460886,-18.1911128939,2
2011-05-05 07:00:00,Middle,681,681,159.0961703993,-31.3928805341,-4.7865343094,Salinity,Mid-depth,psu,-2.4555258881,23.0300337112,4.4630322537,-18.5670014575,2
2011-05-05 08:00:00,Middle,681,681,159.0961703993,-31.3928805341,-4.7865343094,Salinity,Mid-depth,psu,-2.4448717422,23.7033126216,4.4999150494,-19.2033975722,2
2011-05-05 09:00:00,Middle,681,681,159.0961703993,-31.3928805341,-4.7865343094,Salinity,Mid-depth,psu,-2.4227479998,24.1424057736,4.7329196660,-19.4094861076,2
2011-05-05 10:00:00,Middle,681,681,159.0961703993,-31.3928805341,-4.7865343094,Salinity,Mid-depth,psu,-2.3842428763,24.9786939908,5.0538272162,-19.9248667746,2
2011-05-05 11:00:00,Middle,681,681,159.0961703993,-31.3928805341,-4.7865343094,Salinity,Mid-depth,psu,-2.3442082064,25.6446817565,5.3810239869,-20.2636577696,2
2011-05-05 12:00:00,Middle,681,681,159.0961703993,-31.3928805341,-4.7865343094,Salinity,Mid-depth,psu,-2.3128924931,25.8896335483,5.6803944383,-20.2092391100,2
2011-05-05 13:00:00,Middle,681,681,159.0961703993,-31.3928805341,-4.7865343094,Salinity,Mid-depth,psu,-2.2958406616,25.9586864293,5.8851981594,-20.0734882699,2
2011-05-05 14:00:00,Middle,681,681,159.0961703993,-31.3928805341,-4.7865343094,Salinity,Mid-depth,psu,-2.2944294043,25.8039473848,5.9066442907,-19.8973030941,2
2011-05-05 15:00:00,Middle,681,681,159.0961703993,-31.3928805341,-4.7865343094,Salinity,Mid-depth,psu,-2.3148069919,25.3461751762,5.6436891944,-19.7024859818,2
2011-05-05 16:00:00,Middle,681,681,159.0961703993,-31.3928805341,-4.7865343094,Salinity,Mid-depth,psu,-2.3492141764,24.4587045602,5.1392413174,-19.3194632428,2
2011-05-05 17:00:00,Middle,681,681,159.0961703993,-31.3928805341,-4.7865343094,Salinity,Mid-depth,psu,-2.3799111097,23.9549368024,4.5931384688,-19.3617983336,2
2011-05-05 18:00:00,Middle,681,681,159.0961703993,-31.3928805341,-4.7865343094,Salinity,Mid-depth,psu,-2.4055691170,23.6236842811,4.1365246381,-19.4871596429,2
2011-05-05 19:00:00,Middle,681,681,159.0961703993,-31.3928805341,-4.7865343094,Salinity,Mid-depth,psu,-2.4224300209,23.4857482115,3.7931804914,-19.6925677201,2
2011-05-05 20:00:00,Middle,681,681,159.0961703993,-31.3928805341,-4.7865343094,Salinity,Mid-depth,psu,-2.4206350292,23.8236534581,3.6774006060,-20.1462528521,2
2011-05-05 21:00:00,Middle,681,681,159.0961703993,-31.3928805341,-4.7865343094,Salinity,Mid-depth,psu,-2.4012430388,24.4408036363,3.8374393637,-20.6033642726,2
2011-05-05 22:00:00,Middle,681,681,159.0961703993,-31.3928805341,-4.7865343094,Salinity,Mid-depth,psu,-2.3685499246,25.0674279494,4.0807063069,-20.9867216425,2
2011-05-05 23:00:00,Middle,681,681,159.0961703993,-31.3928805341,-4.7865343094,Salinity,Mid-depth,psu,-2.3361803267,25.6408731777,4.2981128424,-21.3427603353,2
2011-05-06 00:00:00,Middle,681,681,159.0961703993,-31.3928805341,-4.7865343094,Salinity,Mid-depth,psu,-2.3089331555,25.8136291544,4.4717618527,-21.3418673016,2
2011-05-06 01:00:00,Middle,681,681,159.0961703993,-31.3928805341,-4.7865343094,Salinity,Mid-depth,psu,-2.2896444270,26.0737314617,4.5673378353,-21.5063936264,3
2011-05-06 02:00:00,Middle,681,681,159.0961703993,-31.3928805341,-4.7865343094,Salinity,Mid-depth,psu,-2.2938311883,25.7313523306,4.5401755962,-21.1911767344,3
2011-05-06 03:00:00,Middle,681,681,159.0961703993,-31.3928805341,-4.7865343094,Salinity,Mid-depth,psu,-2.3186401826,25.2012457225,4.3365082789,-20.8647374436,2
2011-05-06 04:00:00,Middle,681,681,159.0961703993,-31.3928805341,-4.7865343094,Salinity,Mid-depth,psu,-2.3544941695,24.3119413610,3.9035620588,-20.4083793022,2
2011-05-06 05:00:00,Middle,681,681,159.0961703993,-31.3928805341,-4.7865343094,Salinity,Mid-depth,psu,-2.3952503445,23.6542224643,3.3899829095,-20.2642395548,2
2011-05-06 06:00:00,Middle,681,681,159.0961703993,-31.3928805341,-4.7865343094,Salinity,Mid-depth,psu,-2.4353006768,22.8638934543,2.8790401341,-19.9848533202,2
2011-05-06 07:00:00,Middle,681,681,159.0961703993,-31.3928805341,-4.7865343094,Salinity,Mid-depth,psu,-2.4560970120,22.8460379437,2.5773093851,-20.2687285586,2
2011-05-06 08:00:00,Middle,681,681,159.0961703993,-31.3928805341,-4.7865343094,Salinity,Mid-depth,psu,-2.4642994408,23.0922704188,2.4455328489,-20.6467375698,2
2011-05-06 09:00:00,Middle,681,681,159.0961703993,-31.3928805341,-4.7865343094,Salinity,Mid-depth,psu,-2.4472302442,23.7296045815,2.4780523875,-21.2515521939,2
2011-05-06 10:00:00,Middle,681,681,159.0961703993,-31.3928805341,-4.7865343094,Salinity,Mid-depth,psu,-2.4088344474,24.6326558829,2.6838129786,-21.9488429043,2
2011-05-06 11:00:00,Middle,681,681,159.0961703993,-31.3928805341,-4.7865343094,Salinity,Mid-depth,psu,-2.3680640141,25.3060955733,2.9250645165,-22.3810310568,2
2011-05-06 12:00:00,Middle,681,681,159.0961703993,-31.3928805341,-4.7865343094,Salinity,Mid-depth,psu,-2.3252681195,25.8105698087,3.1550944899,-22.6554753188,2
2011-05-06 13:00:00,Middle,681,681,159.0961703993,-31.3928805341,-4.7865343094,Salinity,Mid-depth,psu,-2.2909022439,26.3035242017,3.3670823582,-22.9364418435,3
2011-05-06 14:00:00,Middle,681,681,159.0961703993,-31.3928805341,-4.7865343094,Salinity,Mid-depth,psu,-2.2799026228,26.1149650404,3.4636131069,-22.6513519335,3
2011-05-06 15:00:00,Middle,681,681,159.0961703993,-31.3928805341,-4.7865343094,Salinity,Mid-depth,psu,-2.2863366629,25.8501227319,3.4097068882,-22.4404158437,3
2011-05-06 16:00:00,Middle,681,681,159.0961703993,-31.3928805341,-4.7865343094,Salinity,Mid-depth,psu,-2.3137308911,25.1569327406,3.2026591140,-21.9542736266,2
2011-05-06 17:00:00,Middle,681,681,159.0961703993,-31.3928805341,-4.7865343094,Salinity,Mid-depth,psu,-2.3479588985,24.3613241501,2.8826208663,-21.4787032838,2
2011-05-06 18:00:00,Middle,681,681,159.0961703993,-31.3928805341,-4.7865343094,Salinity,Mid-depth,psu,-2.3791305544,23.8711342263,2.5868132577,-21.2843209686,2
2011-05-06 19:00:00,Middle,681,681,159.0961703993,-31.3928805341,-4.7865343094,Salinity,Mid-depth,psu,-2.4084962297,23.4388913073,2.3525210714,-21.0863702359,2
2011-05-06 20:00:00,Middle,681,681,159.0961703993,-31.3928805341,-4.7865343094,Salinity,Mid-depth,psu,-2.4276333779,23.2137915678,2.1875476874,-21.0262438804,2
2011-05-06 21:00:00,Middle,681,681,159.0961703993,-31.3928805341,-4.7865343094,Salinity,Mid-depth,psu,-2.4209048302,23.8353490486,2.1485266469,-21.6868224017,2
2011-05-06 22:00:00,Middle,681,681,159.0961703993,-31.3928805341,-4.7865343094,Salinity,Mid-depth,psu,-2.3927273750,24.5865833562,2.2399776685,-22.3466056876,2
2011-05-06 23:00:00,Middle,681,681,159.0961703993,-31.3928805341,-4.7865343094,Salinity,Mid-depth,psu,-2.3570215086,25.2405507597,2.3838883010,-22.8566624588,2
2011-05-07 00:00:00,Middle,681,681,159.0961703993,-31.3928805341,-4.7865343094,Salinity,Mid-depth,psu,-2.3192662660,25.8038453609,2.5364550392,-23.2673903218,2
2011-05-01 01:00:00,Middle,681,681,159.0961703993,-31.3928805341,-4.7865343094,Salinity,Near-bottom,psu,-4.2865343094,10.0000521821,10.0000000000,-0.0000521821,2
2011-05-01 02:00:00,Middle,681,681,159.0961703993,-31.3928805341,-4.7865343094,Salinity,Near-bottom,psu,-4.2865343094,10.0001530437,10.0000000000,-0.0001530437,2
2011-05-01 03:00:00,Middle,681,681,159.0961703993,-31.3928805341,-4.7865343094,Salinity,Near-bottom,psu,-4.2865343094,10.0002313589,10.0000000000,-0.0002313589,2
2011-05-01 04:00:00,Middle,681,681,159.0961703993,-31.3928805341,-4.7865343094,Salinity,Near-bottom,psu,-4.2865343094,10.0003229117,10.0000000000,-0.0003229117,2
2011-05-01 05:00:00,Middle,681,681,159.0961703993,-31.3928805341,-4.7865343094,Salinity,Near-bottom,psu,-4.2865343094,10.0004013409,10.0000000000,-0.0004013409,2
2011-05-01 06:00:00,Middle,681,681,159.0961703993,-31.3928805341,-4.7865343094,Salinity,Near-bottom,psu,-4.2865343094,10.0005020885,10.0000000000,-0.0005020885,2
2011-05-01 07:00:00,Middle,681,681,159.0961703993,-31.3928805341,-4.7865343094,Salinity,Near-bottom,psu,-4.2865343094,14.8802143931,10.0000000000,-4.8802143931,2
2011-05-01 08:00:00,Middle,681,681,159.0961703993,-31.3928805341,-4.7865343094,Salinity,Near-bottom,psu,-4.2865343094,21.8929962839,10.0000000000,-11.8929962839,2
2011-05-01 09:00:00,Middle,681,681,159.0961703993,-31.3928805341,-4.7865343094,Salinity,Near-bottom,psu,-4.2865343094,26.1730679582,10.0000000000,-16.1730679582,2
2011-05-01 10:00:00,Middle,681,681,159.0961703993,-31.3928805341,-4.7865343094,Salinity,Near-bottom,psu,-4.2865343094,28.5246149682,10.0000000000,-18.5246149682,2
2011-05-01 11:00:00,Middle,681,681,159.0961703993,-31.3928805341,-4.7865343094,Salinity,Near-bottom,psu,-4.2865343094,30.0708520812,10.0000000000,-20.0708520812,2
2011-05-01 12:00:00,Middle,681,681,159.0961703993,-31.3928805341,-4.7865343094,Salinity,Near-bottom,psu,-4.2865343094,31.0112065316,10.0000000000,-21.0112065316,2
2011-05-01 13:00:00,Middle,681,681,159.0961703993,-31.3928805341,-4.7865343094,Salinity,Near-bottom,psu,-4.2865343094,31.6883825775,10.0000000000,-21.6883825775,2
2011-05-01 14:00:00,Middle,681,681,159.0961703993,-31.3928805341,-4.7865343094,Salinity,Near-bottom,psu,-4.2865343094,32.3250630006,10.0000000000,-22.3250630006,2
2011-05-01 15:00:00,Middle,681,681,159.0961703993,-31.3928805341,-4.7865343094,Salinity,Near-bottom,psu,-4.2865343094,32.8280103738,10.0000000000,-22.8280103738,2
2011-05-01 16:00:00,Middle,681,681,159.0961703993,-31.3928805341,-4.7865343094,Salinity,Near-bottom,psu,-4.2865343094,33.2588832142,10.0000000000,-23.2588832142,2
2011-05-01 17:00:00,Middle,681,681,159.0961703993,-31.3928805341,-4.7865343094,Salinity,Near-bottom,psu,-4.2865343094,33.5926653042,10.0000000000,-23.5926653042,2
2011-05-01 18:00:00,Middle,681,681,159.0961703993,-31.3928805341,-4.7865343094,Salinity,Near-bottom,psu,-4.2865343094,33.8166125583,10.0000000000,-23.8166125583,2
2011-05-01 19:00:00,Middle,681,681,159.0961703993,-31.3928805341,-4.7865343094,Salinity,Near-bottom,psu,-4.2865343094,33.9214542514,10.0000000000,-23.9214542514,2
2011-05-01 20:00:00,Middle,681,681,159.0961703993,-31.3928805341,-4.7865343094,Salinity,Near-bottom,psu,-4.2865343094,33.9289894052,10.0000000000,-23.9289894052,2
2011-05-01 21:00:00,Middle,681,681,159.0961703993,-31.3928805341,-4.7865343094,Salinity,Near-bottom,psu,-4.2865343094,33.9467966965,10.0000000000,-23.9467966965,2
2011-05-01 22:00:00,Middle,681,681,159.0961703993,-31.3928805341,-4.7865343094,Salinity,Near-bottom,psu,-4.2865343094,33.9555774877,10.0000000000,-23.9555774877,2
2011-05-01 23:00:00,Middle,681,681,159.0961703993,-31.3928805341,-4.7865343094,Salinity,Near-bottom,psu,-4.2865343094,33.9657761932,10.0000000000,-23.9657761932,2
2011-05-02 00:00:00,Middle,681,681,159.0961703993,-31.3928805341,-4.7865343094,Salinity,Near-bottom,psu,-4.2865343094,33.9998477975,10.0000000000,-23.9998477975,2
2011-05-02 01:00:00,Middle,681,681,159.0961703993,-31.3928805341,-4.7865343094,Salinity,Near-bottom,psu,-4.2865343094,34.0488239456,10.0000000000,-24.0488239456,2
2011-05-02 02:00:00,Middle,681,681,159.0961703993,-31.3928805341,-4.7865343094,Salinity,Near-bottom,psu,-4.2865343094,34.1268843692,10.0000000000,-24.1268843692,2
2011-05-02 03:00:00,Middle,681,681,159.0961703993,-31.3928805341,-4.7865343094,Salinity,Near-bottom,psu,-4.2865343094,34.2113847773,10.0000000000,-24.2113847773,2
2011-05-02 04:00:00,Middle,681,681,159.0961703993,-31.3928805341,-4.7865343094,Salinity,Near-bottom,psu,-4.2865343094,34.3176026013,10.0000000000,-24.3176026013,2
2011-05-02 05:00:00,Middle,681,681,159.0961703993,-31.3928805341,-4.7865343094,Salinity,Near-bottom,psu,-4.2865343094,34.4823853250,10.0000000000,-24.4823853250,2
2011-05-02 06:00:00,Middle,681,681,159.0961703993,-31.3928805341,-4.7865343094,Salinity,Near-bottom,psu,-4.2865343094,34.6351912691,10.0000000000,-24.6351912691,2
2011-05-02 07:00:00,Middle,681,681,159.0961703993,-31.3928805341,-4.7865343094,Salinity,Near-bottom,psu,-4.2865343094,34.6584989562,10.0000000000,-24.6584989562,2
2011-05-02 08:00:00,Middle,681,681,159.0961703993,-31.3928805341,-4.7865343094,Salinity,Near-bottom,psu,-4.2865343094,34.5083855277,10.0000000000,-24.5083855277,2
2011-05-02 09:00:00,Middle,681,681,159.0961703993,-31.3928805341,-4.7865343094,Salinity,Near-bottom,psu,-4.2865343094,34.3386510024,10.0000000000,-24.3386510024,2
2011-05-02 10:00:00,Middle,681,681,159.0961703993,-31.3928805341,-4.7865343094,Salinity,Near-bottom,psu,-4.2865343094,34.2294147318,10.0000000000,-24.2294147318,2
2011-05-02 11:00:00,Middle,681,681,159.0961703993,-31.3928805341,-4.7865343094,Salinity,Near-bottom,psu,-4.2865343094,34.1808824763,10.0000000000,-24.1808824763,2
2011-05-02 12:00:00,Middle,681,681,159.0961703993,-31.3928805341,-4.7865343094,Salinity,Near-bottom,psu,-4.2865343094,34.1575175899,10.0000000000,-24.1575175899,2
2011-05-02 13:00:00,Middle,681,681,159.0961703993,-31.3928805341,-4.7865343094,Salinity,Near-bottom,psu,-4.2865343094,34.1522724511,10.0000000000,-24.1522724511,2
2011-05-02 14:00:00,Middle,681,681,159.0961703993,-31.3928805341,-4.7865343094,Salinity,Near-bottom,psu,-4.2865343094,34.1614550044,10.0000000000,-24.1614550044,2
2011-05-02 15:00:00,Middle,681,681,159.0961703993,-31.3928805341,-4.7865343094,Salinity,Near-bottom,psu,-4.2865343094,34.2098331769,10.0000000000,-24.2098331769,2
2011-05-02 16:00:00,Middle,681,681,159.0961703993,-31.3928805341,-4.7865343094,Salinity,Near-bottom,psu,-4.2865343094,34.2639114951,10.0000000000,-24.2639114951,2
2011-05-02 17:00:00,Middle,681,681,159.0961703993,-31.3928805341,-4.7865343094,Salinity,Near-bottom,psu,-4.2865343094,34.3289194492,10.0000000000,-24.3289194492,2
2011-05-02 18:00:00,Middle,681,681,159.0961703993,-31.3928805341,-4.7865343094,Salinity,Near-bottom,psu,-4.2865343094,34.4256175094,10.0000000000,-24.4256175094,2
2011-05-02 19:00:00,Middle,681,681,159.0961703993,-31.3928805341,-4.7865343094,Salinity,Near-bottom,psu,-4.2865343094,34.5024678538,10.0000000000,-24.5024678538,2
2011-05-02 20:00:00,Middle,681,681,159.0961703993,-31.3928805341,-4.7865343094,Salinity,Near-bottom,psu,-4.2865343094,34.4571872592,10.0000000000,-24.4571872592,2
2011-05-02 21:00:00,Middle,681,681,159.0961703993,-31.3928805341,-4.7865343094,Salinity,Near-bottom,psu,-4.2865343094,34.3693683075,10.0000000000,-24.3693683075,2
2011-05-02 22:00:00,Middle,681,681,159.0961703993,-31.3928805341,-4.7865343094,Salinity,Near-bottom,psu,-4.2865343094,34.2824541396,10.0000000000,-24.2824541396,2
2011-05-02 23:00:00,Middle,681,681,159.0961703993,-31.3928805341,-4.7865343094,Salinity,Near-bottom,psu,-4.2865343094,34.2334601971,10.0000000000,-24.2334601971,2
2011-05-03 00:00:00,Middle,681,681,159.0961703993,-31.3928805341,-4.7865343094,Salinity,Near-bottom,psu,-4.2865343094,34.1956542094,10.0000000000,-24.1956542094,2
2011-05-03 01:00:00,Middle,681,681,159.0961703993,-31.3928805341,-4.7865343094,Salinity,Near-bottom,psu,-4.2865343094,34.1708577085,10.0000000000,-24.1708577085,2
2011-05-03 02:00:00,Middle,681,681,159.0961703993,-31.3928805341,-4.7865343094,Salinity,Near-bottom,psu,-4.2865343094,34.1607583353,9.9999985722,-24.1607597631,2
2011-05-03 03:00:00,Middle,681,681,159.0961703993,-31.3928805341,-4.7865343094,Salinity,Near-bottom,psu,-4.2865343094,34.1685627245,9.9999752696,-24.1685874549,2
2011-05-03 04:00:00,Middle,681,681,159.0961703993,-31.3928805341,-4.7865343094,Salinity,Near-bottom,psu,-4.2865343094,34.1959950735,9.9997835576,-24.1962115160,2
2011-05-03 05:00:00,Middle,681,681,159.0961703993,-31.3928805341,-4.7865343094,Salinity,Near-bottom,psu,-4.2865343094,34.2398603995,9.9988903990,-24.2409700004,2
2011-05-03 06:00:00,Middle,681,681,159.0961703993,-31.3928805341,-4.7865343094,Salinity,Near-bottom,psu,-4.2865343094,34.3392802285,9.9975492941,-24.3417309344,2
2011-05-03 07:00:00,Middle,681,681,159.0961703993,-31.3928805341,-4.7865343094,Salinity,Near-bottom,psu,-4.2865343094,34.4667831033,9.9979305865,-24.4688525168,2
2011-05-03 08:00:00,Middle,681,681,159.0961703993,-31.3928805341,-4.7865343094,Salinity,Near-bottom,psu,-4.2865343094,34.4837582639,9.9985567942,-24.4852014697,2
2011-05-03 09:00:00,Middle,681,681,159.0961703993,-31.3928805341,-4.7865343094,Salinity,Near-bottom,psu,-4.2865343094,34.4005283591,9.9991441705,-24.4013841886,2
2011-05-03 10:00:00,Middle,681,681,159.0961703993,-31.3928805341,-4.7865343094,Salinity,Near-bottom,psu,-4.2865343094,34.2711936313,9.9995000792,-24.2716935521,2
2011-05-03 11:00:00,Middle,681,681,159.0961703993,-31.3928805341,-4.7865343094,Salinity,Near-bottom,psu,-4.2865343094,34.1792864835,9.9996114148,-24.1796750687,2
2011-05-03 12:00:00,Middle,681,681,159.0961703993,-31.3928805341,-4.7865343094,Salinity,Near-bottom,psu,-4.2865343094,34.1299088612,9.9995005859,-24.1304082753,2
2011-05-03 13:00:00,Middle,681,681,159.0961703993,-31.3928805341,-4.7865343094,Salinity,Near-bottom,psu,-4.2865343094,34.0961350983,9.9985675360,-24.0975675624,2
2011-05-03 14:00:00,Middle,681,681,159.0961703993,-31.3928805341,-4.7865343094,Salinity,Near-bottom,psu,-4.2865343094,34.0700827620,9.9941843719,-24.0758983902,2
2011-05-03 15:00:00,Middle,681,681,159.0961703993,-31.3928805341,-4.7865343094,Salinity,Near-bottom,psu,-4.2865343094,34.0586760506,9.9723640233,-24.0863120272,2
2011-05-03 16:00:00,Middle,681,681,159.0961703993,-31.3928805341,-4.7865343094,Salinity,Near-bottom,psu,-4.2865343094,34.0705094187,9.9053506668,-24.1651587520,2
2011-05-03 17:00:00,Middle,681,681,159.0961703993,-31.3928805341,-4.7865343094,Salinity,Near-bottom,psu,-4.2865343094,34.0959350359,9.7946428051,-24.3012922308,2
2011-05-03 18:00:00,Middle,681,681,159.0961703993,-31.3928805341,-4.7865343094,Salinity,Near-bottom,psu,-4.2865343094,34.1567533307,9.6974698433,-24.4592834874,2
2011-05-03 19:00:00,Middle,681,681,159.0961703993,-31.3928805341,-4.7865343094,Salinity,Near-bottom,psu,-4.2865343094,34.2431779818,9.6950029453,-24.5481750365,2
2011-05-03 20:00:00,Middle,681,681,159.0961703993,-31.3928805341,-4.7865343094,Salinity,Near-bottom,psu,-4.2865343094,34.2876157245,9.7339030598,-24.5537126647,2
2011-05-03 21:00:00,Middle,681,681,159.0961703993,-31.3928805341,-4.7865343094,Salinity,Near-bottom,psu,-4.2865343094,34.2416873704,9.7949684295,-24.4467189409,2
2011-05-03 22:00:00,Middle,681,681,159.0961703993,-31.3928805341,-4.7865343094,Salinity,Near-bottom,psu,-4.2865343094,34.1581469805,9.8383575057,-24.3197894748,2
2011-05-03 23:00:00,Middle,681,681,159.0961703993,-31.3928805341,-4.7865343094,Salinity,Near-bottom,psu,-4.2865343094,34.0819938154,9.8508777043,-24.2311161111,2
2011-05-04 00:00:00,Middle,681,681,159.0961703993,-31.3928805341,-4.7865343094,Salinity,Near-bottom,psu,-4.2865343094,34.0458231416,9.8182380373,-24.2275851043,2
2011-05-04 01:00:00,Middle,681,681,159.0961703993,-31.3928805341,-4.7865343094,Salinity,Near-bottom,psu,-4.2865343094,34.0184694772,9.7213530608,-24.2971164164,2
2011-05-04 02:00:00,Middle,681,681,159.0961703993,-31.3928805341,-4.7865343094,Salinity,Near-bottom,psu,-4.2865343094,33.9904642781,9.5438413432,-24.4466229349,2
2011-05-04 03:00:00,Middle,681,681,159.0961703993,-31.3928805341,-4.7865343094,Salinity,Near-bottom,psu,-4.2865343094,33.9623437893,9.1682582230,-24.7940855663,2
2011-05-04 04:00:00,Middle,681,681,159.0961703993,-31.3928805341,-4.7865343094,Salinity,Near-bottom,psu,-4.2865343094,33.9510938025,8.6043132728,-25.3467805297,2
2011-05-04 05:00:00,Middle,681,681,159.0961703993,-31.3928805341,-4.7865343094,Salinity,Near-bottom,psu,-4.2865343094,33.9754885132,8.1203670324,-25.8551214808,2
2011-05-04 06:00:00,Middle,681,681,159.0961703993,-31.3928805341,-4.7865343094,Salinity,Near-bottom,psu,-4.2865343094,34.0201796348,7.7172208857,-26.3029587491,2
2011-05-04 07:00:00,Middle,681,681,159.0961703993,-31.3928805341,-4.7865343094,Salinity,Near-bottom,psu,-4.2865343094,34.0954256460,7.5871137860,-26.5083118600,2
2011-05-04 08:00:00,Middle,681,681,159.0961703993,-31.3928805341,-4.7865343094,Salinity,Near-bottom,psu,-4.2865343094,34.1782077429,7.8378151326,-26.3403926103,2
2011-05-04 09:00:00,Middle,681,681,159.0961703993,-31.3928805341,-4.7865343094,Salinity,Near-bottom,psu,-4.2865343094,34.1717875152,8.2505896885,-25.9211978267,2
2011-05-04 10:00:00,Middle,681,681,159.0961703993,-31.3928805341,-4.7865343094,Salinity,Near-bottom,psu,-4.2865343094,34.0991665742,8.6164327669,-25.4827338073,2
2011-05-04 11:00:00,Middle,681,681,159.0961703993,-31.3928805341,-4.7865343094,Salinity,Near-bottom,psu,-4.2865343094,34.0316779300,8.8417181041,-25.1899598258,2
2011-05-04 12:00:00,Middle,681,681,159.0961703993,-31.3928805341,-4.7865343094,Salinity,Near-bottom,psu,-4.2865343094,33.9886151617,8.9534819586,-25.0351332031,2
2011-05-04 13:00:00,Middle,681,681,159.0961703993,-31.3928805341,-4.7865343094,Salinity,Near-bottom,psu,-4.2865343094,33.9614669846,8.9503526772,-25.0111143074,2
2011-05-04 14:00:00,Middle,681,681,159.0961703993,-31.3928805341,-4.7865343094,Salinity,Near-bottom,psu,-4.2865343094,33.9163937120,8.6979502314,-25.2184434806,2
2011-05-04 15:00:00,Middle,681,681,159.0961703993,-31.3928805341,-4.7865343094,Salinity,Near-bottom,psu,-4.2865343094,33.8842818577,8.1452377430,-25.7390441148,2
2011-05-04 16:00:00,Middle,681,681,159.0961703993,-31.3928805341,-4.7865343094,Salinity,Near-bottom,psu,-4.2865343094,33.8642253950,7.4820463090,-26.3821790860,2
2011-05-04 17:00:00,Middle,681,681,159.0961703993,-31.3928805341,-4.7865343094,Salinity,Near-bottom,psu,-4.2865343094,33.8754275897,6.8795120139,-26.9959155759,2
2011-05-04 18:00:00,Middle,681,681,159.0961703993,-31.3928805341,-4.7865343094,Salinity,Near-bottom,psu,-4.2865343094,33.8944388255,6.4583195621,-27.4361192634,2
2011-05-04 19:00:00,Middle,681,681,159.0961703993,-31.3928805341,-4.7865343094,Salinity,Near-bottom,psu,-4.2865343094,33.9371052871,6.2160783765,-27.7210269106,2
2011-05-04 20:00:00,Middle,681,681,159.0961703993,-31.3928805341,-4.7865343094,Salinity,Near-bottom,psu,-4.2865343094,33.9939176173,6.2981834590,-27.6957341583,2
2011-05-04 21:00:00,Middle,681,681,159.0961703993,-31.3928805341,-4.7865343094,Salinity,Near-bottom,psu,-4.2865343094,34.0088526768,6.6096887119,-27.3991639648,2
2011-05-04 22:00:00,Middle,681,681,159.0961703993,-31.3928805341,-4.7865343094,Salinity,Near-bottom,psu,-4.2865343094,33.9598039233,6.9140930709,-27.0457108524,2
2011-05-04 23:00:00,Middle,681,681,159.0961703993,-31.3928805341,-4.7865343094,Salinity,Near-bottom,psu,-4.2865343094,33.9123942931,7.1703703659,-26.7420239272,2
2011-05-05 00:00:00,Middle,681,681,159.0961703993,-31.3928805341,-4.7865343094,Salinity,Near-bottom,psu,-4.2865343094,33.8667678705,7.3581249066,-26.5086429639,2
2011-05-05 01:00:00,Middle,681,681,159.0961703993,-31.3928805341,-4.7865343094,Salinity,Near-bottom,psu,-4.2865343094,33.8476452326,7.3412040218,-26.5064412107,2
2011-05-05 02:00:00,Middle,681,681,159.0961703993,-31.3928805341,-4.7865343094,Salinity,Near-bottom,psu,-4.2865343094,33.8193962751,7.0851690127,-26.7342272624,2
2011-05-05 03:00:00,Middle,681,681,159.0961703993,-31.3928805341,-4.7865343094,Salinity,Near-bottom,psu,-4.2865343094,33.7936792580,6.6118251271,-27.1818541309,2
2011-05-05 04:00:00,Middle,681,681,159.0961703993,-31.3928805341,-4.7865343094,Salinity,Near-bottom,psu,-4.2865343094,33.7695400512,5.9760754749,-27.7934645763,2
2011-05-05 05:00:00,Middle,681,681,159.0961703993,-31.3928805341,-4.7865343094,Salinity,Near-bottom,psu,-4.2865343094,33.7476576972,5.2964123874,-28.4512453098,2
2011-05-05 06:00:00,Middle,681,681,159.0961703993,-31.3928805341,-4.7865343094,Salinity,Near-bottom,psu,-4.2865343094,33.7713152782,4.7790548885,-28.9922603897,2
2011-05-05 07:00:00,Middle,681,681,159.0961703993,-31.3928805341,-4.7865343094,Salinity,Near-bottom,psu,-4.2865343094,33.8262866669,4.4633879588,-29.3628987081,2
2011-05-05 08:00:00,Middle,681,681,159.0961703993,-31.3928805341,-4.7865343094,Salinity,Near-bottom,psu,-4.2865343094,33.8985783354,4.5001350092,-29.3984433262,2
2011-05-05 09:00:00,Middle,681,681,159.0961703993,-31.3928805341,-4.7865343094,Salinity,Near-bottom,psu,-4.2865343094,33.9428531305,4.7330930575,-29.2097600730,2
2011-05-05 10:00:00,Middle,681,681,159.0961703993,-31.3928805341,-4.7865343094,Salinity,Near-bottom,psu,-4.2865343094,33.9248842311,5.0539893646,-28.8708948665,2
2011-05-05 11:00:00,Middle,681,681,159.0961703993,-31.3928805341,-4.7865343094,Salinity,Near-bottom,psu,-4.2865343094,33.8728131599,5.3811712448,-28.4916419150,2
2011-05-05 12:00:00,Middle,681,681,159.0961703993,-31.3928805341,-4.7865343094,Salinity,Near-bottom,psu,-4.2865343094,33.8138990978,5.6805169467,-28.1333821511,2
2011-05-05 13:00:00,Middle,681,681,159.0961703993,-31.3928805341,-4.7865343094,Salinity,Near-bottom,psu,-4.2865343094,33.7759679667,5.8854386161,-27.8905293506,2
2011-05-05 14:00:00,Middle,681,681,159.0961703993,-31.3928805341,-4.7865343094,Salinity,Near-bottom,psu,-4.2865343094,33.7634220403,5.9070800871,-27.8563419531,2
2011-05-05 15:00:00,Middle,681,681,159.0961703993,-31.3928805341,-4.7865343094,Salinity,Near-bottom,psu,-4.2865343094,33.7307554219,5.6444331491,-28.0863222728,2
2011-05-05 16:00:00,Middle,681,681,159.0961703993,-31.3928805341,-4.7865343094,Salinity,Near-bottom,psu,-4.2865343094,33.6943790007,5.1400491212,-28.5543298795,2
2011-05-05 17:00:00,Middle,681,681,159.0961703993,-31.3928805341,-4.7865343094,Salinity,Near-bottom,psu,-4.2865343094,33.6842338895,4.5938077944,-29.0904260951,2
2011-05-05 18:00:00,Middle,681,681,159.0961703993,-31.3928805341,-4.7865343094,Salinity,Near-bottom,psu,-4.2865343094,33.7106318648,4.1369679680,-29.5736638969,2
2011-05-05 19:00:00,Middle,681,681,159.0961703993,-31.3928805341,-4.7865343094,Salinity,Near-bottom,psu,-4.2865343094,33.7589596124,3.7934760786,-29.9654835338,2
2011-05-05 20:00:00,Middle,681,681,159.0961703993,-31.3928805341,-4.7865343094,Salinity,Near-bottom,psu,-4.2865343094,33.8339848019,3.6775251226,-30.1564596792,2
2011-05-05 21:00:00,Middle,681,681,159.0961703993,-31.3928805341,-4.7865343094,Salinity,Near-bottom,psu,-4.2865343094,33.8977652291,3.8375170185,-30.0602482106,2
2011-05-05 22:00:00,Middle,681,681,159.0961703993,-31.3928805341,-4.7865343094,Salinity,Near-bottom,psu,-4.2865343094,33.8930816716,4.0807840535,-29.8122976182,2
2011-05-05 23:00:00,Middle,681,681,159.0961703993,-31.3928805341,-4.7865343094,Salinity,Near-bottom,psu,-4.2865343094,33.8402005963,4.2981877441,-29.5420128522,2
2011-05-06 00:00:00,Middle,681,681,159.0961703993,-31.3928805341,-4.7865343094,Salinity,Near-bottom,psu,-4.2865343094,33.7955311739,4.4718230912,-29.3237080827,2
2011-05-06 01:00:00,Middle,681,681,159.0961703993,-31.3928805341,-4.7865343094,Salinity,Near-bottom,psu,-4.2865343094,33.7533060927,4.6225589847,-29.1307471080,2
2011-05-06 02:00:00,Middle,681,681,159.0961703993,-31.3928805341,-4.7865343094,Salinity,Near-bottom,psu,-4.2865343094,33.7439887490,4.5992412016,-29.1447475474,2
2011-05-06 03:00:00,Middle,681,681,159.0961703993,-31.3928805341,-4.7865343094,Salinity,Near-bottom,psu,-4.2865343094,33.7011009066,4.3369618069,-29.3641390998,2
2011-05-06 04:00:00,Middle,681,681,159.0961703993,-31.3928805341,-4.7865343094,Salinity,Near-bottom,psu,-4.2865343094,33.6669573425,3.9040052766,-29.7629520659,2
2011-05-06 05:00:00,Middle,681,681,159.0961703993,-31.3928805341,-4.7865343094,Salinity,Near-bottom,psu,-4.2865343094,33.6441387704,3.3903983560,-30.2537404144,2
2011-05-06 06:00:00,Middle,681,681,159.0961703993,-31.3928805341,-4.7865343094,Salinity,Near-bottom,psu,-4.2865343094,33.6083653775,2.8792696874,-30.7290956901,2
2011-05-06 07:00:00,Middle,681,681,159.0961703993,-31.3928805341,-4.7865343094,Salinity,Near-bottom,psu,-4.2865343094,33.6485019451,2.5774136474,-31.0710882977,2
2011-05-06 08:00:00,Middle,681,681,159.0961703993,-31.3928805341,-4.7865343094,Salinity,Near-bottom,psu,-4.2865343094,33.7042852570,2.4455776975,-31.2587075595,2
2011-05-06 09:00:00,Middle,681,681,159.0961703993,-31.3928805341,-4.7865343094,Salinity,Near-bottom,psu,-4.2865343094,33.7717711281,2.4780486484,-31.2937224797,2
2011-05-06 10:00:00,Middle,681,681,159.0961703993,-31.3928805341,-4.7865343094,Salinity,Near-bottom,psu,-4.2865343094,33.8082285654,2.6837843310,-31.1244442343,2
2011-05-06 11:00:00,Middle,681,681,159.0961703993,-31.3928805341,-4.7865343094,Salinity,Near-bottom,psu,-4.2865343094,33.7707884588,2.9250486189,-30.8457398399,2
2011-05-06 12:00:00,Middle,681,681,159.0961703993,-31.3928805341,-4.7865343094,Salinity,Near-bottom,psu,-4.2865343094,33.7317499560,3.1550740850,-30.5766758710,2
2011-05-06 13:00:00,Middle,681,681,159.0961703993,-31.3928805341,-4.7865343094,Salinity,Near-bottom,psu,-4.2865343094,33.6919213247,3.3775578680,-30.3143634566,2
2011-05-06 14:00:00,Middle,681,681,159.0961703993,-31.3928805341,-4.7865343094,Salinity,Near-bottom,psu,-4.2865343094,33.6713910956,3.4825097039,-30.1888813917,2
2011-05-06 15:00:00,Middle,681,681,159.0961703993,-31.3928805341,-4.7865343094,Salinity,Near-bottom,psu,-4.2865343094,33.6470814735,3.4265248481,-30.2205566254,2
2011-05-06 16:00:00,Middle,681,681,159.0961703993,-31.3928805341,-4.7865343094,Salinity,Near-bottom,psu,-4.2865343094,33.6169419477,3.2028814340,-30.4140605137,2
2011-05-06 17:00:00,Middle,681,681,159.0961703993,-31.3928805341,-4.7865343094,Salinity,Near-bottom,psu,-4.2865343094,33.5795791463,2.8828279520,-30.6967511943,2
2011-05-06 18:00:00,Middle,681,681,159.0961703993,-31.3928805341,-4.7865343094,Salinity,Near-bottom,psu,-4.2865343094,33.5750407433,2.5869601671,-30.9880805762,2
2011-05-06 19:00:00,Middle,681,681,159.0961703993,-31.3928805341,-4.7865343094,Salinity,Near-bottom,psu,-4.2865343094,33.5963340995,2.3526214065,-31.2437126930,2
2011-05-06 20:00:00,Middle,681,681,159.0961703993,-31.3928805341,-4.7865343094,Salinity,Near-bottom,psu,-4.2865343094,33.6368593623,2.1875974363,-31.4492619260,2
2011-05-06 21:00:00,Middle,681,681,159.0961703993,-31.3928805341,-4.7865343094,Salinity,Near-bottom,psu,-4.2865343094,33.7192529722,2.1485303312,-31.5707226410,2
2011-05-06 22:00:00,Middle,681,681,159.0961703993,-31.3928805341,-4.7865343094,Salinity,Near-bottom,psu,-4.2865343094,33.7755157986,2.2399616300,-31.5355541686,2
2011-05-06 23:00:00,Middle,681,681,159.0961703993,-31.3928805341,-4.7865343094,Salinity,Near-bottom,psu,-4.2865343094,33.7412657047,2.3838719132,-31.3573937915,2
2011-05-07 00:00:00,Middle,681,681,159.0961703993,-31.3928805341,-4.7865343094,Salinity,Near-bottom,psu,-4.2865343094,33.6958482360,2.5364358528,-31.1594123832,2
2011-05-01 01:00:00,Middle,681,681,159.0961703993,-31.3928805341,-4.7865343094,Salinity,Surface,psu,-0.4740738778,10.0000968781,10.0000000000,-0.0000968781,4
2011-05-01 02:00:00,Middle,681,681,159.0961703993,-31.3928805341,-4.7865343094,Salinity,Surface,psu,-0.5684610500,10.0001964107,10.0000000000,-0.0001964107,4
2011-05-01 03:00:00,Middle,681,681,159.0961703993,-31.3928805341,-4.7865343094,Salinity,Surface,psu,-0.5835113770,10.0002743774,10.0000000000,-0.0002743774,4
2011-05-01 04:00:00,Middle,681,681,159.0961703993,-31.3928805341,-4.7865343094,Salinity,Surface,psu,-0.6036079106,10.0003650855,10.0000000000,-0.0003650855,4
2011-05-01 05:00:00,Middle,681,681,159.0961703993,-31.3928805341,-4.7865343094,Salinity,Surface,psu,-0.5695230713,10.0004485913,10.0000000000,-0.0004485913,4
2011-05-01 06:00:00,Middle,681,681,159.0961703993,-31.3928805341,-4.7865343094,Salinity,Surface,psu,-0.5134578353,10.0005474319,10.0000000000,-0.0005474319,4
2011-05-01 07:00:00,Middle,681,681,159.0961703993,-31.3928805341,-4.7865343094,Salinity,Surface,psu,-0.4502545489,10.0309195060,10.0000000000,-0.0309195060,4
2011-05-01 08:00:00,Middle,681,681,159.0961703993,-31.3928805341,-4.7865343094,Salinity,Surface,psu,-0.3915402318,10.0706456800,10.0000000000,-0.0706456800,4
2011-05-01 09:00:00,Middle,681,681,159.0961703993,-31.3928805341,-4.7865343094,Salinity,Surface,psu,-0.3475650122,10.3085725611,10.0000000000,-0.3085725611,4
2011-05-01 10:00:00,Middle,681,681,159.0961703993,-31.3928805341,-4.7865343094,Salinity,Surface,psu,-0.3345214836,10.5823052133,10.0000000000,-0.5823052133,4
2011-05-01 11:00:00,Middle,681,681,159.0961703993,-31.3928805341,-4.7865343094,Salinity,Surface,psu,-0.3427173326,10.7288290394,10.0000000000,-0.7288290394,4
2011-05-01 12:00:00,Middle,681,681,159.0961703993,-31.3928805341,-4.7865343094,Salinity,Surface,psu,-0.3846326022,10.7966887674,10.0000000000,-0.7966887674,4
2011-05-01 13:00:00,Middle,681,681,159.0961703993,-31.3928805341,-4.7865343094,Salinity,Surface,psu,-0.4453677826,10.8333895699,10.0000000000,-0.8333895699,4
2011-05-01 14:00:00,Middle,681,681,159.0961703993,-31.3928805341,-4.7865343094,Salinity,Surface,psu,-0.4962369012,10.9198514920,10.0000000000,-0.9198514920,4
2011-05-01 15:00:00,Middle,681,681,159.0961703993,-31.3928805341,-4.7865343094,Salinity,Surface,psu,-0.5378585642,11.0107057582,10.0000000000,-1.0107057582,4
2011-05-01 16:00:00,Middle,681,681,159.0961703993,-31.3928805341,-4.7865343094,Salinity,Surface,psu,-0.5538695978,11.1743779224,10.0000000000,-1.1743779224,4
2011-05-01 17:00:00,Middle,681,681,159.0961703993,-31.3928805341,-4.7865343094,Salinity,Surface,psu,-0.5436443135,11.3974832887,10.0000000000,-1.3974832887,4
2011-05-01 18:00:00,Middle,681,681,159.0961703993,-31.3928805341,-4.7865343094,Salinity,Surface,psu,-0.5007876482,11.6808958201,10.0000000000,-1.6808958201,4
2011-05-01 19:00:00,Middle,681,681,159.0961703993,-31.3928805341,-4.7865343094,Salinity,Surface,psu,-0.4371106297,11.9766585930,10.0000000000,-1.9766585930,4
2011-05-01 20:00:00,Middle,681,681,159.0961703993,-31.3928805341,-4.7865343094,Salinity,Surface,psu,-0.3812920757,12.1195294559,10.0000000000,-2.1195294559,4
2011-05-01 21:00:00,Middle,681,681,159.0961703993,-31.3928805341,-4.7865343094,Salinity,Surface,psu,-0.3286348301,12.2885383283,10.0000000000,-2.2885383283,4
2011-05-01 22:00:00,Middle,681,681,159.0961703993,-31.3928805341,-4.7865343094,Salinity,Surface,psu,-0.3056929813,12.3809087233,10.0000000000,-2.3809087233,4
2011-05-01 23:00:00,Middle,681,681,159.0961703993,-31.3928805341,-4.7865343094,Salinity,Surface,psu,-0.3204879172,12.5211837744,10.0000000000,-2.5211837744,4
2011-05-02 00:00:00,Middle,681,681,159.0961703993,-31.3928805341,-4.7865343094,Salinity,Surface,psu,-0.3671420618,12.7037284416,10.0000000000,-2.7037284416,4
2011-05-02 01:00:00,Middle,681,681,159.0961703993,-31.3928805341,-4.7865343094,Salinity,Surface,psu,-0.4324392365,12.8418333762,10.0000000000,-2.8418333762,4
2011-05-02 02:00:00,Middle,681,681,159.0961703993,-31.3928805341,-4.7865343094,Salinity,Surface,psu,-0.4963864220,12.9461821824,10.0000000000,-2.9461821824,4
2011-05-02 03:00:00,Middle,681,681,159.0961703993,-31.3928805341,-4.7865343094,Salinity,Surface,psu,-0.5465842432,12.9436731576,10.0000000000,-2.9436731576,4
2011-05-02 04:00:00,Middle,681,681,159.0961703993,-31.3928805341,-4.7865343094,Salinity,Surface,psu,-0.5818363016,12.9319883902,10.0000000000,-2.9319883902,4
2011-05-02 05:00:00,Middle,681,681,159.0961703993,-31.3928805341,-4.7865343094,Salinity,Surface,psu,-0.5857881148,12.9731276994,10.0000000000,-2.9731276994,4
2011-05-02 06:00:00,Middle,681,681,159.0961703993,-31.3928805341,-4.7865343094,Salinity,Surface,psu,-0.5585326372,13.0666143635,10.0000000000,-3.0666143635,4
2011-05-02 07:00:00,Middle,681,681,159.0961703993,-31.3928805341,-4.7865343094,Salinity,Surface,psu,-0.5016006304,13.2460759698,10.0000000000,-3.2460759698,4
2011-05-02 08:00:00,Middle,681,681,159.0961703993,-31.3928805341,-4.7865343094,Salinity,Surface,psu,-0.4322609759,13.4430105541,10.0000000000,-3.4430105541,4
2011-05-02 09:00:00,Middle,681,681,159.0961703993,-31.3928805341,-4.7865343094,Salinity,Surface,psu,-0.3712620865,13.5482198974,10.0000000000,-3.5482198974,4
2011-05-02 10:00:00,Middle,681,681,159.0961703993,-31.3928805341,-4.7865343094,Salinity,Surface,psu,-0.3284163248,13.6446683974,10.0000000000,-3.6446683974,4
2011-05-02 11:00:00,Middle,681,681,159.0961703993,-31.3928805341,-4.7865343094,Salinity,Surface,psu,-0.3146321932,13.7918639969,10.0000000000,-3.7918639969,4
2011-05-02 12:00:00,Middle,681,681,159.0961703993,-31.3928805341,-4.7865343094,Salinity,Surface,psu,-0.3317347454,13.9833370491,10.0000000000,-3.9833370491,4
2011-05-02 13:00:00,Middle,681,681,159.0961703993,-31.3928805341,-4.7865343094,Salinity,Surface,psu,-0.3763659970,14.1782014437,10.0000000000,-4.1782014437,4
2011-05-02 14:00:00,Middle,681,681,159.0961703993,-31.3928805341,-4.7865343094,Salinity,Surface,psu,-0.4355632892,14.3202971421,10.0000000000,-4.3202971421,4
2011-05-02 15:00:00,Middle,681,681,159.0961703993,-31.3928805341,-4.7865343094,Salinity,Surface,psu,-0.4877435586,14.3840847411,10.0000000000,-4.3840847411,4
2011-05-02 16:00:00,Middle,681,681,159.0961703993,-31.3928805341,-4.7865343094,Salinity,Surface,psu,-0.5214240615,14.3994161449,10.0000000000,-4.3994161449,4
2011-05-02 17:00:00,Middle,681,681,159.0961703993,-31.3928805341,-4.7865343094,Salinity,Surface,psu,-0.5416649446,14.3858537349,10.0000000000,-4.3858537349,4
2011-05-02 18:00:00,Middle,681,681,159.0961703993,-31.3928805341,-4.7865343094,Salinity,Surface,psu,-0.5294357014,14.4637720577,10.0000000000,-4.4637720577,4
2011-05-02 19:00:00,Middle,681,681,159.0961703993,-31.3928805341,-4.7865343094,Salinity,Surface,psu,-0.4788485709,14.6594967738,10.0000000000,-4.6594967738,4
2011-05-02 20:00:00,Middle,681,681,159.0961703993,-31.3928805341,-4.7865343094,Salinity,Surface,psu,-0.4206621890,14.7917949708,10.0000000000,-4.7917949708,4
2011-05-02 21:00:00,Middle,681,681,159.0961703993,-31.3928805341,-4.7865343094,Salinity,Surface,psu,-0.3608961538,14.9718174185,10.0000000000,-4.9718174185,4
2011-05-02 22:00:00,Middle,681,681,159.0961703993,-31.3928805341,-4.7865343094,Salinity,Surface,psu,-0.3178997058,15.0541061134,10.0000000000,-5.0541061134,4
2011-05-02 23:00:00,Middle,681,681,159.0961703993,-31.3928805341,-4.7865343094,Salinity,Surface,psu,-0.3048016420,15.1438267855,10.0000000000,-5.1438267855,4
2011-05-03 00:00:00,Middle,681,681,159.0961703993,-31.3928805341,-4.7865343094,Salinity,Surface,psu,-0.3295968810,15.2592802335,10.0000000000,-5.2592802335,4
2011-05-03 01:00:00,Middle,681,681,159.0961703993,-31.3928805341,-4.7865343094,Salinity,Surface,psu,-0.3784222169,15.4659865200,10.0000000000,-5.4659865200,4
2011-05-03 02:00:00,Middle,681,681,159.0961703993,-31.3928805341,-4.7865343094,Salinity,Surface,psu,-0.4426400664,15.5860512601,9.9999990484,-5.5860522117,4
2011-05-03 03:00:00,Middle,681,681,159.0961703993,-31.3928805341,-4.7865343094,Salinity,Surface,psu,-0.5072094977,15.6587883724,9.9999828664,-5.6588055060,4
2011-05-03 04:00:00,Middle,681,681,159.0961703993,-31.3928805341,-4.7865343094,Salinity,Surface,psu,-0.5569071654,15.6092091461,9.9998507693,-5.6093583768,4
2011-05-03 05:00:00,Middle,681,681,159.0961703993,-31.3928805341,-4.7865343094,Salinity,Surface,psu,-0.6000830636,15.5459626657,9.9992175208,-5.5467451449,4
2011-05-03 06:00:00,Middle,681,681,159.0961703993,-31.3928805341,-4.7865343094,Salinity,Surface,psu,-0.5997173805,15.6057359367,9.9982423644,-5.6074935722,4
2011-05-03 07:00:00,Middle,681,681,159.0961703993,-31.3928805341,-4.7865343094,Salinity,Surface,psu,-0.5583746669,15.7551396040,9.9985133762,-5.7566262278,4
2011-05-03 08:00:00,Middle,681,681,159.0961703993,-31.3928805341,-4.7865343094,Salinity,Surface,psu,-0.5019620680,15.9025505585,9.9989602923,-5.9035902662,4
2011-05-03 09:00:00,Middle,681,681,159.0961703993,-31.3928805341,-4.7865343094,Salinity,Surface,psu,-0.4250057052,16.1738359919,9.9993795457,-6.1744564462,4
2011-05-03 10:00:00,Middle,681,681,159.0961703993,-31.3928805341,-4.7865343094,Salinity,Surface,psu,-0.3599979539,16.2908904755,9.9996342525,-6.2912562230,4
2011-05-03 11:00:00,Middle,681,681,159.0961703993,-31.3928805341,-4.7865343094,Salinity,Surface,psu,-0.3192897881,16.2975216370,9.9997144691,-6.2978071679,4
2011-05-03 12:00:00,Middle,681,681,159.0961703993,-31.3928805341,-4.7865343094,Salinity,Surface,psu,-0.3120318186,16.3115558600,9.9996273957,-6.3119284643,4
2011-05-03 13:00:00,Middle,681,681,159.0961703993,-31.3928805341,-4.7865343094,Salinity,Surface,psu,-0.3412012042,16.3887944665,9.9989010356,-6.3898934309,4
2011-05-03 14:00:00,Middle,681,681,159.0961703993,-31.3928805341,-4.7865343094,Salinity,Surface,psu,-0.3860101427,16.5124098410,9.9956101043,-6.5167997368,4
2011-05-03 15:00:00,Middle,681,681,159.0961703993,-31.3928805341,-4.7865343094,Salinity,Surface,psu,-0.4451668974,16.5973634479,9.9798489535,-6.6175144944,4
2011-05-03 16:00:00,Middle,681,681,159.0961703993,-31.3928805341,-4.7865343094,Salinity,Surface,psu,-0.4971618885,16.6080824802,9.9313657843,-6.6767166959,4
2011-05-03 17:00:00,Middle,681,681,159.0961703993,-31.3928805341,-4.7865343094,Salinity,Surface,psu,-0.5386419147,16.5416587575,9.8506846182,-6.6909741393,4
2011-05-03 18:00:00,Middle,681,681,159.0961703993,-31.3928805341,-4.7865343094,Salinity,Surface,psu,-0.5471541436,16.5454949291,9.7788618470,-6.7666330821,4
2011-05-03 19:00:00,Middle,681,681,159.0961703993,-31.3928805341,-4.7865343094,Salinity,Surface,psu,-0.5247880598,16.6050043248,9.7789102584,-6.8260940664,4
2011-05-03 20:00:00,Middle,681,681,159.0961703993,-31.3928805341,-4.7865343094,Salinity,Surface,psu,-0.4814257827,16.6629304624,9.8080715164,-6.8548589460,4
2011-05-03 21:00:00,Middle,681,681,159.0961703993,-31.3928805341,-4.7865343094,Salinity,Surface,psu,-0.4112183927,16.8982050931,9.8511426684,-7.0470624246,4
2011-05-03 22:00:00,Middle,681,681,159.0961703993,-31.3928805341,-4.7865343094,Salinity,Surface,psu,-0.3512028319,16.9709759839,9.8817628744,-7.0892131096,4
2011-05-03 23:00:00,Middle,681,681,159.0961703993,-31.3928805341,-4.7865343094,Salinity,Surface,psu,-0.3081583845,16.9914825528,9.8919096065,-7.0995729463,4
2011-05-04 00:00:00,Middle,681,681,159.0961703993,-31.3928805341,-4.7865343094,Salinity,Surface,psu,-0.3028474778,16.9492168910,9.8724335277,-7.0767833634,4
2011-05-04 01:00:00,Middle,681,681,159.0961703993,-31.3928805341,-4.7865343094,Salinity,Surface,psu,-0.3310543791,16.9680237231,9.8122600609,-7.1557636622,4
2011-05-04 02:00:00,Middle,681,681,159.0961703993,-31.3928805341,-4.7865343094,Salinity,Surface,psu,-0.3846168163,17.0323943239,9.6961987259,-7.3361955979,4
2011-05-04 03:00:00,Middle,681,681,159.0961703993,-31.3928805341,-4.7865343094,Salinity,Surface,psu,-0.4610882496,17.0493266827,9.4066112420,-7.6427154407,4
2011-05-04 04:00:00,Middle,681,681,159.0961703993,-31.3928805341,-4.7865343094,Salinity,Surface,psu,-0.5266024140,16.9952532186,8.8992741947,-8.0959790239,4
2011-05-04 05:00:00,Middle,681,681,159.0961703993,-31.3928805341,-4.7865343094,Salinity,Surface,psu,-0.5757738018,16.8479031329,8.4116061864,-8.4362969465,4
2011-05-04 06:00:00,Middle,681,681,159.0961703993,-31.3928805341,-4.7865343094,Salinity,Surface,psu,-0.6111985437,16.7510509768,7.9923703234,-8.7586806534,4
2011-05-04 07:00:00,Middle,681,681,159.0961703993,-31.3928805341,-4.7865343094,Salinity,Surface,psu,-0.6063819954,16.7832081326,7.8215328253,-8.9616753073,4
2011-05-04 08:00:00,Middle,681,681,159.0961703993,-31.3928805341,-4.7865343094,Salinity,Surface,psu,-0.5601176765,16.9235952344,8.0128185748,-8.9107766595,4
2011-05-04 09:00:00,Middle,681,681,159.0961703993,-31.3928805341,-4.7865343094,Salinity,Surface,psu,-0.4836241312,17.1908132948,8.3974511917,-8.7933621031,4
2011-05-04 10:00:00,Middle,681,681,159.0961703993,-31.3928805341,-4.7865343094,Salinity,Surface,psu,-0.4019516474,17.4231865908,8.7633272917,-8.6598592991,4
2011-05-04 11:00:00,Middle,681,681,159.0961703993,-31.3928805341,-4.7865343094,Salinity,Surface,psu,-0.3382014772,17.4507791160,8.9899846520,-8.4607944640,4
2011-05-04 12:00:00,Middle,681,681,159.0961703993,-31.3928805341,-4.7865343094,Salinity,Surface,psu,-0.3039104947,17.4500153417,9.0948605822,-8.3551547595,4
2011-05-04 13:00:00,Middle,681,681,159.0961703993,-31.3928805341,-4.7865343094,Salinity,Surface,psu,-0.3048531450,17.3108993811,9.0653947597,-8.2455046214,4
2011-05-04 14:00:00,Middle,681,681,159.0961703993,-31.3928805341,-4.7865343094,Salinity,Surface,psu,-0.3375291111,17.2012630389,8.7990480184,-8.4022150205,4
2011-05-04 15:00:00,Middle,681,681,159.0961703993,-31.3928805341,-4.7865343094,Salinity,Surface,psu,-0.3969362513,17.1538861321,8.2830384667,-8.8708476654,4
2011-05-04 16:00:00,Middle,681,681,159.0961703993,-31.3928805341,-4.7865343094,Salinity,Surface,psu,-0.4558965996,17.0996250578,7.6721521635,-9.4274728942,4
2011-05-04 17:00:00,Middle,681,681,159.0961703993,-31.3928805341,-4.7865343094,Salinity,Surface,psu,-0.5078438162,17.0055203502,7.0981317760,-9.9073885742,4
2011-05-04 18:00:00,Middle,681,681,159.0961703993,-31.3928805341,-4.7865343094,Salinity,Surface,psu,-0.5480369296,16.9064651584,6.6690284029,-10.2374367555,4
2011-05-04 19:00:00,Middle,681,681,159.0961703993,-31.3928805341,-4.7865343094,Salinity,Surface,psu,-0.5644025610,16.8467092013,6.4098720907,-10.4368371107,4
2011-05-04 20:00:00,Middle,681,681,159.0961703993,-31.3928805341,-4.7865343094,Salinity,Surface,psu,-0.5381328322,16.9104393595,6.4485364470,-10.4619029125,4
2011-05-04 21:00:00,Middle,681,681,159.0961703993,-31.3928805341,-4.7865343094,Salinity,Surface,psu,-0.4801689039,17.1101461023,6.7147253533,-10.3954207490,4
2011-05-04 22:00:00,Middle,681,681,159.0961703993,-31.3928805341,-4.7865343094,Salinity,Surface,psu,-0.4184147023,17.2810344864,6.9911693815,-10.2898651049,4
2011-05-04 23:00:00,Middle,681,681,159.0961703993,-31.3928805341,-4.7865343094,Salinity,Surface,psu,-0.3614110977,17.3625530996,7.2264370122,-10.1361160874,4
2011-05-05 00:00:00,Middle,681,681,159.0961703993,-31.3928805341,-4.7865343094,Salinity,Surface,psu,-0.3245797563,17.3865287137,7.3945542841,-9.9919744296,4
2011-05-05 01:00:00,Middle,681,681,159.0961703993,-31.3928805341,-4.7865343094,Salinity,Surface,psu,-0.3238787133,17.3147695925,7.3607054349,-9.9540641577,4
2011-05-05 02:00:00,Middle,681,681,159.0961703993,-31.3928805341,-4.7865343094,Salinity,Surface,psu,-0.3562404583,17.3038785746,7.1141189046,-10.1897596699,4
2011-05-05 03:00:00,Middle,681,681,159.0961703993,-31.3928805341,-4.7865343094,Salinity,Surface,psu,-0.4148252519,17.3710600579,6.6784509160,-10.6926091419,4
2011-05-05 04:00:00,Middle,681,681,159.0961703993,-31.3928805341,-4.7865343094,Salinity,Surface,psu,-0.4880506297,17.3356240356,6.0926661628,-11.2429578728,4
2011-05-05 05:00:00,Middle,681,681,159.0961703993,-31.3928805341,-4.7865343094,Salinity,Surface,psu,-0.5557174343,17.2396247505,5.4353926193,-11.8042321312,4
2011-05-05 06:00:00,Middle,681,681,159.0961703993,-31.3928805341,-4.7865343094,Salinity,Surface,psu,-0.6033859274,17.0844396227,4.9140440948,-12.1703955279,4
2011-05-05 07:00:00,Middle,681,681,159.0961703993,-31.3928805341,-4.7865343094,Salinity,Surface,psu,-0.6245174669,17.0272042231,4.5797064827,-12.4474977404,4
2011-05-05 08:00:00,Middle,681,681,159.0961703993,-31.3928805341,-4.7865343094,Salinity,Surface,psu,-0.6032091751,17.1035877548,4.5699970812,-12.5335906736,4
2011-05-05 09:00:00,Middle,681,681,159.0961703993,-31.3928805341,-4.7865343094,Salinity,Surface,psu,-0.5589616903,17.1789266452,4.7551903125,-12.4237363327,4
2011-05-05 10:00:00,Middle,681,681,159.0961703993,-31.3928805341,-4.7865343094,Salinity,Surface,psu,-0.4819514433,17.4511067556,5.0486543020,-12.4024524536,4
2011-05-05 11:00:00,Middle,681,681,159.0961703993,-31.3928805341,-4.7865343094,Salinity,Surface,psu,-0.4018821034,17.6456831585,5.3614616618,-12.2842214967,4
2011-05-05 12:00:00,Middle,681,681,159.0961703993,-31.3928805341,-4.7865343094,Salinity,Surface,psu,-0.3392506768,17.6364146663,5.6390225747,-11.9973920916,4
2011-05-05 13:00:00,Middle,681,681,159.0961703993,-31.3928805341,-4.7865343094,Salinity,Surface,psu,-0.3051470139,17.5823228170,5.8125111953,-11.7698116217,4
2011-05-05 14:00:00,Middle,681,681,159.0961703993,-31.3928805341,-4.7865343094,Salinity,Surface,psu,-0.3023244992,17.5022333496,5.8069916554,-11.6952416942,4
2011-05-05 15:00:00,Middle,681,681,159.0961703993,-31.3928805341,-4.7865343094,Salinity,Surface,psu,-0.3430796744,17.4523031738,5.5536390682,-11.8986641056,4
2011-05-05 16:00:00,Middle,681,681,159.0961703993,-31.3928805341,-4.7865343094,Salinity,Surface,psu,-0.4118940434,17.5009391103,5.0944588076,-12.4064803026,4
2011-05-05 17:00:00,Middle,681,681,159.0961703993,-31.3928805341,-4.7865343094,Salinity,Surface,psu,-0.4732879100,17.4686816322,4.5989155842,-12.8697660480,4
2011-05-05 18:00:00,Middle,681,681,159.0961703993,-31.3928805341,-4.7865343094,Salinity,Surface,psu,-0.5246039246,17.3534729448,4.1660542120,-13.1874187328,4
2011-05-05 19:00:00,Middle,681,681,159.0961703993,-31.3928805341,-4.7865343094,Salinity,Surface,psu,-0.5583257323,17.2512758003,3.8230264749,-13.4282493255,4
2011-05-05 20:00:00,Middle,681,681,159.0961703993,-31.3928805341,-4.7865343094,Salinity,Surface,psu,-0.5547357489,17.2370632823,3.6869195414,-13.5501437409,4
2011-05-05 21:00:00,Middle,681,681,159.0961703993,-31.3928805341,-4.7865343094,Salinity,Surface,psu,-0.5159517681,17.3088472204,3.8043614449,-13.5044857755,4
2011-05-05 22:00:00,Middle,681,681,159.0961703993,-31.3928805341,-4.7865343094,Salinity,Surface,psu,-0.4505655399,17.4779879788,4.0058805189,-13.4721074598,4
2011-05-05 23:00:00,Middle,681,681,159.0961703993,-31.3928805341,-4.7865343094,Salinity,Surface,psu,-0.3858263439,17.6437604261,4.1931834407,-13.4505769854,4
2011-05-06 00:00:00,Middle,681,681,159.0961703993,-31.3928805341,-4.7865343094,Salinity,Surface,psu,-0.3313320016,17.6401898072,4.3479925991,-13.2921972080,4
2011-05-06 01:00:00,Middle,681,681,159.0961703993,-31.3928805341,-4.7865343094,Salinity,Surface,psu,-0.2927545445,17.7013665366,4.4795140742,-13.2218524624,4
2011-05-06 02:00:00,Middle,681,681,159.0961703993,-31.3928805341,-4.7865343094,Salinity,Surface,psu,-0.3011280672,17.6014487103,4.4466125783,-13.1548361320,4
2011-05-06 03:00:00,Middle,681,681,159.0961703993,-31.3928805341,-4.7865343094,Salinity,Surface,psu,-0.3507460557,17.5765926835,4.2104717388,-13.3661209447,4
2011-05-06 04:00:00,Middle,681,681,159.0961703993,-31.3928805341,-4.7865343094,Salinity,Surface,psu,-0.4224540296,17.6214719364,3.8319870240,-13.7894849124,4
2011-05-06 05:00:00,Middle,681,681,159.0961703993,-31.3928805341,-4.7865343094,Salinity,Surface,psu,-0.5039663796,17.5002879446,3.3796224563,-14.1206654882,4
2011-05-06 06:00:00,Middle,681,681,159.0961703993,-31.3928805341,-4.7865343094,Salinity,Surface,psu,-0.5840670442,17.3431058827,2.9072363593,-14.4358695234,4
2011-05-06 07:00:00,Middle,681,681,159.0961703993,-31.3928805341,-4.7865343094,Salinity,Surface,psu,-0.6256597145,17.2250513007,2.6150198698,-14.6100314309,4
2011-05-06 08:00:00,Middle,681,681,159.0961703993,-31.3928805341,-4.7865343094,Salinity,Surface,psu,-0.6420645721,17.1518073326,2.4788598745,-14.6729474581,4
2011-05-06 09:00:00,Middle,681,681,159.0961703993,-31.3928805341,-4.7865343094,Salinity,Surface,psu,-0.6079261791,17.2474401441,2.4988504553,-14.7485896887,4
2011-05-06 10:00:00,Middle,681,681,159.0961703993,-31.3928805341,-4.7865343094,Salinity,Surface,psu,-0.5311345854,17.5513386453,2.6826683023,-14.8686703430,4
2011-05-06 11:00:00,Middle,681,681,159.0961703993,-31.3928805341,-4.7865343094,Salinity,Surface,psu,-0.4495937189,17.7754753390,2.9021514344,-14.8733239045,4
2011-05-06 12:00:00,Middle,681,681,159.0961703993,-31.3928805341,-4.7865343094,Salinity,Surface,psu,-0.3640019297,17.8710918233,3.1134011263,-14.7576906970,4
2011-05-06 13:00:00,Middle,681,681,159.0961703993,-31.3928805341,-4.7865343094,Salinity,Surface,psu,-0.2952701785,17.9705288554,3.3153478112,-14.6551810442,4
2011-05-06 14:00:00,Middle,681,681,159.0961703993,-31.3928805341,-4.7865343094,Salinity,Surface,psu,-0.2732709363,17.8193344277,3.4045575815,-14.4147768461,4
2011-05-06 15:00:00,Middle,681,681,159.0961703993,-31.3928805341,-4.7865343094,Salinity,Surface,psu,-0.2861390164,17.7543697900,3.3496801279,-14.4046896621,4
2011-05-06 16:00:00,Middle,681,681,159.0961703993,-31.3928805341,-4.7865343094,Salinity,Surface,psu,-0.3409274728,17.7485473223,3.1470109362,-14.6015363861,4
2011-05-06 17:00:00,Middle,681,681,159.0961703993,-31.3928805341,-4.7865343094,Salinity,Surface,psu,-0.4093834877,17.7673287663,2.8588768595,-14.9084519068,4
2011-05-06 18:00:00,Middle,681,681,159.0961703993,-31.3928805341,-4.7865343094,Salinity,Surface,psu,-0.4717267995,17.6830447495,2.5888071028,-15.0942376467,4
2011-05-06 19:00:00,Middle,681,681,159.0961703993,-31.3928805341,-4.7865343094,Salinity,Surface,psu,-0.5304581499,17.5228118980,2.3681644126,-15.1546474854,4
2011-05-06 20:00:00,Middle,681,681,159.0961703993,-31.3928805341,-4.7865343094,Salinity,Surface,psu,-0.5687324464,17.3996013551,2.2076070729,-15.1919942821,4
2011-05-06 21:00:00,Middle,681,681,159.0961703993,-31.3928805341,-4.7865343094,Salinity,Surface,psu,-0.5552753509,17.4213456704,2.1651851157,-15.2561605547,4
2011-05-06 22:00:00,Middle,681,681,159.0961703993,-31.3928805341,-4.7865343094,Salinity,Surface,psu,-0.4989204407,17.5525151236,2.2465972635,-15.3059178602,4
2011-05-06 23:00:00,Middle,681,681,159.0961703993,-31.3928805341,-4.7865343094,Salinity,Surface,psu,-0.4275087079,17.7345617408,2.3759231831,-15.3586385577,4
2011-05-07 00:00:00,Middle,681,681,159.0961703993,-31.3928805341,-4.7865343094,Salinity,Surface,psu,-0.3519982226,17.8575159459,2.5142655500,-15.3432503960,4
2011-05-01 01:00:00,Middle,681,681,159.0961703993,-31.3928805341,-4.7865343094,Temperature,Mid-depth,°C,-2.3803040936,19.9749578451,19.9561635403,-0.0187943048,2
2011-05-01 02:00:00,Middle,681,681,159.0961703993,-31.3928805341,-4.7865343094,Temperature,Mid-depth,°C,-2.4274976797,19.9415547479,19.9130877388,-0.0284670091,2
2011-05-01 03:00:00,Middle,681,681,159.0961703993,-31.3928805341,-4.7865343094,Temperature,Mid-depth,°C,-2.4350228432,19.9122643467,19.8696254978,-0.0426388489,2
2011-05-01 04:00:00,Middle,681,681,159.0961703993,-31.3928805341,-4.7865343094,Temperature,Mid-depth,°C,-2.4450711100,19.8855463500,19.8294271215,-0.0561192285,2
2011-05-01 05:00:00,Middle,681,681,159.0961703993,-31.3928805341,-4.7865343094,Temperature,Mid-depth,°C,-2.4280286904,19.8613439797,19.7925113094,-0.0688326703,2
2011-05-01 06:00:00,Middle,681,681,159.0961703993,-31.3928805341,-4.7865343094,Temperature,Mid-depth,°C,-2.3999960723,19.8393870282,19.7573651117,-0.0820219164,2
2011-05-01 07:00:00,Middle,681,681,159.0961703993,-31.3928805341,-4.7865343094,Temperature,Mid-depth,°C,-2.3683944291,19.8734398676,19.7209289934,-0.1525108742,2
2011-05-01 08:00:00,Middle,681,681,159.0961703993,-31.3928805341,-4.7865343094,Temperature,Mid-depth,°C,-2.3390372706,19.8502028915,19.6879702822,-0.1622326093,2
2011-05-01 09:00:00,Middle,681,681,159.0961703993,-31.3928805341,-4.7865343094,Temperature,Mid-depth,°C,-2.3170496608,19.8324847976,19.6610930930,-0.1713917046,2
2011-05-01 10:00:00,Middle,681,681,159.0961703993,-31.3928805341,-4.7865343094,Temperature,Mid-depth,°C,-2.3105278965,19.8192051756,19.6440905037,-0.1751146719,2
2011-05-01 11:00:00,Middle,681,681,159.0961703993,-31.3928805341,-4.7865343094,Temperature,Mid-depth,°C,-2.3146258210,19.8068851533,19.6316846916,-0.1752004617,2
2011-05-01 12:00:00,Middle,681,681,159.0961703993,-31.3928805341,-4.7865343094,Temperature,Mid-depth,°C,-2.3355834558,19.7897242183,19.6181399560,-0.1715842622,2
2011-05-01 13:00:00,Middle,681,681,159.0961703993,-31.3928805341,-4.7865343094,Temperature,Mid-depth,°C,-2.3659510460,19.7750421556,19.5953936990,-0.1796484566,2
2011-05-01 14:00:00,Middle,681,681,159.0961703993,-31.3928805341,-4.7865343094,Temperature,Mid-depth,°C,-2.3913856053,19.7812110232,19.5655347627,-0.2156762605,2
2011-05-01 15:00:00,Middle,681,681,159.0961703993,-31.3928805341,-4.7865343094,Temperature,Mid-depth,°C,-2.4121964368,19.7890126189,19.5392876349,-0.2497249840,2
2011-05-01 16:00:00,Middle,681,681,159.0961703993,-31.3928805341,-4.7865343094,Temperature,Mid-depth,°C,-2.4202019536,19.7971200017,19.5143938845,-0.2827261172,2
2011-05-01 17:00:00,Middle,681,681,159.0961703993,-31.3928805341,-4.7865343094,Temperature,Mid-depth,°C,-2.4150893115,19.8011073657,19.4882802697,-0.3128270959,2
2011-05-01 18:00:00,Middle,681,681,159.0961703993,-31.3928805341,-4.7865343094,Temperature,Mid-depth,°C,-2.3936609788,19.7935068011,19.4537597713,-0.3397470298,2
2011-05-01 19:00:00,Middle,681,681,159.0961703993,-31.3928805341,-4.7865343094,Temperature,Mid-depth,°C,-2.3618224695,19.8122208590,19.4123096010,-0.3999112580,2
2011-05-01 20:00:00,Middle,681,681,159.0961703993,-31.3928805341,-4.7865343094,Temperature,Mid-depth,°C,-2.3339131926,19.8136473014,19.3666332346,-0.4470140668,2
2011-05-01 21:00:00,Middle,681,681,159.0961703993,-31.3928805341,-4.7865343094,Temperature,Mid-depth,°C,-2.3075845697,19.8104893836,19.3183260101,-0.4921633735,2
2011-05-01 22:00:00,Middle,681,681,159.0961703993,-31.3928805341,-4.7865343094,Temperature,Mid-depth,°C,-2.2961136453,19.7954924465,19.2722811463,-0.5232113002,2
2011-05-01 23:00:00,Middle,681,681,159.0961703993,-31.3928805341,-4.7865343094,Temperature,Mid-depth,°C,-2.3035111133,19.7659922336,19.2256649633,-0.5403272703,2
2011-05-02 00:00:00,Middle,681,681,159.0961703993,-31.3928805341,-4.7865343094,Temperature,Mid-depth,°C,-2.3268381856,19.7178440329,19.1650926883,-0.5527513446,2
2011-05-02 01:00:00,Middle,681,681,159.0961703993,-31.3928805341,-4.7865343094,Temperature,Mid-depth,°C,-2.3594867730,19.6485022809,19.0796735240,-0.5688287569,2
2011-05-02 02:00:00,Middle,681,681,159.0961703993,-31.3928805341,-4.7865343094,Temperature,Mid-depth,°C,-2.3914603657,19.5571470921,18.9821254374,-0.5750216547,2
2011-05-02 03:00:00,Middle,681,681,159.0961703993,-31.3928805341,-4.7865343094,Temperature,Mid-depth,°C,-2.4165592763,19.4489611153,18.9101742574,-0.5387868580,2
2011-05-02 04:00:00,Middle,681,681,159.0961703993,-31.3928805341,-4.7865343094,Temperature,Mid-depth,°C,-2.4341853055,19.2840588746,18.8509063572,-0.4331525174,2
2011-05-02 05:00:00,Middle,681,681,159.0961703993,-31.3928805341,-4.7865343094,Temperature,Mid-depth,°C,-2.4361612121,19.1746775137,18.8029079337,-0.3717695800,2
2011-05-02 06:00:00,Middle,681,681,159.0961703993,-31.3928805341,-4.7865343094,Temperature,Mid-depth,°C,-2.4225334733,19.0637445715,18.7616283976,-0.3021161738,2
2011-05-02 07:00:00,Middle,681,681,159.0961703993,-31.3928805341,-4.7865343094,Temperature,Mid-depth,°C,-2.3940674699,19.0700220668,18.7193545660,-0.3506675008,2
2011-05-02 08:00:00,Middle,681,681,159.0961703993,-31.3928805341,-4.7865343094,Temperature,Mid-depth,°C,-2.3593976426,19.1809846907,18.6747595164,-0.5062251743,2
2011-05-02 09:00:00,Middle,681,681,159.0961703993,-31.3928805341,-4.7865343094,Temperature,Mid-depth,°C,-2.3288981979,19.2243787255,18.6274530046,-0.5969257209,2
2011-05-02 10:00:00,Middle,681,681,159.0961703993,-31.3928805341,-4.7865343094,Temperature,Mid-depth,°C,-2.3074753171,19.2363546658,18.5918645468,-0.6444901190,2
2011-05-02 11:00:00,Middle,681,681,159.0961703993,-31.3928805341,-4.7865343094,Temperature,Mid-depth,°C,-2.3005832513,19.2158288957,18.5789789916,-0.6368499042,2
2011-05-02 12:00:00,Middle,681,681,159.0961703993,-31.3928805341,-4.7865343094,Temperature,Mid-depth,°C,-2.3091345274,19.1622240165,18.5791978950,-0.5830261216,2
2011-05-02 13:00:00,Middle,681,681,159.0961703993,-31.3928805341,-4.7865343094,Temperature,Mid-depth,°C,-2.3314501532,19.0768864735,18.5693713289,-0.5075151445,2
2011-05-02 14:00:00,Middle,681,681,159.0961703993,-31.3928805341,-4.7865343094,Temperature,Mid-depth,°C,-2.3610487993,18.9571288152,18.5271056419,-0.4300231733,2
2011-05-02 15:00:00,Middle,681,681,159.0961703993,-31.3928805341,-4.7865343094,Temperature,Mid-depth,°C,-2.3871389340,18.8668690767,18.4709148960,-0.3959541807,2
2011-05-02 16:00:00,Middle,681,681,159.0961703993,-31.3928805341,-4.7865343094,Temperature,Mid-depth,°C,-2.4039791854,18.8033073760,18.4371155340,-0.3661918419,2
2011-05-02 17:00:00,Middle,681,681,159.0961703993,-31.3928805341,-4.7865343094,Temperature,Mid-depth,°C,-2.4140996270,18.7530034464,18.4076583580,-0.3453450884,2
2011-05-02 18:00:00,Middle,681,681,159.0961703993,-31.3928805341,-4.7865343094,Temperature,Mid-depth,°C,-2.4079850054,18.7528692199,18.3700854684,-0.3827837514,2
2011-05-02 19:00:00,Middle,681,681,159.0961703993,-31.3928805341,-4.7865343094,Temperature,Mid-depth,°C,-2.3826914402,18.8124408368,18.3224335118,-0.4900073250,2
2011-05-02 20:00:00,Middle,681,681,159.0961703993,-31.3928805341,-4.7865343094,Temperature,Mid-depth,°C,-2.3535982492,18.8582835394,18.2727934531,-0.5854900863,2
2011-05-02 21:00:00,Middle,681,681,159.0961703993,-31.3928805341,-4.7865343094,Temperature,Mid-depth,°C,-2.3237152316,18.9000631287,18.2193518624,-0.6807112664,2
2011-05-02 22:00:00,Middle,681,681,159.0961703993,-31.3928805341,-4.7865343094,Temperature,Mid-depth,°C,-2.3022170076,18.8856857175,18.1639261846,-0.7217595329,2
2011-05-02 23:00:00,Middle,681,681,159.0961703993,-31.3928805341,-4.7865343094,Temperature,Mid-depth,°C,-2.2956679757,18.8387087776,18.1202281982,-0.7184805794,2
2011-05-03 00:00:00,Middle,681,681,159.0961703993,-31.3928805341,-4.7865343094,Temperature,Mid-depth,°C,-2.3080655952,18.7520563006,18.0797559718,-0.6723003287,2
2011-05-03 01:00:00,Middle,681,681,159.0961703993,-31.3928805341,-4.7865343094,Temperature,Mid-depth,°C,-2.3324782631,18.5887586327,18.0267453199,-0.5620133128,2
2011-05-03 02:00:00,Middle,681,681,159.0961703993,-31.3928805341,-4.7865343094,Temperature,Mid-depth,°C,-2.3645871879,18.4161556762,17.9519225770,-0.4642330993,2
2011-05-03 03:00:00,Middle,681,681,159.0961703993,-31.3928805341,-4.7865343094,Temperature,Mid-depth,°C,-2.3968719035,18.2101369964,17.8710224769,-0.3391145195,2
2011-05-03 04:00:00,Middle,681,681,159.0961703993,-31.3928805341,-4.7865343094,Temperature,Mid-depth,°C,-2.4217207374,18.0794124232,17.8147312003,-0.2646812228,2
2011-05-03 05:00:00,Middle,681,681,159.0961703993,-31.3928805341,-4.7865343094,Temperature,Mid-depth,°C,-2.4433086865,17.9170709785,17.7570395286,-0.1600314499,2
2011-05-03 06:00:00,Middle,681,681,159.0961703993,-31.3928805341,-4.7865343094,Temperature,Mid-depth,°C,-2.4431258450,17.9367252772,17.7044347461,-0.2322905311,2
2011-05-03 07:00:00,Middle,681,681,159.0961703993,-31.3928805341,-4.7865343094,Temperature,Mid-depth,°C,-2.4224544881,18.0433501982,17.6630079528,-0.3803422454,2
2011-05-03 08:00:00,Middle,681,681,159.0961703993,-31.3928805341,-4.7865343094,Temperature,Mid-depth,°C,-2.3942481887,18.0764722031,17.6289548078,-0.4475173954,2
2011-05-03 09:00:00,Middle,681,681,159.0961703993,-31.3928805341,-4.7865343094,Temperature,Mid-depth,°C,-2.3557700073,18.2190146983,17.5960440543,-0.6229706441,2
2011-05-03 10:00:00,Middle,681,681,159.0961703993,-31.3928805341,-4.7865343094,Temperature,Mid-depth,°C,-2.3232661317,18.3276048715,17.5596291121,-0.7679757594,2
2011-05-03 11:00:00,Middle,681,681,159.0961703993,-31.3928805341,-4.7865343094,Temperature,Mid-depth,°C,-2.3029120487,18.3562948163,17.5561083599,-0.8001864565,2
2011-05-03 12:00:00,Middle,681,681,159.0961703993,-31.3928805341,-4.7865343094,Temperature,Mid-depth,°C,-2.2992830640,18.3868300219,17.5856776090,-0.8011524129,2
2011-05-03 13:00:00,Middle,681,681,159.0961703993,-31.3928805341,-4.7865343094,Temperature,Mid-depth,°C,-2.3138677568,18.3194568915,17.6207939374,-0.6986629541,2
2011-05-03 14:00:00,Middle,681,681,159.0961703993,-31.3928805341,-4.7865343094,Temperature,Mid-depth,°C,-2.3362722260,18.2614822572,17.5959319793,-0.6655502779,2
2011-05-03 15:00:00,Middle,681,681,159.0961703993,-31.3928805341,-4.7865343094,Temperature,Mid-depth,°C,-2.3658506034,18.1503359795,17.4625223690,-0.6878136104,2
2011-05-03 16:00:00,Middle,681,681,159.0961703993,-31.3928805341,-4.7865343094,Temperature,Mid-depth,°C,-2.3918480989,18.0562984992,17.2712282813,-0.7850702179,2
2011-05-03 17:00:00,Middle,681,681,159.0961703993,-31.3928805341,-4.7865343094,Temperature,Mid-depth,°C,-2.4125881121,17.9759687477,17.1167870346,-0.8591817130,2
2011-05-03 18:00:00,Middle,681,681,159.0961703993,-31.3928805341,-4.7865343094,Temperature,Mid-depth,°C,-2.4168442265,17.9796626166,17.0097257970,-0.9699368195,2
2011-05-03 19:00:00,Middle,681,681,159.0961703993,-31.3928805341,-4.7865343094,Temperature,Mid-depth,°C,-2.4056611846,18.0909308951,16.9704835109,-1.1204473842,2
2011-05-03 20:00:00,Middle,681,681,159.0961703993,-31.3928805341,-4.7865343094,Temperature,Mid-depth,°C,-2.3839800460,18.1387314319,16.9573587946,-1.1813726373,2
2011-05-03 21:00:00,Middle,681,681,159.0961703993,-31.3928805341,-4.7865343094,Temperature,Mid-depth,°C,-2.3488763510,18.2774268025,16.9592164702,-1.3182103323,2
2011-05-03 22:00:00,Middle,681,681,159.0961703993,-31.3928805341,-4.7865343094,Temperature,Mid-depth,°C,-2.3188685706,18.3288890187,16.9423493627,-1.3865396560,2
2011-05-03 23:00:00,Middle,681,681,159.0961703993,-31.3928805341,-4.7865343094,Temperature,Mid-depth,°C,-2.2973463470,18.3134608967,16.8852160666,-1.4282448301,2
2011-05-04 00:00:00,Middle,681,681,159.0961703993,-31.3928805341,-4.7865343094,Temperature,Mid-depth,°C,-2.2946908936,18.2544242191,16.7939118534,-1.4605123657,2
2011-05-04 01:00:00,Middle,681,681,159.0961703993,-31.3928805341,-4.7865343094,Temperature,Mid-depth,°C,-2.3087943442,18.1330913148,16.6748024583,-1.4582888565,2
2011-05-04 02:00:00,Middle,681,681,159.0961703993,-31.3928805341,-4.7865343094,Temperature,Mid-depth,°C,-2.3355755628,17.9814991423,16.5096468703,-1.4718522720,2
2011-05-04 03:00:00,Middle,681,681,159.0961703993,-31.3928805341,-4.7865343094,Temperature,Mid-depth,°C,-2.3738112795,17.7305369444,16.2031274971,-1.5274094473,2
2011-05-04 04:00:00,Middle,681,681,159.0961703993,-31.3928805341,-4.7865343094,Temperature,Mid-depth,°C,-2.4065683617,17.5354959532,15.7701678228,-1.7653281304,2
2011-05-04 05:00:00,Middle,681,681,159.0961703993,-31.3928805341,-4.7865343094,Temperature,Mid-depth,°C,-2.4311540556,17.4372792439,15.3975227720,-2.0397564718,2
2011-05-04 06:00:00,Middle,681,681,159.0961703993,-31.3928805341,-4.7865343094,Temperature,Mid-depth,°C,-2.4488664265,17.3379362850,15.0744600872,-2.2634761978,2
2011-05-04 07:00:00,Middle,681,681,159.0961703993,-31.3928805341,-4.7865343094,Temperature,Mid-depth,°C,-2.4464581524,17.4076880598,14.9459002063,-2.4617878535,2
2011-05-04 08:00:00,Middle,681,681,159.0961703993,-31.3928805341,-4.7865343094,Temperature,Mid-depth,°C,-2.4233259929,17.5365329623,15.0864625929,-2.4500703694,2
2011-05-04 09:00:00,Middle,681,681,159.0961703993,-31.3928805341,-4.7865343094,Temperature,Mid-depth,°C,-2.3850792203,17.6414598915,15.3077262375,-2.3337336540,2
2011-05-04 10:00:00,Middle,681,681,159.0961703993,-31.3928805341,-4.7865343094,Temperature,Mid-depth,°C,-2.3442429784,17.7824442573,15.4608781185,-2.3215661387,2
2011-05-04 11:00:00,Middle,681,681,159.0961703993,-31.3928805341,-4.7865343094,Temperature,Mid-depth,°C,-2.3123678933,17.8551858923,15.5231922496,-2.3319936428,2
2011-05-04 12:00:00,Middle,681,681,159.0961703993,-31.3928805341,-4.7865343094,Temperature,Mid-depth,°C,-2.2952224020,17.8775753274,15.5407693604,-2.3368059670,2
2011-05-04 13:00:00,Middle,681,681,159.0961703993,-31.3928805341,-4.7865343094,Temperature,Mid-depth,°C,-2.2956937272,17.8664246469,15.5028846823,-2.3635399646,2
2011-05-04 14:00:00,Middle,681,681,159.0961703993,-31.3928805341,-4.7865343094,Temperature,Mid-depth,°C,-2.3120317103,17.8096156059,15.3534227410,-2.4561928649,2
2011-05-04 15:00:00,Middle,681,681,159.0961703993,-31.3928805341,-4.7865343094,Temperature,Mid-depth,°C,-2.3417352803,17.6630155568,15.0518329362,-2.6111826206,2
2011-05-04 16:00:00,Middle,681,681,159.0961703993,-31.3928805341,-4.7865343094,Temperature,Mid-depth,°C,-2.3712154545,17.5674401581,14.6522673266,-2.9151728315,2
2011-05-04 17:00:00,Middle,681,681,159.0961703993,-31.3928805341,-4.7865343094,Temperature,Mid-depth,°C,-2.3971890628,17.5078219890,14.2565443030,-3.2512776860,2
2011-05-04 18:00:00,Middle,681,681,159.0961703993,-31.3928805341,-4.7865343094,Temperature,Mid-depth,°C,-2.4172856195,17.4459997060,13.9628015332,-3.4831981728,2
2011-05-04 19:00:00,Middle,681,681,159.0961703993,-31.3928805341,-4.7865343094,Temperature,Mid-depth,°C,-2.4254684352,17.4195252870,13.7728545921,-3.6466706949,2
2011-05-04 20:00:00,Middle,681,681,159.0961703993,-31.3928805341,-4.7865343094,Temperature,Mid-depth,°C,-2.4123335708,17.5191512604,13.7807046461,-3.7384466143,2
2011-05-04 21:00:00,Middle,681,681,159.0961703993,-31.3928805341,-4.7865343094,Temperature,Mid-depth,°C,-2.3833516067,17.5937427081,13.9119849095,-3.6817577986,2
2011-05-04 22:00:00,Middle,681,681,159.0961703993,-31.3928805341,-4.7865343094,Temperature,Mid-depth,°C,-2.3524745058,17.6594063344,14.0099637808,-3.6494425536,2
2011-05-04 23:00:00,Middle,681,681,159.0961703993,-31.3928805341,-4.7865343094,Temperature,Mid-depth,°C,-2.3239727035,17.7142358778,14.0625889454,-3.6516469324,2
2011-05-05 00:00:00,Middle,681,681,159.0961703993,-31.3928805341,-4.7865343094,Temperature,Mid-depth,°C,-2.3055570329,17.7311302169,14.0750985320,-3.6560316850,2
2011-05-05 01:00:00,Middle,681,681,159.0961703993,-31.3928805341,-4.7865343094,Temperature,Mid-depth,°C,-2.3052065113,17.6464942278,13.9994397119,-3.6470545159,2
2011-05-05 02:00:00,Middle,681,681,159.0961703993,-31.3928805341,-4.7865343094,Temperature,Mid-depth,°C,-2.3213873838,17.5403569095,13.8042691033,-3.7360878062,2
2011-05-05 03:00:00,Middle,681,681,159.0961703993,-31.3928805341,-4.7865343094,Temperature,Mid-depth,°C,-2.3506797806,17.3174449004,13.4898277980,-3.8276171024,2
2011-05-05 04:00:00,Middle,681,681,159.0961703993,-31.3928805341,-4.7865343094,Temperature,Mid-depth,°C,-2.3872924695,17.0921959901,13.0622867326,-4.0299092575,2
2011-05-05 05:00:00,Middle,681,681,159.0961703993,-31.3928805341,-4.7865343094,Temperature,Mid-depth,°C,-2.4211258718,16.8465269793,12.6017387497,-4.2447882296,2
2011-05-05 06:00:00,Middle,681,681,159.0961703993,-31.3928805341,-4.7865343094,Temperature,Mid-depth,°C,-2.4449601184,16.7595396338,12.2331077027,-4.5264319311,2
2011-05-05 07:00:00,Middle,681,681,159.0961703993,-31.3928805341,-4.7865343094,Temperature,Mid-depth,°C,-2.4555258881,16.7235315000,11.9938173871,-4.7297141129,2
2011-05-05 08:00:00,Middle,681,681,159.0961703993,-31.3928805341,-4.7865343094,Temperature,Mid-depth,°C,-2.4448717422,16.8851922656,11.9914450699,-4.8937471956,2
2011-05-05 09:00:00,Middle,681,681,159.0961703993,-31.3928805341,-4.7865343094,Temperature,Mid-depth,°C,-2.4227479998,16.9484932216,12.1137108664,-4.8347823552,2
2011-05-05 10:00:00,Middle,681,681,159.0961703993,-31.3928805341,-4.7865343094,Temperature,Mid-depth,°C,-2.3842428763,17.0882674879,12.2616074025,-4.8266600855,2
2011-05-05 11:00:00,Middle,681,681,159.0961703993,-31.3928805341,-4.7865343094,Temperature,Mid-depth,°C,-2.3442082064,17.2672882704,12.3900328014,-4.8772554689,2
2011-05-05 12:00:00,Middle,681,681,159.0961703993,-31.3928805341,-4.7865343094,Temperature,Mid-depth,°C,-2.3128924931,17.3780510959,12.5146485740,-4.8634025219,2
2011-05-05 13:00:00,Middle,681,681,159.0961703993,-31.3928805341,-4.7865343094,Temperature,Mid-depth,°C,-2.2958406616,17.4534754160,12.6095148583,-4.8439605577,2
2011-05-05 14:00:00,Middle,681,681,159.0961703993,-31.3928805341,-4.7865343094,Temperature,Mid-depth,°C,-2.2944294043,17.4529724349,12.6261472085,-4.8268252263,2
2011-05-05 15:00:00,Middle,681,681,159.0961703993,-31.3928805341,-4.7865343094,Temperature,Mid-depth,°C,-2.3148069919,17.3572890789,12.5152508784,-4.8420382005,2
2011-05-05 16:00:00,Middle,681,681,159.0961703993,-31.3928805341,-4.7865343094,Temperature,Mid-depth,°C,-2.3492141764,17.1664055792,12.2820556465,-4.8843499326,2
2011-05-05 17:00:00,Middle,681,681,159.0961703993,-31.3928805341,-4.7865343094,Temperature,Mid-depth,°C,-2.3799111097,17.0725259469,11.9862087545,-5.0863171923,2
2011-05-05 18:00:00,Middle,681,681,159.0961703993,-31.3928805341,-4.7865343094,Temperature,Mid-depth,°C,-2.4055691170,17.0008503673,11.7101017638,-5.2907486035,2
2011-05-05 19:00:00,Middle,681,681,159.0961703993,-31.3928805341,-4.7865343094,Temperature,Mid-depth,°C,-2.4224300209,16.9630665617,11.4897394454,-5.4733271163,2
2011-05-05 20:00:00,Middle,681,681,159.0961703993,-31.3928805341,-4.7865343094,Temperature,Mid-depth,°C,-2.4206350292,17.0432164607,11.3927039474,-5.6505125134,2
2011-05-05 21:00:00,Middle,681,681,159.0961703993,-31.3928805341,-4.7865343094,Temperature,Mid-depth,°C,-2.4012430388,17.1819939546,11.4401683547,-5.7418255999,2
2011-05-05 22:00:00,Middle,681,681,159.0961703993,-31.3928805341,-4.7865343094,Temperature,Mid-depth,°C,-2.3685499246,17.2705987085,11.5084958268,-5.7621028818,2
2011-05-05 23:00:00,Middle,681,681,159.0961703993,-31.3928805341,-4.7865343094,Temperature,Mid-depth,°C,-2.3361803267,17.3756180820,11.5387880295,-5.8368300525,2
2011-05-06 00:00:00,Middle,681,681,159.0961703993,-31.3928805341,-4.7865343094,Temperature,Mid-depth,°C,-2.3089331555,17.4034103561,11.5434702242,-5.8599401319,2
2011-05-06 01:00:00,Middle,681,681,159.0961703993,-31.3928805341,-4.7865343094,Temperature,Mid-depth,°C,-2.2896444270,17.4560015527,11.4612300238,-5.9947715289,3
2011-05-06 02:00:00,Middle,681,681,159.0961703993,-31.3928805341,-4.7865343094,Temperature,Mid-depth,°C,-2.2938311883,17.3328163885,11.3972307642,-5.9355856243,3
2011-05-06 03:00:00,Middle,681,681,159.0961703993,-31.3928805341,-4.7865343094,Temperature,Mid-depth,°C,-2.3186401826,17.1633132964,11.3227322978,-5.8405809986,2
2011-05-06 04:00:00,Middle,681,681,159.0961703993,-31.3928805341,-4.7865343094,Temperature,Mid-depth,°C,-2.3544941695,16.9018750467,11.0737740377,-5.8281010090,2
2011-05-06 05:00:00,Middle,681,681,159.0961703993,-31.3928805341,-4.7865343094,Temperature,Mid-depth,°C,-2.3952503445,16.7017167196,10.7611249978,-5.9405917218,2
2011-05-06 06:00:00,Middle,681,681,159.0961703993,-31.3928805341,-4.7865343094,Temperature,Mid-depth,°C,-2.4353006768,16.4452797457,10.4510663713,-5.9942133744,2
2011-05-06 07:00:00,Middle,681,681,159.0961703993,-31.3928805341,-4.7865343094,Temperature,Mid-depth,°C,-2.4560970120,16.4075554461,10.2535673178,-6.1539881283,2
2011-05-06 08:00:00,Middle,681,681,159.0961703993,-31.3928805341,-4.7865343094,Temperature,Mid-depth,°C,-2.4642994408,16.4481834139,10.1623622995,-6.2858211143,2
2011-05-06 09:00:00,Middle,681,681,159.0961703993,-31.3928805341,-4.7865343094,Temperature,Mid-depth,°C,-2.4472302442,16.6186318363,10.1800718359,-6.4385600003,2
2011-05-06 10:00:00,Middle,681,681,159.0961703993,-31.3928805341,-4.7865343094,Temperature,Mid-depth,°C,-2.4088344474,16.7828373387,10.2912851049,-6.4915522338,2
2011-05-06 11:00:00,Middle,681,681,159.0961703993,-31.3928805341,-4.7865343094,Temperature,Mid-depth,°C,-2.3680640141,16.9298101680,10.3937790618,-6.5360311062,2
2011-05-06 12:00:00,Middle,681,681,159.0961703993,-31.3928805341,-4.7865343094,Temperature,Mid-depth,°C,-2.3252681195,17.1139848369,10.4690273656,-6.6449574713,2
2011-05-06 13:00:00,Middle,681,681,159.0961703993,-31.3928805341,-4.7865343094,Temperature,Mid-depth,°C,-2.2909022439,17.3212431724,10.5225220999,-6.7987210725,3
2011-05-06 14:00:00,Middle,681,681,159.0961703993,-31.3928805341,-4.7865343094,Temperature,Mid-depth,°C,-2.2799026228,17.3051982326,10.5721697805,-6.7330284521,3
2011-05-06 15:00:00,Middle,681,681,159.0961703993,-31.3928805341,-4.7865343094,Temperature,Mid-depth,°C,-2.2863366629,17.2549843847,10.5796131745,-6.6753712101,3
2011-05-06 16:00:00,Middle,681,681,159.0961703993,-31.3928805341,-4.7865343094,Temperature,Mid-depth,°C,-2.3137308911,17.0904324568,10.5320779659,-6.5583544909,2
2011-05-06 17:00:00,Middle,681,681,159.0961703993,-31.3928805341,-4.7865343094,Temperature,Mid-depth,°C,-2.3479588985,16.9174507991,10.4202347690,-6.4972160301,2
2011-05-06 18:00:00,Middle,681,681,159.0961703993,-31.3928805341,-4.7865343094,Temperature,Mid-depth,°C,-2.3791305544,16.8241413866,10.2813648560,-6.5427765306,2
2011-05-06 19:00:00,Middle,681,681,159.0961703993,-31.3928805341,-4.7865343094,Temperature,Mid-depth,°C,-2.4084962297,16.7325620307,10.1533402019,-6.5792218288,2
2011-05-06 20:00:00,Middle,681,681,159.0961703993,-31.3928805341,-4.7865343094,Temperature,Mid-depth,°C,-2.4276333779,16.6757877015,10.0548894413,-6.6208982603,2
2011-05-06 21:00:00,Middle,681,681,159.0961703993,-31.3928805341,-4.7865343094,Temperature,Mid-depth,°C,-2.4209048302,16.8422502901,10.0121848392,-6.8300654509,2
2011-05-06 22:00:00,Middle,681,681,159.0961703993,-31.3928805341,-4.7865343094,Temperature,Mid-depth,°C,-2.3927273750,17.0180272009,10.0221898028,-6.9958373982,2
2011-05-06 23:00:00,Middle,681,681,159.0961703993,-31.3928805341,-4.7865343094,Temperature,Mid-depth,°C,-2.3570215086,17.1138501576,10.0415968804,-7.0722532772,2
2011-05-07 00:00:00,Middle,681,681,159.0961703993,-31.3928805341,-4.7865343094,Temperature,Mid-depth,°C,-2.3192662660,17.2305756635,10.0449551354,-7.1856205281,2
2011-05-01 01:00:00,Middle,681,681,159.0961703993,-31.3928805341,-4.7865343094,Temperature,Near-bottom,°C,-4.2865343094,19.9795202075,19.9565705605,-0.0229496469,2
2011-05-01 02:00:00,Middle,681,681,159.0961703993,-31.3928805341,-4.7865343094,Temperature,Near-bottom,°C,-4.2865343094,19.9471859669,19.9134606198,-0.0337253471,2
2011-05-01 03:00:00,Middle,681,681,159.0961703993,-31.3928805341,-4.7865343094,Temperature,Near-bottom,°C,-4.2865343094,19.9164509166,19.8699722623,-0.0464786543,2
2011-05-01 04:00:00,Middle,681,681,159.0961703993,-31.3928805341,-4.7865343094,Temperature,Near-bottom,°C,-4.2865343094,19.8900337206,19.8297454895,-0.0602882311,2
2011-05-01 05:00:00,Middle,681,681,159.0961703993,-31.3928805341,-4.7865343094,Temperature,Near-bottom,°C,-4.2865343094,19.8652509721,19.7928256649,-0.0724253072,2
2011-05-01 06:00:00,Middle,681,681,159.0961703993,-31.3928805341,-4.7865343094,Temperature,Near-bottom,°C,-4.2865343094,19.8434470986,19.7576725133,-0.0857745853,2
2011-05-01 07:00:00,Middle,681,681,159.0961703993,-31.3928805341,-4.7865343094,Temperature,Near-bottom,°C,-4.2865343094,19.9118371847,19.7212133253,-0.1906238595,2
2011-05-01 08:00:00,Middle,681,681,159.0961703993,-31.3928805341,-4.7865343094,Temperature,Near-bottom,°C,-4.2865343094,19.9529291430,19.6882211128,-0.2647080302,2
2011-05-01 09:00:00,Middle,681,681,159.0961703993,-31.3928805341,-4.7865343094,Temperature,Near-bottom,°C,-4.2865343094,19.9642343382,19.6612951640,-0.3029391742,2
2011-05-01 10:00:00,Middle,681,681,159.0961703993,-31.3928805341,-4.7865343094,Temperature,Near-bottom,°C,-4.2865343094,19.9718206774,19.6442633211,-0.3275573562,2
2011-05-01 11:00:00,Middle,681,681,159.0961703993,-31.3928805341,-4.7865343094,Temperature,Near-bottom,°C,-4.2865343094,19.9789351674,19.6318372559,-0.3470979115,2
2011-05-01 12:00:00,Middle,681,681,159.0961703993,-31.3928805341,-4.7865343094,Temperature,Near-bottom,°C,-4.2865343094,19.9857585002,19.6182648161,-0.3674936841,2
2011-05-01 13:00:00,Middle,681,681,159.0961703993,-31.3928805341,-4.7865343094,Temperature,Near-bottom,°C,-4.2865343094,19.9981382466,19.5955037785,-0.4026344680,2
2011-05-01 14:00:00,Middle,681,681,159.0961703993,-31.3928805341,-4.7865343094,Temperature,Near-bottom,°C,-4.2865343094,20.0136518759,19.5656588968,-0.4479929791,2
2011-05-01 15:00:00,Middle,681,681,159.0961703993,-31.3928805341,-4.7865343094,Temperature,Near-bottom,°C,-4.2865343094,20.0233931011,19.5394393889,-0.4839537122,2
2011-05-01 16:00:00,Middle,681,681,159.0961703993,-31.3928805341,-4.7865343094,Temperature,Near-bottom,°C,-4.2865343094,20.0300977316,19.5145777040,-0.5155200276,2
2011-05-01 17:00:00,Middle,681,681,159.0961703993,-31.3928805341,-4.7865343094,Temperature,Near-bottom,°C,-4.2865343094,20.0385800619,19.4885706947,-0.5500093671,2
2011-05-01 18:00:00,Middle,681,681,159.0961703993,-31.3928805341,-4.7865343094,Temperature,Near-bottom,°C,-4.2865343094,20.0450408291,19.4541464471,-0.5908943819,2
2011-05-01 19:00:00,Middle,681,681,159.0961703993,-31.3928805341,-4.7865343094,Temperature,Near-bottom,°C,-4.2865343094,20.0474030148,19.4127338412,-0.6346691737,2
2011-05-01 20:00:00,Middle,681,681,159.0961703993,-31.3928805341,-4.7865343094,Temperature,Near-bottom,°C,-4.2865343094,20.0474291519,19.3670673731,-0.6803617788,2
2011-05-01 21:00:00,Middle,681,681,159.0961703993,-31.3928805341,-4.7865343094,Temperature,Near-bottom,°C,-4.2865343094,20.0473104947,19.3187741722,-0.7285363225,2
2011-05-01 22:00:00,Middle,681,681,159.0961703993,-31.3928805341,-4.7865343094,Temperature,Near-bottom,°C,-4.2865343094,20.0466875490,19.2727397840,-0.7739477650,2
2011-05-01 23:00:00,Middle,681,681,159.0961703993,-31.3928805341,-4.7865343094,Temperature,Near-bottom,°C,-4.2865343094,20.0457680832,19.2261453145,-0.8196227686,2
2011-05-02 00:00:00,Middle,681,681,159.0961703993,-31.3928805341,-4.7865343094,Temperature,Near-bottom,°C,-4.2865343094,20.0451413513,19.1655935613,-0.8795477900,2
2011-05-02 01:00:00,Middle,681,681,159.0961703993,-31.3928805341,-4.7865343094,Temperature,Near-bottom,°C,-4.2865343094,20.0443729326,19.0801885396,-0.9641843930,2
2011-05-02 02:00:00,Middle,681,681,159.0961703993,-31.3928805341,-4.7865343094,Temperature,Near-bottom,°C,-4.2865343094,20.0432115873,18.9826094804,-1.0606021070,2
2011-05-02 03:00:00,Middle,681,681,159.0961703993,-31.3928805341,-4.7865343094,Temperature,Near-bottom,°C,-4.2865343094,20.0411105023,18.9105994711,-1.1305110312,2
2011-05-02 04:00:00,Middle,681,681,159.0961703993,-31.3928805341,-4.7865343094,Temperature,Near-bottom,°C,-4.2865343094,20.0386550136,18.8512985849,-1.1873564287,2
2011-05-02 05:00:00,Middle,681,681,159.0961703993,-31.3928805341,-4.7865343094,Temperature,Near-bottom,°C,-4.2865343094,20.0367746505,18.8032777826,-1.2334968678,2
2011-05-02 06:00:00,Middle,681,681,159.0961703993,-31.3928805341,-4.7865343094,Temperature,Near-bottom,°C,-4.2865343094,20.0397240092,18.7620147127,-1.2777092965,2
2011-05-02 07:00:00,Middle,681,681,159.0961703993,-31.3928805341,-4.7865343094,Temperature,Near-bottom,°C,-4.2865343094,20.0441213010,18.7197388545,-1.3243824465,2
2011-05-02 08:00:00,Middle,681,681,159.0961703993,-31.3928805341,-4.7865343094,Temperature,Near-bottom,°C,-4.2865343094,20.0382745569,18.6751115643,-1.3631629926,2
2011-05-02 09:00:00,Middle,681,681,159.0961703993,-31.3928805341,-4.7865343094,Temperature,Near-bottom,°C,-4.2865343094,20.0297511356,18.6277444490,-1.4020066866,2
2011-05-02 10:00:00,Middle,681,681,159.0961703993,-31.3928805341,-4.7865343094,Temperature,Near-bottom,°C,-4.2865343094,20.0258351387,18.5920734989,-1.4337616399,2
2011-05-02 11:00:00,Middle,681,681,159.0961703993,-31.3928805341,-4.7865343094,Temperature,Near-bottom,°C,-4.2865343094,20.0280954906,18.5791115692,-1.4489839214,2
2011-05-02 12:00:00,Middle,681,681,159.0961703993,-31.3928805341,-4.7865343094,Temperature,Near-bottom,°C,-4.2865343094,20.0362513581,18.5792967166,-1.4569546415,2
2011-05-02 13:00:00,Middle,681,681,159.0961703993,-31.3928805341,-4.7865343094,Temperature,Near-bottom,°C,-4.2865343094,20.0477785384,18.5694902664,-1.4782882720,2
2011-05-02 14:00:00,Middle,681,681,159.0961703993,-31.3928805341,-4.7865343094,Temperature,Near-bottom,°C,-4.2865343094,20.0589607735,18.5272849029,-1.5316758706,2
2011-05-02 15:00:00,Middle,681,681,159.0961703993,-31.3928805341,-4.7865343094,Temperature,Near-bottom,°C,-4.2865343094,20.0687825294,18.4711264103,-1.5976561190,2
2011-05-02 16:00:00,Middle,681,681,159.0961703993,-31.3928805341,-4.7865343094,Temperature,Near-bottom,°C,-4.2865343094,20.0744690268,18.4373357083,-1.6371333184,2
2011-05-02 17:00:00,Middle,681,681,159.0961703993,-31.3928805341,-4.7865343094,Temperature,Near-bottom,°C,-4.2865343094,20.0783863540,18.4079981453,-1.6703882087,2
2011-05-02 18:00:00,Middle,681,681,159.0961703993,-31.3928805341,-4.7865343094,Temperature,Near-bottom,°C,-4.2865343094,20.0778969082,18.3704923818,-1.7074045264,2
2011-05-02 19:00:00,Middle,681,681,159.0961703993,-31.3928805341,-4.7865343094,Temperature,Near-bottom,°C,-4.2865343094,20.0760940248,18.3228685132,-1.7532255116,2
2011-05-02 20:00:00,Middle,681,681,159.0961703993,-31.3928805341,-4.7865343094,Temperature,Near-bottom,°C,-4.2865343094,20.0658702443,18.2732443786,-1.7926258657,2
2011-05-02 21:00:00,Middle,681,681,159.0961703993,-31.3928805341,-4.7865343094,Temperature,Near-bottom,°C,-4.2865343094,20.0527680169,18.2198189373,-1.8329490796,2
2011-05-02 22:00:00,Middle,681,681,159.0961703993,-31.3928805341,-4.7865343094,Temperature,Near-bottom,°C,-4.2865343094,20.0402353396,18.1643895764,-1.8758457632,2
2011-05-02 23:00:00,Middle,681,681,159.0961703993,-31.3928805341,-4.7865343094,Temperature,Near-bottom,°C,-4.2865343094,20.0323062992,18.1206713245,-1.9116349746,2
2011-05-03 00:00:00,Middle,681,681,159.0961703993,-31.3928805341,-4.7865343094,Temperature,Near-bottom,°C,-4.2865343094,20.0254948716,18.0802073534,-1.9452875181,2
2011-05-03 01:00:00,Middle,681,681,159.0961703993,-31.3928805341,-4.7865343094,Temperature,Near-bottom,°C,-4.2865343094,20.0203411831,18.0272128879,-1.9931282952,2
2011-05-03 02:00:00,Middle,681,681,159.0961703993,-31.3928805341,-4.7865343094,Temperature,Near-bottom,°C,-4.2865343094,20.0166378911,17.9524296178,-2.0642082734,2
2011-05-03 03:00:00,Middle,681,681,159.0961703993,-31.3928805341,-4.7865343094,Temperature,Near-bottom,°C,-4.2865343094,20.0138064580,17.8714904917,-2.1423159663,2
2011-05-03 04:00:00,Middle,681,681,159.0961703993,-31.3928805341,-4.7865343094,Temperature,Near-bottom,°C,-4.2865343094,20.0113573160,17.8151879908,-2.1961693251,2
2011-05-03 05:00:00,Middle,681,681,159.0961703993,-31.3928805341,-4.7865343094,Temperature,Near-bottom,°C,-4.2865343094,20.0107959709,17.7574750856,-2.2533208853,2
2011-05-03 06:00:00,Middle,681,681,159.0961703993,-31.3928805341,-4.7865343094,Temperature,Near-bottom,°C,-4.2865343094,20.0153985737,17.7048296847,-2.3105688890,2
2011-05-03 07:00:00,Middle,681,681,159.0961703993,-31.3928805341,-4.7865343094,Temperature,Near-bottom,°C,-4.2865343094,20.0265260759,17.6633545709,-2.3631715049,2
2011-05-03 08:00:00,Middle,681,681,159.0961703993,-31.3928805341,-4.7865343094,Temperature,Near-bottom,°C,-4.2865343094,20.0336587174,17.6292042823,-2.4044544351,2
2011-05-03 09:00:00,Middle,681,681,159.0961703993,-31.3928805341,-4.7865343094,Temperature,Near-bottom,°C,-4.2865343094,20.0352679645,17.5961938168,-2.4390741477,2
2011-05-03 10:00:00,Middle,681,681,159.0961703993,-31.3928805341,-4.7865343094,Temperature,Near-bottom,°C,-4.2865343094,20.0340658147,17.5596275067,-2.4744383080,2
2011-05-03 11:00:00,Middle,681,681,159.0961703993,-31.3928805341,-4.7865343094,Temperature,Near-bottom,°C,-4.2865343094,20.0476581130,17.5559913746,-2.4916667383,2
2011-05-03 12:00:00,Middle,681,681,159.0961703993,-31.3928805341,-4.7865343094,Temperature,Near-bottom,°C,-4.2865343094,20.0783354959,17.5855642895,-2.4927712063,2
2011-05-03 13:00:00,Middle,681,681,159.0961703993,-31.3928805341,-4.7865343094,Temperature,Near-bottom,°C,-4.2865343094,20.1117046885,17.6207726897,-2.4909319988,2
2011-05-03 14:00:00,Middle,681,681,159.0961703993,-31.3928805341,-4.7865343094,Temperature,Near-bottom,°C,-4.2865343094,20.1399813677,17.5960523488,-2.5439290189,2
2011-05-03 15:00:00,Middle,681,681,159.0961703993,-31.3928805341,-4.7865343094,Temperature,Near-bottom,°C,-4.2865343094,20.1607064061,17.4627793648,-2.6979270412,2
2011-05-03 16:00:00,Middle,681,681,159.0961703993,-31.3928805341,-4.7865343094,Temperature,Near-bottom,°C,-4.2865343094,20.1730862530,17.2715607515,-2.9015255015,2
2011-05-03 17:00:00,Middle,681,681,159.0961703993,-31.3928805341,-4.7865343094,Temperature,Near-bottom,°C,-4.2865343094,20.1754710000,17.1171981407,-3.0582728593,2
2011-05-03 18:00:00,Middle,681,681,159.0961703993,-31.3928805341,-4.7865343094,Temperature,Near-bottom,°C,-4.2865343094,20.1635798083,17.0101583548,-3.1534214535,2
2011-05-03 19:00:00,Middle,681,681,159.0961703993,-31.3928805341,-4.7865343094,Temperature,Near-bottom,°C,-4.2865343094,20.1508876272,16.9709262259,-3.1799614014,2
2011-05-03 20:00:00,Middle,681,681,159.0961703993,-31.3928805341,-4.7865343094,Temperature,Near-bottom,°C,-4.2865343094,20.1306473964,16.9578142892,-3.1728331072,2
2011-05-03 21:00:00,Middle,681,681,159.0961703993,-31.3928805341,-4.7865343094,Temperature,Near-bottom,°C,-4.2865343094,20.1005057082,16.9596890383,-3.1408166699,2
2011-05-03 22:00:00,Middle,681,681,159.0961703993,-31.3928805341,-4.7865343094,Temperature,Near-bottom,°C,-4.2865343094,20.0727980042,16.9428570921,-3.1299409121,2
2011-05-03 23:00:00,Middle,681,681,159.0961703993,-31.3928805341,-4.7865343094,Temperature,Near-bottom,°C,-4.2865343094,20.0521283319,16.8857894645,-3.1663388674,2
2011-05-04 00:00:00,Middle,681,681,159.0961703993,-31.3928805341,-4.7865343094,Temperature,Near-bottom,°C,-4.2865343094,20.0415638796,16.7945814165,-3.2469824631,2
2011-05-04 01:00:00,Middle,681,681,159.0961703993,-31.3928805341,-4.7865343094,Temperature,Near-bottom,°C,-4.2865343094,20.0330064683,16.6756388288,-3.3573676395,2
2011-05-04 02:00:00,Middle,681,681,159.0961703993,-31.3928805341,-4.7865343094,Temperature,Near-bottom,°C,-4.2865343094,20.0247509599,16.5107535215,-3.5139974384,2
2011-05-04 03:00:00,Middle,681,681,159.0961703993,-31.3928805341,-4.7865343094,Temperature,Near-bottom,°C,-4.2865343094,20.0168956463,16.2045289807,-3.8123666656,2
2011-05-04 04:00:00,Middle,681,681,159.0961703993,-31.3928805341,-4.7865343094,Temperature,Near-bottom,°C,-4.2865343094,20.0113868211,15.7714498176,-4.2399370035,2
2011-05-04 05:00:00,Middle,681,681,159.0961703993,-31.3928805341,-4.7865343094,Temperature,Near-bottom,°C,-4.2865343094,20.0113464548,15.3986700586,-4.6126763963,2
2011-05-04 06:00:00,Middle,681,681,159.0961703993,-31.3928805341,-4.7865343094,Temperature,Near-bottom,°C,-4.2865343094,20.0132051740,15.0754845276,-4.9377206464,2
2011-05-04 07:00:00,Middle,681,681,159.0961703993,-31.3928805341,-4.7865343094,Temperature,Near-bottom,°C,-4.2865343094,20.0153273827,14.9466683678,-5.0686590149,2
2011-05-04 08:00:00,Middle,681,681,159.0961703993,-31.3928805341,-4.7865343094,Temperature,Near-bottom,°C,-4.2865343094,20.0196661986,15.0870030031,-4.9326631955,2
2011-05-04 09:00:00,Middle,681,681,159.0961703993,-31.3928805341,-4.7865343094,Temperature,Near-bottom,°C,-4.2865343094,20.0166434115,15.3081471272,-4.7084962843,2
2011-05-04 10:00:00,Middle,681,681,159.0961703993,-31.3928805341,-4.7865343094,Temperature,Near-bottom,°C,-4.2865343094,20.0123960143,15.4611618258,-4.5512341885,2
2011-05-04 11:00:00,Middle,681,681,159.0961703993,-31.3928805341,-4.7865343094,Temperature,Near-bottom,°C,-4.2865343094,20.0203361447,15.5234886689,-4.4968474758,2
2011-05-04 12:00:00,Middle,681,681,159.0961703993,-31.3928805341,-4.7865343094,Temperature,Near-bottom,°C,-4.2865343094,20.0233561808,15.5410825002,-4.4822736806,2
2011-05-04 13:00:00,Middle,681,681,159.0961703993,-31.3928805341,-4.7865343094,Temperature,Near-bottom,°C,-4.2865343094,20.0340064301,15.5033225949,-4.5306838351,2
2011-05-04 14:00:00,Middle,681,681,159.0961703993,-31.3928805341,-4.7865343094,Temperature,Near-bottom,°C,-4.2865343094,20.0340940094,15.3542950019,-4.6797990075,2
2011-05-04 15:00:00,Middle,681,681,159.0961703993,-31.3928805341,-4.7865343094,Temperature,Near-bottom,°C,-4.2865343094,20.0334744222,15.0530531503,-4.9804212719,2
2011-05-04 16:00:00,Middle,681,681,159.0961703993,-31.3928805341,-4.7865343094,Temperature,Near-bottom,°C,-4.2865343094,20.0302741149,14.6535330574,-5.3767410575,2
2011-05-04 17:00:00,Middle,681,681,159.0961703993,-31.3928805341,-4.7865343094,Temperature,Near-bottom,°C,-4.2865343094,20.0237386414,14.2576187145,-5.7661199269,2
2011-05-04 18:00:00,Middle,681,681,159.0961703993,-31.3928805341,-4.7865343094,Temperature,Near-bottom,°C,-4.2865343094,20.0082226875,13.9637472689,-6.0444754186,2
2011-05-04 19:00:00,Middle,681,681,159.0961703993,-31.3928805341,-4.7865343094,Temperature,Near-bottom,°C,-4.2865343094,19.9909143680,13.7736932104,-6.2172211576,2
2011-05-04 20:00:00,Middle,681,681,159.0961703993,-31.3928805341,-4.7865343094,Temperature,Near-bottom,°C,-4.2865343094,19.9707381283,13.7814658399,-6.1892722884,2
2011-05-04 21:00:00,Middle,681,681,159.0961703993,-31.3928805341,-4.7865343094,Temperature,Near-bottom,°C,-4.2865343094,19.9465503744,13.9127605897,-6.0337897848,2
2011-05-04 22:00:00,Middle,681,681,159.0961703993,-31.3928805341,-4.7865343094,Temperature,Near-bottom,°C,-4.2865343094,19.9190081334,14.0108072871,-5.9082008463,2
2011-05-04 23:00:00,Middle,681,681,159.0961703993,-31.3928805341,-4.7865343094,Temperature,Near-bottom,°C,-4.2865343094,19.8984809166,14.0634265088,-5.8350544078,2
2011-05-05 00:00:00,Middle,681,681,159.0961703993,-31.3928805341,-4.7865343094,Temperature,Near-bottom,°C,-4.2865343094,19.8811761948,14.0760600215,-5.8051161732,2
2011-05-05 01:00:00,Middle,681,681,159.0961703993,-31.3928805341,-4.7865343094,Temperature,Near-bottom,°C,-4.2865343094,19.8720980500,14.0006176562,-5.8714803938,2
2011-05-05 02:00:00,Middle,681,681,159.0961703993,-31.3928805341,-4.7865343094,Temperature,Near-bottom,°C,-4.2865343094,19.8611485791,13.8056996976,-6.0554488815,2
2011-05-05 03:00:00,Middle,681,681,159.0961703993,-31.3928805341,-4.7865343094,Temperature,Near-bottom,°C,-4.2865343094,19.8513489817,13.4913459126,-6.3600030691,2
2011-05-05 04:00:00,Middle,681,681,159.0961703993,-31.3928805341,-4.7865343094,Temperature,Near-bottom,°C,-4.2865343094,19.8424673664,13.0637594657,-6.7787079007,2
2011-05-05 05:00:00,Middle,681,681,159.0961703993,-31.3928805341,-4.7865343094,Temperature,Near-bottom,°C,-4.2865343094,19.8328241051,12.6028296300,-7.2299944751,2
2011-05-05 06:00:00,Middle,681,681,159.0961703993,-31.3928805341,-4.7865343094,Temperature,Near-bottom,°C,-4.2865343094,19.8317577515,12.2339916484,-7.5977661031,2
2011-05-05 07:00:00,Middle,681,681,159.0961703993,-31.3928805341,-4.7865343094,Temperature,Near-bottom,°C,-4.2865343094,19.8338926178,11.9944342162,-7.8394584016,2
2011-05-05 08:00:00,Middle,681,681,159.0961703993,-31.3928805341,-4.7865343094,Temperature,Near-bottom,°C,-4.2865343094,19.8387909126,11.9918162222,-7.8469746904,2
2011-05-05 09:00:00,Middle,681,681,159.0961703993,-31.3928805341,-4.7865343094,Temperature,Near-bottom,°C,-4.2865343094,19.8454520603,12.1139386812,-7.7315133791,2
2011-05-05 10:00:00,Middle,681,681,159.0961703993,-31.3928805341,-4.7865343094,Temperature,Near-bottom,°C,-4.2865343094,19.8502029210,12.2617483602,-7.5884545607,2
2011-05-05 11:00:00,Middle,681,681,159.0961703993,-31.3928805341,-4.7865343094,Temperature,Near-bottom,°C,-4.2865343094,19.8605000475,12.3900567349,-7.4704433126,2
2011-05-05 12:00:00,Middle,681,681,159.0961703993,-31.3928805341,-4.7865343094,Temperature,Near-bottom,°C,-4.2865343094,19.8750582906,12.5145816993,-7.3604765913,2
2011-05-05 13:00:00,Middle,681,681,159.0961703993,-31.3928805341,-4.7865343094,Temperature,Near-bottom,°C,-4.2865343094,19.8955726360,12.6095462995,-7.2860263365,2
2011-05-05 14:00:00,Middle,681,681,159.0961703993,-31.3928805341,-4.7865343094,Temperature,Near-bottom,°C,-4.2865343094,19.9182998445,12.6263864982,-7.2919133463,2
2011-05-05 15:00:00,Middle,681,681,159.0961703993,-31.3928805341,-4.7865343094,Temperature,Near-bottom,°C,-4.2865343094,19.9326097288,12.5157641821,-7.4168455466,2
2011-05-05 16:00:00,Middle,681,681,159.0961703993,-31.3928805341,-4.7865343094,Temperature,Near-bottom,°C,-4.2865343094,19.9343864611,12.2827107592,-7.6516757019,2
2011-05-05 17:00:00,Middle,681,681,159.0961703993,-31.3928805341,-4.7865343094,Temperature,Near-bottom,°C,-4.2865343094,19.9289524162,11.9869457491,-7.9420066672,2
2011-05-05 18:00:00,Middle,681,681,159.0961703993,-31.3928805341,-4.7865343094,Temperature,Near-bottom,°C,-4.2865343094,19.9229041783,11.7107209811,-8.2121831972,2
2011-05-05 19:00:00,Middle,681,681,159.0961703993,-31.3928805341,-4.7865343094,Temperature,Near-bottom,°C,-4.2865343094,19.9121154565,11.4902641560,-8.4218513005,2
2011-05-05 20:00:00,Middle,681,681,159.0961703993,-31.3928805341,-4.7865343094,Temperature,Near-bottom,°C,-4.2865343094,19.8982371855,11.3931267827,-8.5051104028,2
2011-05-05 21:00:00,Middle,681,681,159.0961703993,-31.3928805341,-4.7865343094,Temperature,Near-bottom,°C,-4.2865343094,19.8815280580,11.4405871401,-8.4409409179,2
2011-05-05 22:00:00,Middle,681,681,159.0961703993,-31.3928805341,-4.7865343094,Temperature,Near-bottom,°C,-4.2865343094,19.8566433819,11.5089565352,-8.3476868467,2
2011-05-05 23:00:00,Middle,681,681,159.0961703993,-31.3928805341,-4.7865343094,Temperature,Near-bottom,°C,-4.2865343094,19.8323245233,11.5392525393,-8.2930719839,2
2011-05-06 00:00:00,Middle,681,681,159.0961703993,-31.3928805341,-4.7865343094,Temperature,Near-bottom,°C,-4.2865343094,19.8154733934,11.5439316440,-8.2715417494,2
2011-05-06 01:00:00,Middle,681,681,159.0961703993,-31.3928805341,-4.7865343094,Temperature,Near-bottom,°C,-4.2865343094,19.7999862146,11.5430796278,-8.2569065868,2
2011-05-06 02:00:00,Middle,681,681,159.0961703993,-31.3928805341,-4.7865343094,Temperature,Near-bottom,°C,-4.2865343094,19.7943160970,11.4842602534,-8.3100558436,2
2011-05-06 03:00:00,Middle,681,681,159.0961703993,-31.3928805341,-4.7865343094,Temperature,Near-bottom,°C,-4.2865343094,19.7788791825,11.3234287117,-8.4554504708,2
2011-05-06 04:00:00,Middle,681,681,159.0961703993,-31.3928805341,-4.7865343094,Temperature,Near-bottom,°C,-4.2865343094,19.7666329556,11.0744673105,-8.6921656451,2
2011-05-06 05:00:00,Middle,681,681,159.0961703993,-31.3928805341,-4.7865343094,Temperature,Near-bottom,°C,-4.2865343094,19.7577408224,10.7618009346,-8.9959398878,2
2011-05-06 06:00:00,Middle,681,681,159.0961703993,-31.3928805341,-4.7865343094,Temperature,Near-bottom,°C,-4.2865343094,19.7436769125,10.4515687083,-9.2921082043,2
2011-05-06 07:00:00,Middle,681,681,159.0961703993,-31.3928805341,-4.7865343094,Temperature,Near-bottom,°C,-4.2865343094,19.7488947300,10.2539067937,-9.4949879364,2
2011-05-06 08:00:00,Middle,681,681,159.0961703993,-31.3928805341,-4.7865343094,Temperature,Near-bottom,°C,-4.2865343094,19.7609901726,10.1625379030,-9.5984522695,2
2011-05-06 09:00:00,Middle,681,681,159.0961703993,-31.3928805341,-4.7865343094,Temperature,Near-bottom,°C,-4.2865343094,19.7712962761,10.1800867798,-9.5912094963,2
2011-05-06 10:00:00,Middle,681,681,159.0961703993,-31.3928805341,-4.7865343094,Temperature,Near-bottom,°C,-4.2865343094,19.7835000702,10.2911748260,-9.4923252442,2
2011-05-06 11:00:00,Middle,681,681,159.0961703993,-31.3928805341,-4.7865343094,Temperature,Near-bottom,°C,-4.2865343094,19.7939720868,10.3935695337,-9.4004025530,2
2011-05-06 12:00:00,Middle,681,681,159.0961703993,-31.3928805341,-4.7865343094,Temperature,Near-bottom,°C,-4.2865343094,19.8120904901,10.4687978858,-9.3432926043,2
2011-05-06 13:00:00,Middle,681,681,159.0961703993,-31.3928805341,-4.7865343094,Temperature,Near-bottom,°C,-4.2865343094,19.8258494585,10.5398534911,-9.2859959675,2
2011-05-06 14:00:00,Middle,681,681,159.0961703993,-31.3928805341,-4.7865343094,Temperature,Near-bottom,°C,-4.2865343094,19.8414644300,10.5873171307,-9.2541472993,2
2011-05-06 15:00:00,Middle,681,681,159.0961703993,-31.3928805341,-4.7865343094,Temperature,Near-bottom,°C,-4.2865343094,19.8516340568,10.5868494612,-9.2647845957,2
2011-05-06 16:00:00,Middle,681,681,159.0961703993,-31.3928805341,-4.7865343094,Temperature,Near-bottom,°C,-4.2865343094,19.8575443762,10.5322191159,-9.3253252604,2
2011-05-06 17:00:00,Middle,681,681,159.0961703993,-31.3928805341,-4.7865343094,Temperature,Near-bottom,°C,-4.2865343094,19.8389471928,10.4205162058,-9.4184309870,2
2011-05-06 18:00:00,Middle,681,681,159.0961703993,-31.3928805341,-4.7865343094,Temperature,Near-bottom,°C,-4.2865343094,19.8243578165,10.2816758455,-9.5426819709,2
2011-05-06 19:00:00,Middle,681,681,159.0961703993,-31.3928805341,-4.7865343094,Temperature,Near-bottom,°C,-4.2865343094,19.8151293615,10.1536377267,-9.6614916349,2
2011-05-06 20:00:00,Middle,681,681,159.0961703993,-31.3928805341,-4.7865343094,Temperature,Near-bottom,°C,-4.2865343094,19.8016564194,10.0551598782,-9.7464965411,2
2011-05-06 21:00:00,Middle,681,681,159.0961703993,-31.3928805341,-4.7865343094,Temperature,Near-bottom,°C,-4.2865343094,19.7908538496,10.0124351890,-9.7784186606,2
2011-05-06 22:00:00,Middle,681,681,159.0961703993,-31.3928805341,-4.7865343094,Temperature,Near-bottom,°C,-4.2865343094,19.7760963793,10.0224501424,-9.7536462369,2
2011-05-06 23:00:00,Middle,681,681,159.0961703993,-31.3928805341,-4.7865343094,Temperature,Near-bottom,°C,-4.2865343094,19.7499804617,10.0418730879,-9.7081073739,2
2011-05-07 00:00:00,Middle,681,681,159.0961703993,-31.3928805341,-4.7865343094,Temperature,Near-bottom,°C,-4.2865343094,19.7311594782,10.0452479824,-9.6859114958,2
2011-05-01 01:00:00,Middle,681,681,159.0961703993,-31.3928805341,-4.7865343094,Temperature,Surface,°C,-0.4740738778,19.9650670703,19.9367428744,-0.0283241959,4
2011-05-01 02:00:00,Middle,681,681,159.0961703993,-31.3928805341,-4.7865343094,Temperature,Surface,°C,-0.5684610500,19.9314803297,19.8774928665,-0.0539874632,4
2011-05-01 03:00:00,Middle,681,681,159.0961703993,-31.3928805341,-4.7865343094,Temperature,Surface,°C,-0.5835113770,19.9030895755,19.8199937174,-0.0830958581,4
2011-05-01 04:00:00,Middle,681,681,159.0961703993,-31.3928805341,-4.7865343094,Temperature,Surface,°C,-0.6036079106,19.8765364899,19.7666760140,-0.1098604759,4
2011-05-01 05:00:00,Middle,681,681,159.0961703993,-31.3928805341,-4.7865343094,Temperature,Surface,°C,-0.5695230713,19.8527396195,19.7130186957,-0.1397209238,4
2011-05-01 06:00:00,Middle,681,681,159.0961703993,-31.3928805341,-4.7865343094,Temperature,Surface,°C,-0.5134578353,19.8304931614,19.6636982584,-0.1667949029,4
2011-05-01 07:00:00,Middle,681,681,159.0961703993,-31.3928805341,-4.7865343094,Temperature,Surface,°C,-0.4502545489,19.7868795286,19.6168726990,-0.1700068296,4
2011-05-01 08:00:00,Middle,681,681,159.0961703993,-31.3928805341,-4.7865343094,Temperature,Surface,°C,-0.3915402318,19.7303646953,19.5762396823,-0.1541250130,4
2011-05-01 09:00:00,Middle,681,681,159.0961703993,-31.3928805341,-4.7865343094,Temperature,Surface,°C,-0.3475650122,19.6990505587,19.5434434909,-0.1556070678,4
2011-05-01 10:00:00,Middle,681,681,159.0961703993,-31.3928805341,-4.7865343094,Temperature,Surface,°C,-0.3345214836,19.6831178968,19.5231147250,-0.1600031718,4
2011-05-01 11:00:00,Middle,681,681,159.0961703993,-31.3928805341,-4.7865343094,Temperature,Surface,°C,-0.3427173326,19.6858253772,19.5146217021,-0.1712036751,4
2011-05-01 12:00:00,Middle,681,681,159.0961703993,-31.3928805341,-4.7865343094,Temperature,Surface,°C,-0.3846326022,19.6845644854,19.5137386051,-0.1708258803,4
2011-05-01 13:00:00,Middle,681,681,159.0961703993,-31.3928805341,-4.7865343094,Temperature,Surface,°C,-0.4453677826,19.6952973680,19.5108395621,-0.1844578059,4
2011-05-01 14:00:00,Middle,681,681,159.0961703993,-31.3928805341,-4.7865343094,Temperature,Surface,°C,-0.4962369012,19.7118634095,19.5000617429,-0.2118016666,4
2011-05-01 15:00:00,Middle,681,681,159.0961703993,-31.3928805341,-4.7865343094,Temperature,Surface,°C,-0.5378585642,19.7059339095,19.4839332163,-0.2220006932,4
2011-05-01 16:00:00,Middle,681,681,159.0961703993,-31.3928805341,-4.7865343094,Temperature,Surface,°C,-0.5538695978,19.6791664123,19.4622493652,-0.2169170471,4
2011-05-01 17:00:00,Middle,681,681,159.0961703993,-31.3928805341,-4.7865343094,Temperature,Surface,°C,-0.5436443135,19.6417999913,19.4285438698,-0.2132561215,4
2011-05-01 18:00:00,Middle,681,681,159.0961703993,-31.3928805341,-4.7865343094,Temperature,Surface,°C,-0.5007876482,19.5967071276,19.3747165594,-0.2219905682,4
2011-05-01 19:00:00,Middle,681,681,159.0961703993,-31.3928805341,-4.7865343094,Temperature,Surface,°C,-0.4371106297,19.5121836640,19.3095415591,-0.2026421050,4
2011-05-01 20:00:00,Middle,681,681,159.0961703993,-31.3928805341,-4.7865343094,Temperature,Surface,°C,-0.3812920757,19.3929648177,19.2442632723,-0.1487015454,4
2011-05-01 21:00:00,Middle,681,681,159.0961703993,-31.3928805341,-4.7865343094,Temperature,Surface,°C,-0.3286348301,19.2561965330,19.1800727037,-0.0761238293,4
2011-05-01 22:00:00,Middle,681,681,159.0961703993,-31.3928805341,-4.7865343094,Temperature,Surface,°C,-0.3056929813,19.1050286874,19.1219193444,0.0168906570,4
2011-05-01 23:00:00,Middle,681,681,159.0961703993,-31.3928805341,-4.7865343094,Temperature,Surface,°C,-0.3204879172,18.9461466940,19.0770780738,0.1309313799,4
2011-05-02 00:00:00,Middle,681,681,159.0961703993,-31.3928805341,-4.7865343094,Temperature,Surface,°C,-0.3671420618,18.7475868038,19.0318933526,0.2843065488,4
2011-05-02 01:00:00,Middle,681,681,159.0961703993,-31.3928805341,-4.7865343094,Temperature,Surface,°C,-0.4324392365,18.4777433460,18.9704052754,0.4926619294,4
2011-05-02 02:00:00,Middle,681,681,159.0961703993,-31.3928805341,-4.7865343094,Temperature,Surface,°C,-0.4963864220,18.1981583309,18.8967930514,0.6986347206,4
2011-05-02 03:00:00,Middle,681,681,159.0961703993,-31.3928805341,-4.7865343094,Temperature,Surface,°C,-0.5465842432,17.9603496425,18.8322183182,0.8718686757,4
2011-05-02 04:00:00,Middle,681,681,159.0961703993,-31.3928805341,-4.7865343094,Temperature,Surface,°C,-0.5818363016,17.7934796221,18.7749886568,0.9815090347,4
2011-05-02 05:00:00,Middle,681,681,159.0961703993,-31.3928805341,-4.7865343094,Temperature,Surface,°C,-0.5857881148,17.6900724386,18.7210814003,1.0310089617,4
2011-05-02 06:00:00,Middle,681,681,159.0961703993,-31.3928805341,-4.7865343094,Temperature,Surface,°C,-0.5585326372,17.6147414138,18.6620395695,1.0472981558,4
2011-05-02 07:00:00,Middle,681,681,159.0961703993,-31.3928805341,-4.7865343094,Temperature,Surface,°C,-0.5016006304,17.5573844761,18.5948141769,1.0374297008,4
2011-05-02 08:00:00,Middle,681,681,159.0961703993,-31.3928805341,-4.7865343094,Temperature,Surface,°C,-0.4322609759,17.4812253345,18.5327003865,1.0514750520,4
2011-05-02 09:00:00,Middle,681,681,159.0961703993,-31.3928805341,-4.7865343094,Temperature,Surface,°C,-0.3712620865,17.3735748532,18.4809617410,1.1073868878,4
2011-05-02 10:00:00,Middle,681,681,159.0961703993,-31.3928805341,-4.7865343094,Temperature,Surface,°C,-0.3284163248,17.2971014213,18.4455115922,1.1484101710,4
2011-05-02 11:00:00,Middle,681,681,159.0961703993,-31.3928805341,-4.7865343094,Temperature,Surface,°C,-0.3146321932,17.2894944256,18.4345768380,1.1450824123,4
2011-05-02 12:00:00,Middle,681,681,159.0961703993,-31.3928805341,-4.7865343094,Temperature,Surface,°C,-0.3317347454,17.3167599561,18.4474564598,1.1306965037,4
2011-05-02 13:00:00,Middle,681,681,159.0961703993,-31.3928805341,-4.7865343094,Temperature,Surface,°C,-0.3763659970,17.3022925270,18.4639164082,1.1616238812,4
2011-05-02 14:00:00,Middle,681,681,159.0961703993,-31.3928805341,-4.7865343094,Temperature,Surface,°C,-0.4355632892,17.2087173044,18.4583928306,1.2496755262,4
2011-05-02 15:00:00,Middle,681,681,159.0961703993,-31.3928805341,-4.7865343094,Temperature,Surface,°C,-0.4877435586,17.0712276271,18.4315722819,1.3603446548,4
2011-05-02 16:00:00,Middle,681,681,159.0961703993,-31.3928805341,-4.7865343094,Temperature,Surface,°C,-0.5214240615,16.9483305798,18.4060789998,1.4577484200,4
2011-05-02 17:00:00,Middle,681,681,159.0961703993,-31.3928805341,-4.7865343094,Temperature,Surface,°C,-0.5416649446,16.8428085367,18.3719835729,1.5291750363,4
2011-05-02 18:00:00,Middle,681,681,159.0961703993,-31.3928805341,-4.7865343094,Temperature,Surface,°C,-0.5294357014,16.7663628779,18.3187036745,1.5523407966,4
2011-05-02 19:00:00,Middle,681,681,159.0961703993,-31.3928805341,-4.7865343094,Temperature,Surface,°C,-0.4788485709,16.7348911847,18.2439581762,1.5090669915,4
2011-05-02 20:00:00,Middle,681,681,159.0961703993,-31.3928805341,-4.7865343094,Temperature,Surface,°C,-0.4206621890,16.6782031111,18.1663672201,1.4881641090,4
2011-05-02 21:00:00,Middle,681,681,159.0961703993,-31.3928805341,-4.7865343094,Temperature,Surface,°C,-0.3608961538,16.6331096050,18.0902435320,1.4571339270,4
2011-05-02 22:00:00,Middle,681,681,159.0961703993,-31.3928805341,-4.7865343094,Temperature,Surface,°C,-0.3178997058,16.5430764224,18.0182961360,1.4752197136,4
2011-05-02 23:00:00,Middle,681,681,159.0961703993,-31.3928805341,-4.7865343094,Temperature,Surface,°C,-0.3048016420,16.4703999159,17.9637234733,1.4933235574,4
2011-05-03 00:00:00,Middle,681,681,159.0961703993,-31.3928805341,-4.7865343094,Temperature,Surface,°C,-0.3295968810,16.4316699156,17.9308482659,1.4991783503,4
2011-05-03 01:00:00,Middle,681,681,159.0961703993,-31.3928805341,-4.7865343094,Temperature,Surface,°C,-0.3784222169,16.4132302475,17.8998434638,1.4866132163,4
2011-05-03 02:00:00,Middle,681,681,159.0961703993,-31.3928805341,-4.7865343094,Temperature,Surface,°C,-0.4426400664,16.3307847862,17.8527628459,1.5219780597,4
2011-05-03 03:00:00,Middle,681,681,159.0961703993,-31.3928805341,-4.7865343094,Temperature,Surface,°C,-0.5072094977,16.2203941817,17.7951295022,1.5747353205,4
2011-05-03 04:00:00,Middle,681,681,159.0961703993,-31.3928805341,-4.7865343094,Temperature,Surface,°C,-0.5569071654,16.0907216362,17.7431976794,1.6524760432,4
2011-05-03 05:00:00,Middle,681,681,159.0961703993,-31.3928805341,-4.7865343094,Temperature,Surface,°C,-0.6000830636,15.9808216116,17.6884335385,1.7076119269,4
2011-05-03 06:00:00,Middle,681,681,159.0961703993,-31.3928805341,-4.7865343094,Temperature,Surface,°C,-0.5997173805,15.9273326828,17.6288561316,1.7015234488,4
2011-05-03 07:00:00,Middle,681,681,159.0961703993,-31.3928805341,-4.7865343094,Temperature,Surface,°C,-0.5583746669,15.9082737628,17.5612852847,1.6530115219,4
2011-05-03 08:00:00,Middle,681,681,159.0961703993,-31.3928805341,-4.7865343094,Temperature,Surface,°C,-0.5019620680,15.9107231257,17.5039026393,1.5931795136,4
2011-05-03 09:00:00,Middle,681,681,159.0961703993,-31.3928805341,-4.7865343094,Temperature,Surface,°C,-0.4250057052,15.9746690668,17.4605013360,1.4858322692,4
2011-05-03 10:00:00,Middle,681,681,159.0961703993,-31.3928805341,-4.7865343094,Temperature,Surface,°C,-0.3599979539,15.9917032627,17.4341508092,1.4424475465,4
2011-05-03 11:00:00,Middle,681,681,159.0961703993,-31.3928805341,-4.7865343094,Temperature,Surface,°C,-0.3192897881,16.0273065529,17.4431240977,1.4158175448,4
2011-05-03 12:00:00,Middle,681,681,159.0961703993,-31.3928805341,-4.7865343094,Temperature,Surface,°C,-0.3120318186,16.1014420553,17.4830236279,1.3815815726,4
2011-05-03 13:00:00,Middle,681,681,159.0961703993,-31.3928805341,-4.7865343094,Temperature,Surface,°C,-0.3412012042,16.2082712405,17.5380600925,1.3297888520,4
2011-05-03 14:00:00,Middle,681,681,159.0961703993,-31.3928805341,-4.7865343094,Temperature,Surface,°C,-0.3860101427,16.2860356503,17.5534816988,1.2674460485,4
2011-05-03 15:00:00,Middle,681,681,159.0961703993,-31.3928805341,-4.7865343094,Temperature,Surface,°C,-0.4451668974,16.2811141401,17.4790420384,1.1979278983,4
2011-05-03 16:00:00,Middle,681,681,159.0961703993,-31.3928805341,-4.7865343094,Temperature,Surface,°C,-0.4971618885,16.2186017744,17.3363723907,1.1177706163,4
2011-05-03 17:00:00,Middle,681,681,159.0961703993,-31.3928805341,-4.7865343094,Temperature,Surface,°C,-0.5386419147,16.1426697948,17.1998728372,1.0572030423,4
2011-05-03 18:00:00,Middle,681,681,159.0961703993,-31.3928805341,-4.7865343094,Temperature,Surface,°C,-0.5471541436,16.0847130196,17.0911412148,1.0064281953,4
2011-05-03 19:00:00,Middle,681,681,159.0961703993,-31.3928805341,-4.7865343094,Temperature,Surface,°C,-0.5247880598,16.0380086862,17.0305094296,0.9925007434,4
2011-05-03 20:00:00,Middle,681,681,159.0961703993,-31.3928805341,-4.7865343094,Temperature,Surface,°C,-0.4814257827,15.9968160046,16.9860356976,0.9892196931,4
2011-05-03 21:00:00,Middle,681,681,159.0961703993,-31.3928805341,-4.7865343094,Temperature,Surface,°C,-0.4112183927,16.0024688136,16.9613213182,0.9588525046,4
2011-05-03 22:00:00,Middle,681,681,159.0961703993,-31.3928805341,-4.7865343094,Temperature,Surface,°C,-0.3512028319,15.9477577380,16.9313182542,0.9835605162,4
2011-05-03 23:00:00,Middle,681,681,159.0961703993,-31.3928805341,-4.7865343094,Temperature,Surface,°C,-0.3081583845,15.8856515030,16.8762538313,0.9906023282,4
2011-05-04 00:00:00,Middle,681,681,159.0961703993,-31.3928805341,-4.7865343094,Temperature,Surface,°C,-0.3028474778,15.8028431885,16.7967442985,0.9939011101,4
2011-05-04 01:00:00,Middle,681,681,159.0961703993,-31.3928805341,-4.7865343094,Temperature,Surface,°C,-0.3310543791,15.7772593877,16.6844075566,0.9071481689,4
2011-05-04 02:00:00,Middle,681,681,159.0961703993,-31.3928805341,-4.7865343094,Temperature,Surface,°C,-0.3846168163,15.7740866339,16.5169963099,0.7429096759,4
2011-05-04 03:00:00,Middle,681,681,159.0961703993,-31.3928805341,-4.7865343094,Temperature,Surface,°C,-0.4610882496,15.7388866448,16.2427833800,0.5038967353,4
2011-05-04 04:00:00,Middle,681,681,159.0961703993,-31.3928805341,-4.7865343094,Temperature,Surface,°C,-0.5266024140,15.6530766228,15.8742284577,0.2211518348,4
2011-05-04 05:00:00,Middle,681,681,159.0961703993,-31.3928805341,-4.7865343094,Temperature,Surface,°C,-0.5757738018,15.5438271256,15.5311849764,-0.0126421492,4
2011-05-04 06:00:00,Middle,681,681,159.0961703993,-31.3928805341,-4.7865343094,Temperature,Surface,°C,-0.6111985437,15.4701185538,15.2199305971,-0.2501879567,4
2011-05-04 07:00:00,Middle,681,681,159.0961703993,-31.3928805341,-4.7865343094,Temperature,Surface,°C,-0.6063819954,15.4215644093,15.0680466828,-0.3535177265,4
2011-05-04 08:00:00,Middle,681,681,159.0961703993,-31.3928805341,-4.7865343094,Temperature,Surface,°C,-0.5601176765,15.4306813819,15.1527509212,-0.2779304606,4
2011-05-04 09:00:00,Middle,681,681,159.0961703993,-31.3928805341,-4.7865343094,Temperature,Surface,°C,-0.4836241312,15.5113361189,15.3017448273,-0.2095912916,4
2011-05-04 10:00:00,Middle,681,681,159.0961703993,-31.3928805341,-4.7865343094,Temperature,Surface,°C,-0.4019516474,15.5808715251,15.4092942547,-0.1715772704,4
2011-05-04 11:00:00,Middle,681,681,159.0961703993,-31.3928805341,-4.7865343094,Temperature,Surface,°C,-0.3382014772,15.5962371819,15.4610966834,-0.1351404985,4
2011-05-04 12:00:00,Middle,681,681,159.0961703993,-31.3928805341,-4.7865343094,Temperature,Surface,°C,-0.3039104947,15.5891434818,15.4560454702,-0.1330980116,4
2011-05-04 13:00:00,Middle,681,681,159.0961703993,-31.3928805341,-4.7865343094,Temperature,Surface,°C,-0.3048531450,15.5666587620,15.3996046724,-0.1670540897,4
2011-05-04 14:00:00,Middle,681,681,159.0961703993,-31.3928805341,-4.7865343094,Temperature,Surface,°C,-0.3375291111,15.5961140177,15.2960769073,-0.3000371103,4
2011-05-04 15:00:00,Middle,681,681,159.0961703993,-31.3928805341,-4.7865343094,Temperature,Surface,°C,-0.3969362513,15.6088129133,15.0995801545,-0.5092327589,4
2011-05-04 16:00:00,Middle,681,681,159.0961703993,-31.3928805341,-4.7865343094,Temperature,Surface,°C,-0.4558965996,15.5561988355,14.7754013356,-0.7807974999,4
2011-05-04 17:00:00,Middle,681,681,159.0961703993,-31.3928805341,-4.7865343094,Temperature,Surface,°C,-0.5078438162,15.4786853338,14.4044229190,-1.0742624149,4
2011-05-04 18:00:00,Middle,681,681,159.0961703993,-31.3928805341,-4.7865343094,Temperature,Surface,°C,-0.5480369296,15.4060572096,14.0956809111,-1.3103762985,4
2011-05-04 19:00:00,Middle,681,681,159.0961703993,-31.3928805341,-4.7865343094,Temperature,Surface,°C,-0.5644025610,15.3336455782,13.8818861024,-1.4517594758,4
2011-05-04 20:00:00,Middle,681,681,159.0961703993,-31.3928805341,-4.7865343094,Temperature,Surface,°C,-0.5381328322,15.2823515673,13.8487943428,-1.4335572246,4
2011-05-04 21:00:00,Middle,681,681,159.0961703993,-31.3928805341,-4.7865343094,Temperature,Surface,°C,-0.4801689039,15.2726900890,13.9389939240,-1.3336961651,4
2011-05-04 22:00:00,Middle,681,681,159.0961703993,-31.3928805341,-4.7865343094,Temperature,Surface,°C,-0.4184147023,15.2473065502,14.0093247415,-1.2379818087,4
2011-05-04 23:00:00,Middle,681,681,159.0961703993,-31.3928805341,-4.7865343094,Temperature,Surface,°C,-0.3614110977,15.2053408862,14.0410753639,-1.1642655223,4
2011-05-05 00:00:00,Middle,681,681,159.0961703993,-31.3928805341,-4.7865343094,Temperature,Surface,°C,-0.3245797563,15.1242853046,14.0337269993,-1.0905583053,4
2011-05-05 01:00:00,Middle,681,681,159.0961703993,-31.3928805341,-4.7865343094,Temperature,Surface,°C,-0.3238787133,15.0397749181,13.9395712029,-1.1002037152,4
2011-05-05 02:00:00,Middle,681,681,159.0961703993,-31.3928805341,-4.7865343094,Temperature,Surface,°C,-0.3562404583,14.9892905830,13.7494663136,-1.2398242694,4
2011-05-05 03:00:00,Middle,681,681,159.0961703993,-31.3928805341,-4.7865343094,Temperature,Surface,°C,-0.4148252519,14.9940989669,13.4692863535,-1.5248126134,4
2011-05-05 04:00:00,Middle,681,681,159.0961703993,-31.3928805341,-4.7865343094,Temperature,Surface,°C,-0.4880506297,14.9504495449,13.0904240729,-1.8600254720,4
2011-05-05 05:00:00,Middle,681,681,159.0961703993,-31.3928805341,-4.7865343094,Temperature,Surface,°C,-0.5557174343,14.8779801406,12.6523187866,-2.2256613540,4
2011-05-05 06:00:00,Middle,681,681,159.0961703993,-31.3928805341,-4.7865343094,Temperature,Surface,°C,-0.6033859274,14.7958614548,12.2827984336,-2.5130630212,4
2011-05-05 07:00:00,Middle,681,681,159.0961703993,-31.3928805341,-4.7865343094,Temperature,Surface,°C,-0.6245174669,14.7431097535,12.0300617951,-2.7130479584,4
2011-05-05 08:00:00,Middle,681,681,159.0961703993,-31.3928805341,-4.7865343094,Temperature,Surface,°C,-0.6032091751,14.7252899174,11.9947470562,-2.7305428613,4
2011-05-05 09:00:00,Middle,681,681,159.0961703993,-31.3928805341,-4.7865343094,Temperature,Surface,°C,-0.5589616903,14.7497412006,12.0874808588,-2.6622603418,4
2011-05-05 10:00:00,Middle,681,681,159.0961703993,-31.3928805341,-4.7865343094,Temperature,Surface,°C,-0.4819514433,14.8515043689,12.2236405510,-2.6278638178,4
2011-05-05 11:00:00,Middle,681,681,159.0961703993,-31.3928805341,-4.7865343094,Temperature,Surface,°C,-0.4018821034,14.9176149988,12.3558281756,-2.5617868232,4
2011-05-05 12:00:00,Middle,681,681,159.0961703993,-31.3928805341,-4.7865343094,Temperature,Surface,°C,-0.3392506768,14.9580264319,12.4810768854,-2.4769495465,4
2011-05-05 13:00:00,Middle,681,681,159.0961703993,-31.3928805341,-4.7865343094,Temperature,Surface,°C,-0.3051470139,15.0080791682,12.5721066000,-2.4359725683,4
2011-05-05 14:00:00,Middle,681,681,159.0961703993,-31.3928805341,-4.7865343094,Temperature,Surface,°C,-0.3023244992,15.0540387055,12.5884561428,-2.4655825627,4
2011-05-05 15:00:00,Middle,681,681,159.0961703993,-31.3928805341,-4.7865343094,Temperature,Surface,°C,-0.3430796744,15.1167731866,12.4968978716,-2.6198753150,4
2011-05-05 16:00:00,Middle,681,681,159.0961703993,-31.3928805341,-4.7865343094,Temperature,Surface,°C,-0.4118940434,15.1889102457,12.2981068027,-2.8908034430,4
2011-05-05 17:00:00,Middle,681,681,159.0961703993,-31.3928805341,-4.7865343094,Temperature,Surface,°C,-0.4732879100,15.1853620248,12.0280776437,-3.1572843810,4
2011-05-05 18:00:00,Middle,681,681,159.0961703993,-31.3928805341,-4.7865343094,Temperature,Surface,°C,-0.5246039246,15.1274225253,11.7514441816,-3.3759783437,4
2011-05-05 19:00:00,Middle,681,681,159.0961703993,-31.3928805341,-4.7865343094,Temperature,Surface,°C,-0.5583257323,15.0866208770,11.5138793884,-3.5727414885,4
2011-05-05 20:00:00,Middle,681,681,159.0961703993,-31.3928805341,-4.7865343094,Temperature,Surface,°C,-0.5547357489,15.0536523722,11.3891874374,-3.6644649349,4
2011-05-05 21:00:00,Middle,681,681,159.0961703993,-31.3928805341,-4.7865343094,Temperature,Surface,°C,-0.5159517681,15.0204034699,11.3971357355,-3.6232677344,4
2011-05-05 22:00:00,Middle,681,681,159.0961703993,-31.3928805341,-4.7865343094,Temperature,Surface,°C,-0.4505655399,15.0012657360,11.4257835584,-3.5754821775,4
2011-05-05 23:00:00,Middle,681,681,159.0961703993,-31.3928805341,-4.7865343094,Temperature,Surface,°C,-0.3858263439,14.9541026086,11.4268695740,-3.5272330346,4
2011-05-06 00:00:00,Middle,681,681,159.0961703993,-31.3928805341,-4.7865343094,Temperature,Surface,°C,-0.3313320016,14.8611457412,11.4136957435,-3.4474499977,4
2011-05-06 01:00:00,Middle,681,681,159.0961703993,-31.3928805341,-4.7865343094,Temperature,Surface,°C,-0.2927545445,14.7772132056,11.3964557443,-3.3807574612,4
2011-05-06 02:00:00,Middle,681,681,159.0961703993,-31.3928805341,-4.7865343094,Temperature,Surface,°C,-0.3011280672,14.6871889059,11.3285329227,-3.3586559832,4
2011-05-06 03:00:00,Middle,681,681,159.0961703993,-31.3928805341,-4.7865343094,Temperature,Surface,°C,-0.3507460557,14.6591369533,11.1871281573,-3.4720087960,4
2011-05-06 04:00:00,Middle,681,681,159.0961703993,-31.3928805341,-4.7865343094,Temperature,Surface,°C,-0.4224540296,14.6965251854,10.9826174173,-3.7139077682,4
2011-05-06 05:00:00,Middle,681,681,159.0961703993,-31.3928805341,-4.7865343094,Temperature,Surface,°C,-0.5039663796,14.6641361138,10.7211644875,-3.9429716264,4
2011-05-06 06:00:00,Middle,681,681,159.0961703993,-31.3928805341,-4.7865343094,Temperature,Surface,°C,-0.5840670442,14.6093005858,10.4380162092,-4.1712843766,4
2011-05-06 07:00:00,Middle,681,681,159.0961703993,-31.3928805341,-4.7865343094,Temperature,Surface,°C,-0.6256597145,14.5358637989,10.2464192094,-4.2894445894,4
2011-05-06 08:00:00,Middle,681,681,159.0961703993,-31.3928805341,-4.7865343094,Temperature,Surface,°C,-0.6420645721,14.4940213700,10.1528266557,-4.3411947143,4
2011-05-06 09:00:00,Middle,681,681,159.0961703993,-31.3928805341,-4.7865343094,Temperature,Surface,°C,-0.6079261791,14.5162926408,10.1618819207,-4.3544107201,4
2011-05-06 10:00:00,Middle,681,681,159.0961703993,-31.3928805341,-4.7865343094,Temperature,Surface,°C,-0.5311345854,14.6308980428,10.2586678881,-4.3722301547,4
2011-05-06 11:00:00,Middle,681,681,159.0961703993,-31.3928805341,-4.7865343094,Temperature,Surface,°C,-0.4495937189,14.7181984240,10.3609522884,-4.3572461356,4
2011-05-06 12:00:00,Middle,681,681,159.0961703993,-31.3928805341,-4.7865343094,Temperature,Surface,°C,-0.3640019297,14.7857521168,10.4400739444,-4.3456781724,4
2011-05-06 13:00:00,Middle,681,681,159.0961703993,-31.3928805341,-4.7865343094,Temperature,Surface,°C,-0.2952701785,14.8508475085,10.5097294302,-4.3411180783,4
2011-05-06 14:00:00,Middle,681,681,159.0961703993,-31.3928805341,-4.7865343094,Temperature,Surface,°C,-0.2732709363,14.8702241633,10.5598197442,-4.3104044191,4
2011-05-06 15:00:00,Middle,681,681,159.0961703993,-31.3928805341,-4.7865343094,Temperature,Surface,°C,-0.2861390164,14.9233454349,10.5699852149,-4.3533602199,4
2011-05-06 16:00:00,Middle,681,681,159.0961703993,-31.3928805341,-4.7865343094,Temperature,Surface,°C,-0.3409274728,15.0079800392,10.5298963250,-4.4780837142,4
2011-05-06 17:00:00,Middle,681,681,159.0961703993,-31.3928805341,-4.7865343094,Temperature,Surface,°C,-0.4093834877,15.0737384262,10.4308543372,-4.6428840890,4
2011-05-06 18:00:00,Middle,681,681,159.0961703993,-31.3928805341,-4.7865343094,Temperature,Surface,°C,-0.4717267995,15.0587001576,10.2979165115,-4.7607836461,4
2011-05-06 19:00:00,Middle,681,681,159.0961703993,-31.3928805341,-4.7865343094,Temperature,Surface,°C,-0.5304581499,15.0074025088,10.1675514399,-4.8398510689,4
2011-05-06 20:00:00,Middle,681,681,159.0961703993,-31.3928805341,-4.7865343094,Temperature,Surface,°C,-0.5687324464,14.9582238240,10.0603878085,-4.8978360156,4
2011-05-06 21:00:00,Middle,681,681,159.0961703993,-31.3928805341,-4.7865343094,Temperature,Surface,°C,-0.5552753509,14.9092167602,10.0046037709,-4.9046129893,4
2011-05-06 22:00:00,Middle,681,681,159.0961703993,-31.3928805341,-4.7865343094,Temperature,Surface,°C,-0.4989204407,14.8671479665,9.9968933277,-4.8702546388,4
2011-05-06 23:00:00,Middle,681,681,159.0961703993,-31.3928805341,-4.7865343094,Temperature,Surface,°C,-0.4275087079,14.8184130948,9.9990346242,-4.8193784705,4
2011-05-07 00:00:00,Middle,681,681,159.0961703993,-31.3928805341,-4.7865343094,Temperature,Surface,°C,-0.3519982226,14.7451650599,9.9899811810,-4.7551838788,4
2011-05-01 01:00:00,Middle,681,681,159.0961703993,-31.3928805341,-4.7865343094,Vx,Mid-depth,m s$^{-1}$,-2.3803040936,-0.0300916574,-0.0283878699,0.0017037876,2
2011-05-01 02:00:00,Middle,681,681,159.0961703993,-31.3928805341,-4.7865343094,Vx,Mid-depth,m s$^{-1}$,-2.4274976797,-0.0725624707,-0.0527489403,0.0198135304,2
2011-05-01 03:00:00,Middle,681,681,159.0961703993,-31.3928805341,-4.7865343094,Vx,Mid-depth,m s$^{-1}$,-2.4350228432,-0.0095199200,-0.0297304870,-0.0202105671,2
2011-05-01 04:00:00,Middle,681,681,159.0961703993,-31.3928805341,-4.7865343094,Vx,Mid-depth,m s$^{-1}$,-2.4450711100,-0.0396943370,-0.0099835299,0.0297108071,2
2011-05-01 05:00:00,Middle,681,681,159.0961703993,-31.3928805341,-4.7865343094,Vx,Mid-depth,m s$^{-1}$,-2.4280286904,0.0198985496,0.0105102016,-0.0093883480,2
2011-05-01 06:00:00,Middle,681,681,159.0961703993,-31.3928805341,-4.7865343094,Vx,Mid-depth,m s$^{-1}$,-2.3999960723,0.0205159403,0.0219260674,0.0014101271,2
2011-05-01 07:00:00,Middle,681,681,159.0961703993,-31.3928805341,-4.7865343094,Vx,Mid-depth,m s$^{-1}$,-2.3683944291,0.0334077072,0.0210941526,-0.0123135546,2
2011-05-01 08:00:00,Middle,681,681,159.0961703993,-31.3928805341,-4.7865343094,Vx,Mid-depth,m s$^{-1}$,-2.3390372706,0.0201477343,0.0170446570,-0.0031030774,2
2011-05-01 09:00:00,Middle,681,681,159.0961703993,-31.3928805341,-4.7865343094,Vx,Mid-depth,m s$^{-1}$,-2.3170496608,0.0065817959,0.0062837929,-0.0002980030,2
2011-05-01 10:00:00,Middle,681,681,159.0961703993,-31.3928805341,-4.7865343094,Vx,Mid-depth,m s$^{-1}$,-2.3105278965,0.0023668811,-0.0097161208,-0.0120830019,2
2011-05-01 11:00:00,Middle,681,681,159.0961703993,-31.3928805341,-4.7865343094,Vx,Mid-depth,m s$^{-1}$,-2.3146258210,0.0005544108,-0.0176631290,-0.0182175399,2
2011-05-01 12:00:00,Middle,681,681,159.0961703993,-31.3928805341,-4.7865343094,Vx,Mid-depth,m s$^{-1}$,-2.3355834558,-0.0303115322,-0.0383255451,-0.0080140129,2
2011-05-01 13:00:00,Middle,681,681,159.0961703993,-31.3928805341,-4.7865343094,Vx,Mid-depth,m s$^{-1}$,-2.3659510460,-0.0250640003,-0.0428529847,-0.0177889844,2
2011-05-01 14:00:00,Middle,681,681,159.0961703993,-31.3928805341,-4.7865343094,Vx,Mid-depth,m s$^{-1}$,-2.3913856053,-0.0229324551,-0.0384382530,-0.0155057979,2
2011-05-01 15:00:00,Middle,681,681,159.0961703993,-31.3928805341,-4.7865343094,Vx,Mid-depth,m s$^{-1}$,-2.4121964368,-0.0207099142,-0.0339195147,-0.0132096005,2
2011-05-01 16:00:00,Middle,681,681,159.0961703993,-31.3928805341,-4.7865343094,Vx,Mid-depth,m s$^{-1}$,-2.4202019536,0.0036200628,-0.0156749348,-0.0192949976,2
2011-05-01 17:00:00,Middle,681,681,159.0961703993,-31.3928805341,-4.7865343094,Vx,Mid-depth,m s$^{-1}$,-2.4150893115,0.0106136041,-0.0034473365,-0.0140609406,2
2011-05-01 18:00:00,Middle,681,681,159.0961703993,-31.3928805341,-4.7865343094,Vx,Mid-depth,m s$^{-1}$,-2.3936609788,0.0470671961,0.0194570837,-0.0276101124,2
2011-05-01 19:00:00,Middle,681,681,159.0961703993,-31.3928805341,-4.7865343094,Vx,Mid-depth,m s$^{-1}$,-2.3618224695,0.0505636906,0.0181536006,-0.0324100901,2
2011-05-01 20:00:00,Middle,681,681,159.0961703993,-31.3928805341,-4.7865343094,Vx,Mid-depth,m s$^{-1}$,-2.3339131926,0.0616885715,0.0163716472,-0.0453169243,2
2011-05-01 21:00:00,Middle,681,681,159.0961703993,-31.3928805341,-4.7865343094,Vx,Mid-depth,m s$^{-1}$,-2.3075845697,0.0605319942,0.0117671793,-0.0487648149,2
2011-05-01 22:00:00,Middle,681,681,159.0961703993,-31.3928805341,-4.7865343094,Vx,Mid-depth,m s$^{-1}$,-2.2961136453,0.0416674746,-0.0042201638,-0.0458876384,2
2011-05-01 23:00:00,Middle,681,681,159.0961703993,-31.3928805341,-4.7865343094,Vx,Mid-depth,m s$^{-1}$,-2.3035111133,0.0167843521,-0.0239258549,-0.0407102070,2
2011-05-02 00:00:00,Middle,681,681,159.0961703993,-31.3928805341,-4.7865343094,Vx,Mid-depth,m s$^{-1}$,-2.3268381856,-0.0075823227,-0.0366152459,-0.0290329232,2
2011-05-02 01:00:00,Middle,681,681,159.0961703993,-31.3928805341,-4.7865343094,Vx,Mid-depth,m s$^{-1}$,-2.3594867730,-0.0262310047,-0.0467028124,-0.0204718077,2
2011-05-02 02:00:00,Middle,681,681,159.0961703993,-31.3928805341,-4.7865343094,Vx,Mid-depth,m s$^{-1}$,-2.3914603657,-0.0198507404,-0.0439269468,-0.0240762064,2
2011-05-02 03:00:00,Middle,681,681,159.0961703993,-31.3928805341,-4.7865343094,Vx,Mid-depth,m s$^{-1}$,-2.4165592763,-0.0189652578,-0.0392358300,-0.0202705723,2
2011-05-02 04:00:00,Middle,681,681,159.0961703993,-31.3928805341,-4.7865343094,Vx,Mid-depth,m s$^{-1}$,-2.4341853055,-0.0046094889,-0.0284998101,-0.0238903212,2
2011-05-02 05:00:00,Middle,681,681,159.0961703993,-31.3928805341,-4.7865343094,Vx,Mid-depth,m s$^{-1}$,-2.4361612121,0.0140549939,-0.0081760267,-0.0222310206,2
2011-05-02 06:00:00,Middle,681,681,159.0961703993,-31.3928805341,-4.7865343094,Vx,Mid-depth,m s$^{-1}$,-2.4225334733,0.0344293389,0.0096875312,-0.0247418077,2
2011-05-02 07:00:00,Middle,681,681,159.0961703993,-31.3928805341,-4.7865343094,Vx,Mid-depth,m s$^{-1}$,-2.3940674699,0.0624231670,0.0233896592,-0.0390335078,2
2011-05-02 08:00:00,Middle,681,681,159.0961703993,-31.3928805341,-4.7865343094,Vx,Mid-depth,m s$^{-1}$,-2.3593976426,0.0717016704,0.0241168694,-0.0475848011,2
2011-05-02 09:00:00,Middle,681,681,159.0961703993,-31.3928805341,-4.7865343094,Vx,Mid-depth,m s$^{-1}$,-2.3288981979,0.0690972651,0.0174234797,-0.0516737853,2
2011-05-02 10:00:00,Middle,681,681,159.0961703993,-31.3928805341,-4.7865343094,Vx,Mid-depth,m s$^{-1}$,-2.3074753171,0.0596867650,0.0068012251,-0.0528855400,2
2011-05-02 11:00:00,Middle,681,681,159.0961703993,-31.3928805341,-4.7865343094,Vx,Mid-depth,m s$^{-1}$,-2.3005832513,0.0373800461,-0.0085244834,-0.0459045295,2
2011-05-02 12:00:00,Middle,681,681,159.0961703993,-31.3928805341,-4.7865343094,Vx,Mid-depth,m s$^{-1}$,-2.3091345274,0.0141048507,-0.0231469957,-0.0372518464,2
2011-05-02 13:00:00,Middle,681,681,159.0961703993,-31.3928805341,-4.7865343094,Vx,Mid-depth,m s$^{-1}$,-2.3314501532,-0.0134491672,-0.0372598336,-0.0238106664,2
2011-05-02 14:00:00,Middle,681,681,159.0961703993,-31.3928805341,-4.7865343094,Vx,Mid-depth,m s$^{-1}$,-2.3610487993,-0.0230947921,-0.0423941867,-0.0192993946,2
2011-05-02 15:00:00,Middle,681,681,159.0961703993,-31.3928805341,-4.7865343094,Vx,Mid-depth,m s$^{-1}$,-2.3871389340,-0.0203146204,-0.0382352001,-0.0179205797,2
2011-05-02 16:00:00,Middle,681,681,159.0961703993,-31.3928805341,-4.7865343094,Vx,Mid-depth,m s$^{-1}$,-2.4039791854,-0.0090910084,-0.0273913509,-0.0183003424,2
2011-05-02 17:00:00,Middle,681,681,159.0961703993,-31.3928805341,-4.7865343094,Vx,Mid-depth,m s$^{-1}$,-2.4140996270,-0.0062289017,-0.0217605129,-0.0155316112,2
2011-05-02 18:00:00,Middle,681,681,159.0961703993,-31.3928805341,-4.7865343094,Vx,Mid-depth,m s$^{-1}$,-2.4079850054,0.0266284635,0.0036132809,-0.0230151827,2
2011-05-02 19:00:00,Middle,681,681,159.0961703993,-31.3928805341,-4.7865343094,Vx,Mid-depth,m s$^{-1}$,-2.3826914402,0.0443584739,0.0183703737,-0.0259881003,2
2011-05-02 20:00:00,Middle,681,681,159.0961703993,-31.3928805341,-4.7865343094,Vx,Mid-depth,m s$^{-1}$,-2.3535982492,0.0560346551,0.0175043573,-0.0385302978,2
2011-05-02 21:00:00,Middle,681,681,159.0961703993,-31.3928805341,-4.7865343094,Vx,Mid-depth,m s$^{-1}$,-2.3237152316,0.0599992825,0.0166401815,-0.0433591010,2
2011-05-02 22:00:00,Middle,681,681,159.0961703993,-31.3928805341,-4.7865343094,Vx,Mid-depth,m s$^{-1}$,-2.3022170076,0.0478263524,0.0058483016,-0.0419780508,2
2011-05-02 23:00:00,Middle,681,681,159.0961703993,-31.3928805341,-4.7865343094,Vx,Mid-depth,m s$^{-1}$,-2.2956679757,0.0300088511,-0.0093715536,-0.0393804047,2
2011-05-03 00:00:00,Middle,681,681,159.0961703993,-31.3928805341,-4.7865343094,Vx,Mid-depth,m s$^{-1}$,-2.3080655952,-0.0026247959,-0.0295263835,-0.0269015876,2
2011-05-03 01:00:00,Middle,681,681,159.0961703993,-31.3928805341,-4.7865343094,Vx,Mid-depth,m s$^{-1}$,-2.3324782631,-0.0145465553,-0.0367023553,-0.0221558000,2
2011-05-03 02:00:00,Middle,681,681,159.0961703993,-31.3928805341,-4.7865343094,Vx,Mid-depth,m s$^{-1}$,-2.3645871879,-0.0368065653,-0.0473341550,-0.0105275896,2
2011-05-03 03:00:00,Middle,681,681,159.0961703993,-31.3928805341,-4.7865343094,Vx,Mid-depth,m s$^{-1}$,-2.3968719035,-0.0253428760,-0.0449092680,-0.0195663920,2
2011-05-03 04:00:00,Middle,681,681,159.0961703993,-31.3928805341,-4.7865343094,Vx,Mid-depth,m s$^{-1}$,-2.4217207374,-0.0244181592,-0.0398147289,-0.0153965698,2
2011-05-03 05:00:00,Middle,681,681,159.0961703993,-31.3928805341,-4.7865343094,Vx,Mid-depth,m s$^{-1}$,-2.4433086865,-0.0176254461,-0.0352640810,-0.0176386348,2
2011-05-03 06:00:00,Middle,681,681,159.0961703993,-31.3928805341,-4.7865343094,Vx,Mid-depth,m s$^{-1}$,-2.4431258450,0.0210720017,-0.0017794080,-0.0228514097,2
2011-05-03 07:00:00,Middle,681,681,159.0961703993,-31.3928805341,-4.7865343094,Vx,Mid-depth,m s$^{-1}$,-2.4224544881,0.0304534756,0.0147541964,-0.0156992792,2
2011-05-03 08:00:00,Middle,681,681,159.0961703993,-31.3928805341,-4.7865343094,Vx,Mid-depth,m s$^{-1}$,-2.3942481887,0.0549685152,0.0211044112,-0.0338641040,2
2011-05-03 09:00:00,Middle,681,681,159.0961703993,-31.3928805341,-4.7865343094,Vx,Mid-depth,m s$^{-1}$,-2.3557700073,0.0721202108,0.0294436794,-0.0426765313,2
2011-05-03 10:00:00,Middle,681,681,159.0961703993,-31.3928805341,-4.7865343094,Vx,Mid-depth,m s$^{-1}$,-2.3232661317,0.0541688055,0.0163936588,-0.0377751466,2
2011-05-03 11:00:00,Middle,681,681,159.0961703993,-31.3928805341,-4.7865343094,Vx,Mid-depth,m s$^{-1}$,-2.3029120487,0.0529156060,0.0059792213,-0.0469363847,2
2011-05-03 12:00:00,Middle,681,681,159.0961703993,-31.3928805341,-4.7865343094,Vx,Mid-depth,m s$^{-1}$,-2.2992830640,0.0176021807,-0.0150371101,-0.0326392907,2
2011-05-03 13:00:00,Middle,681,681,159.0961703993,-31.3928805341,-4.7865343094,Vx,Mid-depth,m s$^{-1}$,-2.3138677568,-0.0003791952,-0.0282527556,-0.0278735603,2
2011-05-03 14:00:00,Middle,681,681,159.0961703993,-31.3928805341,-4.7865343094,Vx,Mid-depth,m s$^{-1}$,-2.3362722260,-0.0226077384,-0.0375843628,-0.0149766244,2
2011-05-03 15:00:00,Middle,681,681,159.0961703993,-31.3928805341,-4.7865343094,Vx,Mid-depth,m s$^{-1}$,-2.3658506034,-0.0336064527,-0.0429895070,-0.0093830543,2
2011-05-03 16:00:00,Middle,681,681,159.0961703993,-31.3928805341,-4.7865343094,Vx,Mid-depth,m s$^{-1}$,-2.3918480989,-0.0278344872,-0.0380348237,-0.0102003365,2
2011-05-03 17:00:00,Middle,681,681,159.0961703993,-31.3928805341,-4.7865343094,Vx,Mid-depth,m s$^{-1}$,-2.4125881121,-0.0255711531,-0.0325850918,-0.0070139386,2
2011-05-03 18:00:00,Middle,681,681,159.0961703993,-31.3928805341,-4.7865343094,Vx,Mid-depth,m s$^{-1}$,-2.4168442265,0.0079401777,-0.0064741501,-0.0144143278,2
2011-05-03 19:00:00,Middle,681,681,159.0961703993,-31.3928805341,-4.7865343094,Vx,Mid-depth,m s$^{-1}$,-2.4056611846,0.0111096311,0.0047843767,-0.0063252544,2
2011-05-03 20:00:00,Middle,681,681,159.0961703993,-31.3928805341,-4.7865343094,Vx,Mid-depth,m s$^{-1}$,-2.3839800460,0.0439213584,0.0210716067,-0.0228497517,2
2011-05-03 21:00:00,Middle,681,681,159.0961703993,-31.3928805341,-4.7865343094,Vx,Mid-depth,m s$^{-1}$,-2.3488763510,0.0580178436,0.0277751714,-0.0302426722,2
2011-05-03 22:00:00,Middle,681,681,159.0961703993,-31.3928805341,-4.7865343094,Vx,Mid-depth,m s$^{-1}$,-2.3188685706,0.0529804452,0.0198217976,-0.0331586476,2
2011-05-03 23:00:00,Middle,681,681,159.0961703993,-31.3928805341,-4.7865343094,Vx,Mid-depth,m s$^{-1}$,-2.2973463470,0.0491422097,0.0094129679,-0.0397292418,2
2011-05-04 00:00:00,Middle,681,681,159.0961703993,-31.3928805341,-4.7865343094,Vx,Mid-depth,m s$^{-1}$,-2.2946908936,0.0185998065,-0.0123054345,-0.0309052410,2
2011-05-04 01:00:00,Middle,681,681,159.0961703993,-31.3928805341,-4.7865343094,Vx,Mid-depth,m s$^{-1}$,-2.3087943442,0.0018121502,-0.0252065328,-0.0270186830,2
2011-05-04 02:00:00,Middle,681,681,159.0961703993,-31.3928805341,-4.7865343094,Vx,Mid-depth,m s$^{-1}$,-2.3355755628,-0.0265598909,-0.0381842496,-0.0116243587,2
2011-05-04 03:00:00,Middle,681,681,159.0961703993,-31.3928805341,-4.7865343094,Vx,Mid-depth,m s$^{-1}$,-2.3738112795,-0.0401696330,-0.0480248637,-0.0078552307,2
2011-05-04 04:00:00,Middle,681,681,159.0961703993,-31.3928805341,-4.7865343094,Vx,Mid-depth,m s$^{-1}$,-2.4065683617,-0.0257777580,-0.0395893447,-0.0138115867,2
2011-05-04 05:00:00,Middle,681,681,159.0961703993,-31.3928805341,-4.7865343094,Vx,Mid-depth,m s$^{-1}$,-2.4311540556,-0.0274096724,-0.0321540029,-0.0047443305,2
2011-05-04 06:00:00,Middle,681,681,159.0961703993,-31.3928805341,-4.7865343094,Vx,Mid-depth,m s$^{-1}$,-2.4488664265,-0.0101634757,-0.0211324226,-0.0109689469,2
2011-05-04 07:00:00,Middle,681,681,159.0961703993,-31.3928805341,-4.7865343094,Vx,Mid-depth,m s$^{-1}$,-2.4464581524,0.0147222441,0.0091033114,-0.0056189327,2
2011-05-04 08:00:00,Middle,681,681,159.0961703993,-31.3928805341,-4.7865343094,Vx,Mid-depth,m s$^{-1}$,-2.4233259929,0.0370830778,0.0320386648,-0.0050444130,2
2011-05-04 09:00:00,Middle,681,681,159.0961703993,-31.3928805341,-4.7865343094,Vx,Mid-depth,m s$^{-1}$,-2.3850792203,0.0618428071,0.0408407636,-0.0210020435,2
2011-05-04 10:00:00,Middle,681,681,159.0961703993,-31.3928805341,-4.7865343094,Vx,Mid-depth,m s$^{-1}$,-2.3442429784,0.0588231955,0.0353938769,-0.0234293186,2
2011-05-04 11:00:00,Middle,681,681,159.0961703993,-31.3928805341,-4.7865343094,Vx,Mid-depth,m s$^{-1}$,-2.3123678933,0.0438873014,0.0212298026,-0.0226574989,2
2011-05-04 12:00:00,Middle,681,681,159.0961703993,-31.3928805341,-4.7865343094,Vx,Mid-depth,m s$^{-1}$,-2.2952224020,0.0186009082,0.0033612622,-0.0152396461,2
2011-05-04 13:00:00,Middle,681,681,159.0961703993,-31.3928805341,-4.7865343094,Vx,Mid-depth,m s$^{-1}$,-2.2956937272,0.0064277988,-0.0057521025,-0.0121799012,2
2011-05-04 14:00:00,Middle,681,681,159.0961703993,-31.3928805341,-4.7865343094,Vx,Mid-depth,m s$^{-1}$,-2.3120317103,-0.0137274896,-0.0250303765,-0.0113028869,2
2011-05-04 15:00:00,Middle,681,681,159.0961703993,-31.3928805341,-4.7865343094,Vx,Mid-depth,m s$^{-1}$,-2.3417352803,-0.0198817831,-0.0321251267,-0.0122433436,2
2011-05-04 16:00:00,Middle,681,681,159.0961703993,-31.3928805341,-4.7865343094,Vx,Mid-depth,m s$^{-1}$,-2.3712154545,-0.0166418304,-0.0318421818,-0.0152003513,2
2011-05-04 17:00:00,Middle,681,681,159.0961703993,-31.3928805341,-4.7865343094,Vx,Mid-depth,m s$^{-1}$,-2.3971890628,-0.0100314562,-0.0279962014,-0.0179647453,2
2011-05-04 18:00:00,Middle,681,681,159.0961703993,-31.3928805341,-4.7865343094,Vx,Mid-depth,m s$^{-1}$,-2.4172856195,-0.0065016872,-0.0243786029,-0.0178769157,2
2011-05-04 19:00:00,Middle,681,681,159.0961703993,-31.3928805341,-4.7865343094,Vx,Mid-depth,m s$^{-1}$,-2.4254684352,0.0112609678,-0.0053476519,-0.0166086197,2
2011-05-04 20:00:00,Middle,681,681,159.0961703993,-31.3928805341,-4.7865343094,Vx,Mid-depth,m s$^{-1}$,-2.4123335708,0.0332458443,0.0232117383,-0.0100341060,2
2011-05-04 21:00:00,Middle,681,681,159.0961703993,-31.3928805341,-4.7865343094,Vx,Mid-depth,m s$^{-1}$,-2.3833516067,0.0540898163,0.0349076716,-0.0191821446,2
2011-05-04 22:00:00,Middle,681,681,159.0961703993,-31.3928805341,-4.7865343094,Vx,Mid-depth,m s$^{-1}$,-2.3524745058,0.0541104416,0.0291779664,-0.0249324752,2
2011-05-04 23:00:00,Middle,681,681,159.0961703993,-31.3928805341,-4.7865343094,Vx,Mid-depth,m s$^{-1}$,-2.3239727035,0.0600364469,0.0297973493,-0.0302390976,2
2011-05-05 00:00:00,Middle,681,681,159.0961703993,-31.3928805341,-4.7865343094,Vx,Mid-depth,m s$^{-1}$,-2.3055570329,0.0380041823,0.0136786767,-0.0243255056,2
2011-05-05 01:00:00,Middle,681,681,159.0961703993,-31.3928805341,-4.7865343094,Vx,Mid-depth,m s$^{-1}$,-2.3052065113,0.0223909041,-0.0018710633,-0.0242619674,2
2011-05-05 02:00:00,Middle,681,681,159.0961703993,-31.3928805341,-4.7865343094,Vx,Mid-depth,m s$^{-1}$,-2.3213873838,-0.0113245117,-0.0236936645,-0.0123691528,2
2011-05-05 03:00:00,Middle,681,681,159.0961703993,-31.3928805341,-4.7865343094,Vx,Mid-depth,m s$^{-1}$,-2.3506797806,-0.0233844492,-0.0323162074,-0.0089317583,2
2011-05-05 04:00:00,Middle,681,681,159.0961703993,-31.3928805341,-4.7865343094,Vx,Mid-depth,m s$^{-1}$,-2.3872924695,-0.0444390436,-0.0456528063,-0.0012137627,2
2011-05-05 05:00:00,Middle,681,681,159.0961703993,-31.3928805341,-4.7865343094,Vx,Mid-depth,m s$^{-1}$,-2.4211258718,-0.0252369374,-0.0386430960,-0.0134061586,2
2011-05-05 06:00:00,Middle,681,681,159.0961703993,-31.3928805341,-4.7865343094,Vx,Mid-depth,m s$^{-1}$,-2.4449601184,-0.0266936136,-0.0318544162,-0.0051608025,2
2011-05-05 07:00:00,Middle,681,681,159.0961703993,-31.3928805341,-4.7865343094,Vx,Mid-depth,m s$^{-1}$,-2.4555258881,0.0063096929,-0.0071092136,-0.0134189065,2
2011-05-05 08:00:00,Middle,681,681,159.0961703993,-31.3928805341,-4.7865343094,Vx,Mid-depth,m s$^{-1}$,-2.4448717422,0.0157367007,0.0162595381,0.0005228374,2
2011-05-05 09:00:00,Middle,681,681,159.0961703993,-31.3928805341,-4.7865343094,Vx,Mid-depth,m s$^{-1}$,-2.4227479998,0.0394638667,0.0310096099,-0.0084542568,2
2011-05-05 10:00:00,Middle,681,681,159.0961703993,-31.3928805341,-4.7865343094,Vx,Mid-depth,m s$^{-1}$,-2.3842428763,0.0652890190,0.0412857770,-0.0240032420,2
2011-05-05 11:00:00,Middle,681,681,159.0961703993,-31.3928805341,-4.7865343094,Vx,Mid-depth,m s$^{-1}$,-2.3442082064,0.0618663154,0.0389366052,-0.0229297102,2
2011-05-05 12:00:00,Middle,681,681,159.0961703993,-31.3928805341,-4.7865343094,Vx,Mid-depth,m s$^{-1}$,-2.3128924931,0.0578111361,0.0297743100,-0.0280368261,2
2011-05-05 13:00:00,Middle,681,681,159.0961703993,-31.3928805341,-4.7865343094,Vx,Mid-depth,m s$^{-1}$,-2.2958406616,0.0416777992,0.0150759461,-0.0266018531,2
2011-05-05 14:00:00,Middle,681,681,159.0961703993,-31.3928805341,-4.7865343094,Vx,Mid-depth,m s$^{-1}$,-2.2944294043,0.0237289898,0.0001148224,-0.0236141674,2
2011-05-05 15:00:00,Middle,681,681,159.0961703993,-31.3928805341,-4.7865343094,Vx,Mid-depth,m s$^{-1}$,-2.3148069919,-0.0182791123,-0.0286883171,-0.0104092048,2
2011-05-05 16:00:00,Middle,681,681,159.0961703993,-31.3928805341,-4.7865343094,Vx,Mid-depth,m s$^{-1}$,-2.3492141764,-0.0271133456,-0.0384666599,-0.0113533142,2
2011-05-05 17:00:00,Middle,681,681,159.0961703993,-31.3928805341,-4.7865343094,Vx,Mid-depth,m s$^{-1}$,-2.3799111097,-0.0270076969,-0.0353143811,-0.0083066842,2
2011-05-05 18:00:00,Middle,681,681,159.0961703993,-31.3928805341,-4.7865343094,Vx,Mid-depth,m s$^{-1}$,-2.4055691170,-0.0245078077,-0.0305184774,-0.0060106697,2
2011-05-05 19:00:00,Middle,681,681,159.0961703993,-31.3928805341,-4.7865343094,Vx,Mid-depth,m s$^{-1}$,-2.4224300209,-0.0083412500,-0.0200642669,-0.0117230169,2
2011-05-05 20:00:00,Middle,681,681,159.0961703993,-31.3928805341,-4.7865343094,Vx,Mid-depth,m s$^{-1}$,-2.4206350292,0.0161391458,0.0084594121,-0.0076797337,2
2011-05-05 21:00:00,Middle,681,681,159.0961703993,-31.3928805341,-4.7865343094,Vx,Mid-depth,m s$^{-1}$,-2.4012430388,0.0331994897,0.0248643644,-0.0083351254,2
2011-05-05 22:00:00,Middle,681,681,159.0961703993,-31.3928805341,-4.7865343094,Vx,Mid-depth,m s$^{-1}$,-2.3685499246,0.0612290458,0.0362126502,-0.0250163956,2
2011-05-05 23:00:00,Middle,681,681,159.0961703993,-31.3928805341,-4.7865343094,Vx,Mid-depth,m s$^{-1}$,-2.3361803267,0.0503404635,0.0264895634,-0.0238509000,2
2011-05-06 00:00:00,Middle,681,681,159.0961703993,-31.3928805341,-4.7865343094,Vx,Mid-depth,m s$^{-1}$,-2.3089331555,0.0630635692,0.0287309618,-0.0343326074,2
2011-05-06 01:00:00,Middle,681,681,159.0961703993,-31.3928805341,-4.7865343094,Vx,Mid-depth,m s$^{-1}$,-2.2896444270,0.0393714309,0.0090645494,-0.0303068816,3
2011-05-06 02:00:00,Middle,681,681,159.0961703993,-31.3928805341,-4.7865343094,Vx,Mid-depth,m s$^{-1}$,-2.2938311883,0.0189280368,-0.0056386554,-0.0245666922,3
2011-05-06 03:00:00,Middle,681,681,159.0961703993,-31.3928805341,-4.7865343094,Vx,Mid-depth,m s$^{-1}$,-2.3186401826,-0.0199153886,-0.0348640533,-0.0149486647,2
2011-05-06 04:00:00,Middle,681,681,159.0961703993,-31.3928805341,-4.7865343094,Vx,Mid-depth,m s$^{-1}$,-2.3544941695,-0.0229805734,-0.0396121194,-0.0166315460,2
2011-05-06 05:00:00,Middle,681,681,159.0961703993,-31.3928805341,-4.7865343094,Vx,Mid-depth,m s$^{-1}$,-2.3952503445,-0.0480494900,-0.0539271796,-0.0058776896,2
2011-05-06 06:00:00,Middle,681,681,159.0961703993,-31.3928805341,-4.7865343094,Vx,Mid-depth,m s$^{-1}$,-2.4353006768,-0.0270960327,-0.0498567908,-0.0227607581,2
2011-05-06 07:00:00,Middle,681,681,159.0961703993,-31.3928805341,-4.7865343094,Vx,Mid-depth,m s$^{-1}$,-2.4560970120,-0.0117169366,-0.0287960117,-0.0170790751,2
2011-05-06 08:00:00,Middle,681,681,159.0961703993,-31.3928805341,-4.7865343094,Vx,Mid-depth,m s$^{-1}$,-2.4642994408,0.0040580247,-0.0103278646,-0.0143858893,2
2011-05-06 09:00:00,Middle,681,681,159.0961703993,-31.3928805341,-4.7865343094,Vx,Mid-depth,m s$^{-1}$,-2.4472302442,0.0406116306,0.0235528160,-0.0170588146,2
2011-05-06 10:00:00,Middle,681,681,159.0961703993,-31.3928805341,-4.7865343094,Vx,Mid-depth,m s$^{-1}$,-2.4088344474,0.0605934834,0.0404340533,-0.0201594301,2
2011-05-06 11:00:00,Middle,681,681,159.0961703993,-31.3928805341,-4.7865343094,Vx,Mid-depth,m s$^{-1}$,-2.3680640141,0.0627129089,0.0347868200,-0.0279260889,2
2011-05-06 12:00:00,Middle,681,681,159.0961703993,-31.3928805341,-4.7865343094,Vx,Mid-depth,m s$^{-1}$,-2.3252681195,0.0789510206,0.0404896955,-0.0384613251,2
2011-05-06 13:00:00,Middle,681,681,159.0961703993,-31.3928805341,-4.7865343094,Vx,Mid-depth,m s$^{-1}$,-2.2909022439,0.0548323767,0.0175976802,-0.0372346965,3
2011-05-06 14:00:00,Middle,681,681,159.0961703993,-31.3928805341,-4.7865343094,Vx,Mid-depth,m s$^{-1}$,-2.2799026228,0.0390969876,0.0039505706,-0.0351464170,3
2011-05-06 15:00:00,Middle,681,681,159.0961703993,-31.3928805341,-4.7865343094,Vx,Mid-depth,m s$^{-1}$,-2.2863366629,0.0099816277,-0.0103744596,-0.0203560874,3
2011-05-06 16:00:00,Middle,681,681,159.0961703993,-31.3928805341,-4.7865343094,Vx,Mid-depth,m s$^{-1}$,-2.3137308911,-0.0233542377,-0.0354904554,-0.0121362178,2
2011-05-06 17:00:00,Middle,681,681,159.0961703993,-31.3928805341,-4.7865343094,Vx,Mid-depth,m s$^{-1}$,-2.3479588985,-0.0283716963,-0.0417739923,-0.0134022960,2
2011-05-06 18:00:00,Middle,681,681,159.0961703993,-31.3928805341,-4.7865343094,Vx,Mid-depth,m s$^{-1}$,-2.3791305544,-0.0299052151,-0.0387643742,-0.0088591591,2
2011-05-06 19:00:00,Middle,681,681,159.0961703993,-31.3928805341,-4.7865343094,Vx,Mid-depth,m s$^{-1}$,-2.4084962297,-0.0330406533,-0.0408245890,-0.0077839357,2
2011-05-06 20:00:00,Middle,681,681,159.0961703993,-31.3928805341,-4.7865343094,Vx,Mid-depth,m s$^{-1}$,-2.4276333779,-0.0053216718,-0.0256922486,-0.0203705768,2
2011-05-06 21:00:00,Middle,681,681,159.0961703993,-31.3928805341,-4.7865343094,Vx,Mid-depth,m s$^{-1}$,-2.4209048302,0.0245099641,0.0103287394,-0.0141812247,2
2011-05-06 22:00:00,Middle,681,681,159.0961703993,-31.3928805341,-4.7865343094,Vx,Mid-depth,m s$^{-1}$,-2.3927273750,0.0521261018,0.0299497919,-0.0221763100,2
2011-05-06 23:00:00,Middle,681,681,159.0961703993,-31.3928805341,-4.7865343094,Vx,Mid-depth,m s$^{-1}$,-2.3570215086,0.0626362085,0.0299582494,-0.0326779591,2
2011-05-07 00:00:00,Middle,681,681,159.0961703993,-31.3928805341,-4.7865343094,Vx,Mid-depth,m s$^{-1}$,-2.3192662660,0.0762274697,0.0334827399,-0.0427447298,2
2011-05-01 01:00:00,Middle,681,681,159.0961703993,-31.3928805341,-4.7865343094,Vx,Near-bottom,m s$^{-1}$,-4.2865343094,-0.0308337809,-0.0282932913,0.0025404896,2
2011-05-01 02:00:00,Middle,681,681,159.0961703993,-31.3928805341,-4.7865343094,Vx,Near-bottom,m s$^{-1}$,-4.2865343094,-0.0599092157,-0.0523709511,0.0075382646,2
2011-05-01 03:00:00,Middle,681,681,159.0961703993,-31.3928805341,-4.7865343094,Vx,Near-bottom,m s$^{-1}$,-4.2865343094,-0.0091983223,-0.0296236946,-0.0204253723,2
2011-05-01 04:00:00,Middle,681,681,159.0961703993,-31.3928805341,-4.7865343094,Vx,Near-bottom,m s$^{-1}$,-4.2865343094,-0.0350332221,-0.0099796636,0.0250535585,2
2011-05-01 05:00:00,Middle,681,681,159.0961703993,-31.3928805341,-4.7865343094,Vx,Near-bottom,m s$^{-1}$,-4.2865343094,0.0191342202,0.0104979822,-0.0086362379,2
2011-05-01 06:00:00,Middle,681,681,159.0961703993,-31.3928805341,-4.7865343094,Vx,Near-bottom,m s$^{-1}$,-4.2865343094,0.0189925010,0.0218742875,0.0028817866,2
2011-05-01 07:00:00,Middle,681,681,159.0961703993,-31.3928805341,-4.7865343094,Vx,Near-bottom,m s$^{-1}$,-4.2865343094,0.1241082987,0.0210377697,-0.1030705290,2
2011-05-01 08:00:00,Middle,681,681,159.0961703993,-31.3928805341,-4.7865343094,Vx,Near-bottom,m s$^{-1}$,-4.2865343094,0.1123381098,0.0169953282,-0.0953427816,2
2011-05-01 09:00:00,Middle,681,681,159.0961703993,-31.3928805341,-4.7865343094,Vx,Near-bottom,m s$^{-1}$,-4.2865343094,0.0895880955,0.0062478105,-0.0833402850,2
2011-05-01 10:00:00,Middle,681,681,159.0961703993,-31.3928805341,-4.7865343094,Vx,Near-bottom,m s$^{-1}$,-4.2865343094,0.0742894601,-0.0097456206,-0.0840350807,2
2011-05-01 11:00:00,Middle,681,681,159.0961703993,-31.3928805341,-4.7865343094,Vx,Near-bottom,m s$^{-1}$,-4.2865343094,0.0649357967,-0.0176508768,-0.0825866735,2
2011-05-01 12:00:00,Middle,681,681,159.0961703993,-31.3928805341,-4.7865343094,Vx,Near-bottom,m s$^{-1}$,-4.2865343094,0.0443174407,-0.0381214370,-0.0824388777,2
2011-05-01 13:00:00,Middle,681,681,159.0961703993,-31.3928805341,-4.7865343094,Vx,Near-bottom,m s$^{-1}$,-4.2865343094,0.0454813240,-0.0425938521,-0.0880751761,2
2011-05-01 14:00:00,Middle,681,681,159.0961703993,-31.3928805341,-4.7865343094,Vx,Near-bottom,m s$^{-1}$,-4.2865343094,0.0439468771,-0.0382343524,-0.0821812295,2
2011-05-01 15:00:00,Middle,681,681,159.0961703993,-31.3928805341,-4.7865343094,Vx,Near-bottom,m s$^{-1}$,-4.2865343094,0.0422728216,-0.0337685062,-0.0760413277,2
2011-05-01 16:00:00,Middle,681,681,159.0961703993,-31.3928805341,-4.7865343094,Vx,Near-bottom,m s$^{-1}$,-4.2865343094,0.0491200141,-0.0156462657,-0.0647662798,2
2011-05-01 17:00:00,Middle,681,681,159.0961703993,-31.3928805341,-4.7865343094,Vx,Near-bottom,m s$^{-1}$,-4.2865343094,0.0469104205,-0.0034471775,-0.0503575980,2
2011-05-01 18:00:00,Middle,681,681,159.0961703993,-31.3928805341,-4.7865343094,Vx,Near-bottom,m s$^{-1}$,-4.2865343094,0.0550572153,0.0194188403,-0.0356383750,2
2011-05-01 19:00:00,Middle,681,681,159.0961703993,-31.3928805341,-4.7865343094,Vx,Near-bottom,m s$^{-1}$,-4.2865343094,0.0458457475,0.0181048625,-0.0277408851,2
2011-05-01 20:00:00,Middle,681,681,159.0961703993,-31.3928805341,-4.7865343094,Vx,Near-bottom,m s$^{-1}$,-4.2865343094,0.0480566491,0.0163245794,-0.0317320697,2
2011-05-01 21:00:00,Middle,681,681,159.0961703993,-31.3928805341,-4.7865343094,Vx,Near-bottom,m s$^{-1}$,-4.2865343094,0.0424202020,0.0117316450,-0.0306885570,2
2011-05-01 22:00:00,Middle,681,681,159.0961703993,-31.3928805341,-4.7865343094,Vx,Near-bottom,m s$^{-1}$,-4.2865343094,0.0341656484,-0.0042430068,-0.0384086552,2
2011-05-01 23:00:00,Middle,681,681,159.0961703993,-31.3928805341,-4.7865343094,Vx,Near-bottom,m s$^{-1}$,-4.2865343094,0.0255451613,-0.0238464169,-0.0493915782,2
2011-05-02 00:00:00,Middle,681,681,159.0961703993,-31.3928805341,-4.7865343094,Vx,Near-bottom,m s$^{-1}$,-4.2865343094,0.0227164329,-0.0363966461,-0.0591130790,2
2011-05-02 01:00:00,Middle,681,681,159.0961703993,-31.3928805341,-4.7865343094,Vx,Near-bottom,m s$^{-1}$,-4.2865343094,0.0185706306,-0.0463425909,-0.0649132215,2
2011-05-02 02:00:00,Middle,681,681,159.0961703993,-31.3928805341,-4.7865343094,Vx,Near-bottom,m s$^{-1}$,-4.2865343094,0.0272923832,-0.0435899618,-0.0708823450,2
2011-05-02 03:00:00,Middle,681,681,159.0961703993,-31.3928805341,-4.7865343094,Vx,Near-bottom,m s$^{-1}$,-4.2865343094,0.0247641183,-0.0389688128,-0.0637329311,2
2011-05-02 04:00:00,Middle,681,681,159.0961703993,-31.3928805341,-4.7865343094,Vx,Near-bottom,m s$^{-1}$,-4.2865343094,0.0312624955,-0.0283363122,-0.0595988077,2
2011-05-02 05:00:00,Middle,681,681,159.0961703993,-31.3928805341,-4.7865343094,Vx,Near-bottom,m s$^{-1}$,-4.2865343094,0.0397028656,-0.0081155349,-0.0478184005,2
2011-05-02 06:00:00,Middle,681,681,159.0961703993,-31.3928805341,-4.7865343094,Vx,Near-bottom,m s$^{-1}$,-4.2865343094,0.0437905245,0.0097299184,-0.0340606060,2
2011-05-02 07:00:00,Middle,681,681,159.0961703993,-31.3928805341,-4.7865343094,Vx,Near-bottom,m s$^{-1}$,-4.2865343094,0.0453121097,0.0233654444,-0.0219466653,2
2011-05-02 08:00:00,Middle,681,681,159.0961703993,-31.3928805341,-4.7865343094,Vx,Near-bottom,m s$^{-1}$,-4.2865343094,0.0405753209,0.0240736362,-0.0165016847,2
2011-05-02 09:00:00,Middle,681,681,159.0961703993,-31.3928805341,-4.7865343094,Vx,Near-bottom,m s$^{-1}$,-4.2865343094,0.0364404211,0.0174121979,-0.0190282231,2
2011-05-02 10:00:00,Middle,681,681,159.0961703993,-31.3928805341,-4.7865343094,Vx,Near-bottom,m s$^{-1}$,-4.2865343094,0.0307548380,0.0068220929,-0.0239327451,2
2011-05-02 11:00:00,Middle,681,681,159.0961703993,-31.3928805341,-4.7865343094,Vx,Near-bottom,m s$^{-1}$,-4.2865343094,0.0236023460,-0.0084963170,-0.0320986630,2
2011-05-02 12:00:00,Middle,681,681,159.0961703993,-31.3928805341,-4.7865343094,Vx,Near-bottom,m s$^{-1}$,-4.2865343094,0.0202692219,-0.0230427547,-0.0433119766,2
2011-05-02 13:00:00,Middle,681,681,159.0961703993,-31.3928805341,-4.7865343094,Vx,Near-bottom,m s$^{-1}$,-4.2865343094,0.0150330242,-0.0370136257,-0.0520466499,2
2011-05-02 14:00:00,Middle,681,681,159.0961703993,-31.3928805341,-4.7865343094,Vx,Near-bottom,m s$^{-1}$,-4.2865343094,0.0179514321,-0.0420708776,-0.0600223098,2
2011-05-02 15:00:00,Middle,681,681,159.0961703993,-31.3928805341,-4.7865343094,Vx,Near-bottom,m s$^{-1}$,-4.2865343094,0.0240609875,-0.0379426267,-0.0620036142,2
2011-05-02 16:00:00,Middle,681,681,159.0961703993,-31.3928805341,-4.7865343094,Vx,Near-bottom,m s$^{-1}$,-4.2865343094,0.0290437361,-0.0272016813,-0.0562454174,2
2011-05-02 17:00:00,Middle,681,681,159.0961703993,-31.3928805341,-4.7865343094,Vx,Near-bottom,m s$^{-1}$,-4.2865343094,0.0274385305,-0.0216111645,-0.0490496949,2
2011-05-02 18:00:00,Middle,681,681,159.0961703993,-31.3928805341,-4.7865343094,Vx,Near-bottom,m s$^{-1}$,-4.2865343094,0.0421510676,0.0037018182,-0.0384492494,2
2011-05-02 19:00:00,Middle,681,681,159.0961703993,-31.3928805341,-4.7865343094,Vx,Near-bottom,m s$^{-1}$,-4.2865343094,0.0405514576,0.0184056990,-0.0221457586,2
2011-05-02 20:00:00,Middle,681,681,159.0961703993,-31.3928805341,-4.7865343094,Vx,Near-bottom,m s$^{-1}$,-4.2865343094,0.0375470328,0.0175166769,-0.0200303559,2
2011-05-02 21:00:00,Middle,681,681,159.0961703993,-31.3928805341,-4.7865343094,Vx,Near-bottom,m s$^{-1}$,-4.2865343094,0.0342603567,0.0166384708,-0.0176218859,2
2011-05-02 22:00:00,Middle,681,681,159.0961703993,-31.3928805341,-4.7865343094,Vx,Near-bottom,m s$^{-1}$,-4.2865343094,0.0251406358,0.0058663224,-0.0192743134,2
2011-05-02 23:00:00,Middle,681,681,159.0961703993,-31.3928805341,-4.7865343094,Vx,Near-bottom,m s$^{-1}$,-4.2865343094,0.0203179642,-0.0093492937,-0.0296672579,2
2011-05-03 00:00:00,Middle,681,681,159.0961703993,-31.3928805341,-4.7865343094,Vx,Near-bottom,m s$^{-1}$,-4.2865343094,0.0114229639,-0.0293603630,-0.0407833269,2
2011-05-03 01:00:00,Middle,681,681,159.0961703993,-31.3928805341,-4.7865343094,Vx,Near-bottom,m s$^{-1}$,-4.2865343094,0.0165798734,-0.0364359776,-0.0530158510,2
2011-05-03 02:00:00,Middle,681,681,159.0961703993,-31.3928805341,-4.7865343094,Vx,Near-bottom,m s$^{-1}$,-4.2865343094,0.0077166078,-0.0469154088,-0.0546320166,2
2011-05-03 03:00:00,Middle,681,681,159.0961703993,-31.3928805341,-4.7865343094,Vx,Near-bottom,m s$^{-1}$,-4.2865343094,0.0195520317,-0.0445200128,-0.0640720445,2
2011-05-03 04:00:00,Middle,681,681,159.0961703993,-31.3928805341,-4.7865343094,Vx,Near-bottom,m s$^{-1}$,-4.2865343094,0.0167547310,-0.0395027132,-0.0562574441,2
2011-05-03 05:00:00,Middle,681,681,159.0961703993,-31.3928805341,-4.7865343094,Vx,Near-bottom,m s$^{-1}$,-4.2865343094,0.0199470016,-0.0350141945,-0.0549611960,2
2011-05-03 06:00:00,Middle,681,681,159.0961703993,-31.3928805341,-4.7865343094,Vx,Near-bottom,m s$^{-1}$,-4.2865343094,0.0399798373,-0.0016943217,-0.0416741590,2
2011-05-03 07:00:00,Middle,681,681,159.0961703993,-31.3928805341,-4.7865343094,Vx,Near-bottom,m s$^{-1}$,-4.2865343094,0.0382321883,0.0148101149,-0.0234220734,2
2011-05-03 08:00:00,Middle,681,681,159.0961703993,-31.3928805341,-4.7865343094,Vx,Near-bottom,m s$^{-1}$,-4.2865343094,0.0397985546,0.0211137092,-0.0186848454,2
2011-05-03 09:00:00,Middle,681,681,159.0961703993,-31.3928805341,-4.7865343094,Vx,Near-bottom,m s$^{-1}$,-4.2865343094,0.0401411154,0.0293911337,-0.0107499818,2
2011-05-03 10:00:00,Middle,681,681,159.0961703993,-31.3928805341,-4.7865343094,Vx,Near-bottom,m s$^{-1}$,-4.2865343094,0.0272585251,0.0164241556,-0.0108343694,2
2011-05-03 11:00:00,Middle,681,681,159.0961703993,-31.3928805341,-4.7865343094,Vx,Near-bottom,m s$^{-1}$,-4.2865343094,0.0278545829,0.0060431248,-0.0218114581,2
2011-05-03 12:00:00,Middle,681,681,159.0961703993,-31.3928805341,-4.7865343094,Vx,Near-bottom,m s$^{-1}$,-4.2865343094,0.0110219886,-0.0149498683,-0.0259718569,2
2011-05-03 13:00:00,Middle,681,681,159.0961703993,-31.3928805341,-4.7865343094,Vx,Near-bottom,m s$^{-1}$,-4.2865343094,0.0154139182,-0.0280881322,-0.0435020504,2
2011-05-03 14:00:00,Middle,681,681,159.0961703993,-31.3928805341,-4.7865343094,Vx,Near-bottom,m s$^{-1}$,-4.2865343094,0.0103362779,-0.0373245352,-0.0476608131,2
2011-05-03 15:00:00,Middle,681,681,159.0961703993,-31.3928805341,-4.7865343094,Vx,Near-bottom,m s$^{-1}$,-4.2865343094,0.0118258768,-0.0426278700,-0.0544537468,2
2011-05-03 16:00:00,Middle,681,681,159.0961703993,-31.3928805341,-4.7865343094,Vx,Near-bottom,m s$^{-1}$,-4.2865343094,0.0172498726,-0.0376654688,-0.0549153414,2
2011-05-03 17:00:00,Middle,681,681,159.0961703993,-31.3928805341,-4.7865343094,Vx,Near-bottom,m s$^{-1}$,-4.2865343094,0.0174140591,-0.0322846120,-0.0496986711,2
2011-05-03 18:00:00,Middle,681,681,159.0961703993,-31.3928805341,-4.7865343094,Vx,Near-bottom,m s$^{-1}$,-4.2865343094,0.0352415082,-0.0063565253,-0.0415980335,2
2011-05-03 19:00:00,Middle,681,681,159.0961703993,-31.3928805341,-4.7865343094,Vx,Near-bottom,m s$^{-1}$,-4.2865343094,0.0311162493,0.0048170175,-0.0262992319,2
2011-05-03 20:00:00,Middle,681,681,159.0961703993,-31.3928805341,-4.7865343094,Vx,Near-bottom,m s$^{-1}$,-4.2865343094,0.0420787024,0.0209832324,-0.0210954700,2
2011-05-03 21:00:00,Middle,681,681,159.0961703993,-31.3928805341,-4.7865343094,Vx,Near-bottom,m s$^{-1}$,-4.2865343094,0.0374963180,0.0276371533,-0.0098591647,2
2011-05-03 22:00:00,Middle,681,681,159.0961703993,-31.3928805341,-4.7865343094,Vx,Near-bottom,m s$^{-1}$,-4.2865343094,0.0317872560,0.0197585226,-0.0120287334,2
2011-05-03 23:00:00,Middle,681,681,159.0961703993,-31.3928805341,-4.7865343094,Vx,Near-bottom,m s$^{-1}$,-4.2865343094,0.0251657819,0.0093751486,-0.0157906334,2
2011-05-04 00:00:00,Middle,681,681,159.0961703993,-31.3928805341,-4.7865343094,Vx,Near-bottom,m s$^{-1}$,-4.2865343094,0.0122352505,-0.0124736246,-0.0247088751,2
2011-05-04 01:00:00,Middle,681,681,159.0961703993,-31.3928805341,-4.7865343094,Vx,Near-bottom,m s$^{-1}$,-4.2865343094,0.0148302980,-0.0256505196,-0.0404808176,2
2011-05-04 02:00:00,Middle,681,681,159.0961703993,-31.3928805341,-4.7865343094,Vx,Near-bottom,m s$^{-1}$,-4.2865343094,0.0046857339,-0.0388609518,-0.0435466857,2
2011-05-04 03:00:00,Middle,681,681,159.0961703993,-31.3928805341,-4.7865343094,Vx,Near-bottom,m s$^{-1}$,-4.2865343094,0.0013088694,-0.0486069181,-0.0499157875,2
2011-05-04 04:00:00,Middle,681,681,159.0961703993,-31.3928805341,-4.7865343094,Vx,Near-bottom,m s$^{-1}$,-4.2865343094,0.0162779038,-0.0400178462,-0.0562957500,2
2011-05-04 05:00:00,Middle,681,681,159.0961703993,-31.3928805341,-4.7865343094,Vx,Near-bottom,m s$^{-1}$,-4.2865343094,0.0130164935,-0.0324361990,-0.0454526925,2
2011-05-04 06:00:00,Middle,681,681,159.0961703993,-31.3928805341,-4.7865343094,Vx,Near-bottom,m s$^{-1}$,-4.2865343094,0.0227353364,-0.0213755167,-0.0441108531,2
2011-05-04 07:00:00,Middle,681,681,159.0961703993,-31.3928805341,-4.7865343094,Vx,Near-bottom,m s$^{-1}$,-4.2865343094,0.0333276238,0.0089349528,-0.0243926710,2
2011-05-04 08:00:00,Middle,681,681,159.0961703993,-31.3928805341,-4.7865343094,Vx,Near-bottom,m s$^{-1}$,-4.2865343094,0.0408109256,0.0318169939,-0.0089939317,2
2011-05-04 09:00:00,Middle,681,681,159.0961703993,-31.3928805341,-4.7865343094,Vx,Near-bottom,m s$^{-1}$,-4.2865343094,0.0404402951,0.0403407604,-0.0000995348,2
2011-05-04 10:00:00,Middle,681,681,159.0961703993,-31.3928805341,-4.7865343094,Vx,Near-bottom,m s$^{-1}$,-4.2865343094,0.0317483368,0.0345414193,0.0027930826,2
2011-05-04 11:00:00,Middle,681,681,159.0961703993,-31.3928805341,-4.7865343094,Vx,Near-bottom,m s$^{-1}$,-4.2865343094,0.0242228156,0.0201969362,-0.0040258794,2
2011-05-04 12:00:00,Middle,681,681,159.0961703993,-31.3928805341,-4.7865343094,Vx,Near-bottom,m s$^{-1}$,-4.2865343094,0.0129793350,0.0023266057,-0.0106527293,2
2011-05-04 13:00:00,Middle,681,681,159.0961703993,-31.3928805341,-4.7865343094,Vx,Near-bottom,m s$^{-1}$,-4.2865343094,0.0204220454,-0.0067211542,-0.0271431996,2
2011-05-04 14:00:00,Middle,681,681,159.0961703993,-31.3928805341,-4.7865343094,Vx,Near-bottom,m s$^{-1}$,-4.2865343094,0.0090451282,-0.0256381251,-0.0346832533,2
2011-05-04 15:00:00,Middle,681,681,159.0961703993,-31.3928805341,-4.7865343094,Vx,Near-bottom,m s$^{-1}$,-4.2865343094,0.0129358335,-0.0323635202,-0.0452993537,2
2011-05-04 16:00:00,Middle,681,681,159.0961703993,-31.3928805341,-4.7865343094,Vx,Near-bottom,m s$^{-1}$,-4.2865343094,0.0152530141,-0.0318693059,-0.0471223200,2
2011-05-04 17:00:00,Middle,681,681,159.0961703993,-31.3928805341,-4.7865343094,Vx,Near-bottom,m s$^{-1}$,-4.2865343094,0.0191263113,-0.0280233934,-0.0471497047,2
2011-05-04 18:00:00,Middle,681,681,159.0961703993,-31.3928805341,-4.7865343094,Vx,Near-bottom,m s$^{-1}$,-4.2865343094,0.0175720388,-0.0244786842,-0.0420507231,2
2011-05-04 19:00:00,Middle,681,681,159.0961703993,-31.3928805341,-4.7865343094,Vx,Near-bottom,m s$^{-1}$,-4.2865343094,0.0291389773,-0.0055454988,-0.0346844761,2
2011-05-04 20:00:00,Middle,681,681,159.0961703993,-31.3928805341,-4.7865343094,Vx,Near-bottom,m s$^{-1}$,-4.2865343094,0.0379028488,0.0230068296,-0.0148960193,2
2011-05-04 21:00:00,Middle,681,681,159.0961703993,-31.3928805341,-4.7865343094,Vx,Near-bottom,m s$^{-1}$,-4.2865343094,0.0391136494,0.0345287292,-0.0045849201,2
2011-05-04 22:00:00,Middle,681,681,159.0961703993,-31.3928805341,-4.7865343094,Vx,Near-bottom,m s$^{-1}$,-4.2865343094,0.0312227493,0.0287076661,-0.0025150832,2
2011-05-04 23:00:00,Middle,681,681,159.0961703993,-31.3928805341,-4.7865343094,Vx,Near-bottom,m s$^{-1}$,-4.2865343094,0.0348078920,0.0292656433,-0.0055422487,2
2011-05-05 00:00:00,Middle,681,681,159.0961703993,-31.3928805341,-4.7865343094,Vx,Near-bottom,m s$^{-1}$,-4.2865343094,0.0187987620,0.0132526301,-0.0055461319,2
2011-05-05 01:00:00,Middle,681,681,159.0961703993,-31.3928805341,-4.7865343094,Vx,Near-bottom,m s$^{-1}$,-4.2865343094,0.0195836022,-0.0022793946,-0.0218629968,2
2011-05-05 02:00:00,Middle,681,681,159.0961703993,-31.3928805341,-4.7865343094,Vx,Near-bottom,m s$^{-1}$,-4.2865343094,0.0053535238,-0.0240595125,-0.0294130363,2
2011-05-05 03:00:00,Middle,681,681,159.0961703993,-31.3928805341,-4.7865343094,Vx,Near-bottom,m s$^{-1}$,-4.2865343094,0.0091777510,-0.0325839214,-0.0417616725,2
2011-05-05 04:00:00,Middle,681,681,159.0961703993,-31.3928805341,-4.7865343094,Vx,Near-bottom,m s$^{-1}$,-4.2865343094,-0.0035208646,-0.0456094787,-0.0420886141,2
2011-05-05 05:00:00,Middle,681,681,159.0961703993,-31.3928805341,-4.7865343094,Vx,Near-bottom,m s$^{-1}$,-4.2865343094,0.0157743683,-0.0384248432,-0.0541992115,2
2011-05-05 06:00:00,Middle,681,681,159.0961703993,-31.3928805341,-4.7865343094,Vx,Near-bottom,m s$^{-1}$,-4.2865343094,0.0100569164,-0.0315378185,-0.0415947349,2
2011-05-05 07:00:00,Middle,681,681,159.0961703993,-31.3928805341,-4.7865343094,Vx,Near-bottom,m s$^{-1}$,-4.2865343094,0.0324438216,-0.0067929103,-0.0392367320,2
2011-05-05 08:00:00,Middle,681,681,159.0961703993,-31.3928805341,-4.7865343094,Vx,Near-bottom,m s$^{-1}$,-4.2865343094,0.0305416250,0.0166500674,-0.0138915575,2
2011-05-05 09:00:00,Middle,681,681,159.0961703993,-31.3928805341,-4.7865343094,Vx,Near-bottom,m s$^{-1}$,-4.2865343094,0.0403603422,0.0312586250,-0.0091017172,2
2011-05-05 10:00:00,Middle,681,681,159.0961703993,-31.3928805341,-4.7865343094,Vx,Near-bottom,m s$^{-1}$,-4.2865343094,0.0407503571,0.0412757677,0.0005254106,2
2011-05-05 11:00:00,Middle,681,681,159.0961703993,-31.3928805341,-4.7865343094,Vx,Near-bottom,m s$^{-1}$,-4.2865343094,0.0349927114,0.0389512296,0.0039585182,2
2011-05-05 12:00:00,Middle,681,681,159.0961703993,-31.3928805341,-4.7865343094,Vx,Near-bottom,m s$^{-1}$,-4.2865343094,0.0309847735,0.0300590441,-0.0009257294,2
2011-05-05 13:00:00,Middle,681,681,159.0961703993,-31.3928805341,-4.7865343094,Vx,Near-bottom,m s$^{-1}$,-4.2865343094,0.0216079261,0.0155747563,-0.0060331698,2
2011-05-05 14:00:00,Middle,681,681,159.0961703993,-31.3928805341,-4.7865343094,Vx,Near-bottom,m s$^{-1}$,-4.2865343094,0.0184447636,0.0006628899,-0.0177818737,2
2011-05-05 15:00:00,Middle,681,681,159.0961703993,-31.3928805341,-4.7865343094,Vx,Near-bottom,m s$^{-1}$,-4.2865343094,-0.0007092247,-0.0281726541,-0.0274634294,2
2011-05-05 16:00:00,Middle,681,681,159.0961703993,-31.3928805341,-4.7865343094,Vx,Near-bottom,m s$^{-1}$,-4.2865343094,0.0057962632,-0.0379534491,-0.0437497123,2
2011-05-05 17:00:00,Middle,681,681,159.0961703993,-31.3928805341,-4.7865343094,Vx,Near-bottom,m s$^{-1}$,-4.2865343094,0.0130920764,-0.0347895517,-0.0478816282,2
2011-05-05 18:00:00,Middle,681,681,159.0961703993,-31.3928805341,-4.7865343094,Vx,Near-bottom,m s$^{-1}$,-4.2865343094,0.0167982978,-0.0299494413,-0.0467477390,2
2011-05-05 19:00:00,Middle,681,681,159.0961703993,-31.3928805341,-4.7865343094,Vx,Near-bottom,m s$^{-1}$,-4.2865343094,0.0233968459,-0.0194469230,-0.0428437689,2
2011-05-05 20:00:00,Middle,681,681,159.0961703993,-31.3928805341,-4.7865343094,Vx,Near-bottom,m s$^{-1}$,-4.2865343094,0.0352138129,0.0091409102,-0.0260729027,2
2011-05-05 21:00:00,Middle,681,681,159.0961703993,-31.3928805341,-4.7865343094,Vx,Near-bottom,m s$^{-1}$,-4.2865343094,0.0372728411,0.0254676217,-0.0118052194,2
2011-05-05 22:00:00,Middle,681,681,159.0961703993,-31.3928805341,-4.7865343094,Vx,Near-bottom,m s$^{-1}$,-4.2865343094,0.0421583311,0.0366300295,-0.0055283016,2
2011-05-05 23:00:00,Middle,681,681,159.0961703993,-31.3928805341,-4.7865343094,Vx,Near-bottom,m s$^{-1}$,-4.2865343094,0.0281224696,0.0269534456,-0.0011690240,2
2011-05-06 00:00:00,Middle,681,681,159.0961703993,-31.3928805341,-4.7865343094,Vx,Near-bottom,m s$^{-1}$,-4.2865343094,0.0375110959,0.0292424220,-0.0082686739,2
2011-05-06 01:00:00,Middle,681,681,159.0961703993,-31.3928805341,-4.7865343094,Vx,Near-bottom,m s$^{-1}$,-4.2865343094,0.0182241158,0.0137261503,-0.0044979655,2
2011-05-06 02:00:00,Middle,681,681,159.0961703993,-31.3928805341,-4.7865343094,Vx,Near-bottom,m s$^{-1}$,-4.2865343094,0.0172420149,-0.0070379525,-0.0242799674,2
2011-05-06 03:00:00,Middle,681,681,159.0961703993,-31.3928805341,-4.7865343094,Vx,Near-bottom,m s$^{-1}$,-4.2865343094,-0.0029440410,-0.0340814774,-0.0311374364,2
2011-05-06 04:00:00,Middle,681,681,159.0961703993,-31.3928805341,-4.7865343094,Vx,Near-bottom,m s$^{-1}$,-4.2865343094,0.0099527685,-0.0388247875,-0.0487775560,2
2011-05-06 05:00:00,Middle,681,681,159.0961703993,-31.3928805341,-4.7865343094,Vx,Near-bottom,m s$^{-1}$,-4.2865343094,-0.0084316988,-0.0529622982,-0.0445305993,2
2011-05-06 06:00:00,Middle,681,681,159.0961703993,-31.3928805341,-4.7865343094,Vx,Near-bottom,m s$^{-1}$,-4.2865343094,0.0127079740,-0.0489935581,-0.0617015320,2
2011-05-06 07:00:00,Middle,681,681,159.0961703993,-31.3928805341,-4.7865343094,Vx,Near-bottom,m s$^{-1}$,-4.2865343094,0.0185309569,-0.0282198875,-0.0467508443,2
2011-05-06 08:00:00,Middle,681,681,159.0961703993,-31.3928805341,-4.7865343094,Vx,Near-bottom,m s$^{-1}$,-4.2865343094,0.0291802356,-0.0098653395,-0.0390455751,2
2011-05-06 09:00:00,Middle,681,681,159.0961703993,-31.3928805341,-4.7865343094,Vx,Near-bottom,m s$^{-1}$,-4.2865343094,0.0420553855,0.0240135699,-0.0180418156,2
2011-05-06 10:00:00,Middle,681,681,159.0961703993,-31.3928805341,-4.7865343094,Vx,Near-bottom,m s$^{-1}$,-4.2865343094,0.0422775095,0.0408379499,-0.0014395596,2
2011-05-06 11:00:00,Middle,681,681,159.0961703993,-31.3928805341,-4.7865343094,Vx,Near-bottom,m s$^{-1}$,-4.2865343094,0.0343895106,0.0352775933,0.0008880827,2
2011-05-06 12:00:00,Middle,681,681,159.0961703993,-31.3928805341,-4.7865343094,Vx,Near-bottom,m s$^{-1}$,-4.2865343094,0.0426840707,0.0409987640,-0.0016853067,2
2011-05-06 13:00:00,Middle,681,681,159.0961703993,-31.3928805341,-4.7865343094,Vx,Near-bottom,m s$^{-1}$,-4.2865343094,0.0237046786,0.0258215636,0.0021168850,2
2011-05-06 14:00:00,Middle,681,681,159.0961703993,-31.3928805341,-4.7865343094,Vx,Near-bottom,m s$^{-1}$,-4.2865343094,0.0218896977,0.0067564711,-0.0151332266,2
2011-05-06 15:00:00,Middle,681,681,159.0961703993,-31.3928805341,-4.7865343094,Vx,Near-bottom,m s$^{-1}$,-4.2865343094,0.0090704124,-0.0134288684,-0.0224992809,2
2011-05-06 16:00:00,Middle,681,681,159.0961703993,-31.3928805341,-4.7865343094,Vx,Near-bottom,m s$^{-1}$,-4.2865343094,0.0022805465,-0.0345194177,-0.0367999643,2
2011-05-06 17:00:00,Middle,681,681,159.0961703993,-31.3928805341,-4.7865343094,Vx,Near-bottom,m s$^{-1}$,-4.2865343094,0.0064127481,-0.0408543514,-0.0472670995,2
2011-05-06 18:00:00,Middle,681,681,159.0961703993,-31.3928805341,-4.7865343094,Vx,Near-bottom,m s$^{-1}$,-4.2865343094,0.0139683338,-0.0379957759,-0.0519641097,2
2011-05-06 19:00:00,Middle,681,681,159.0961703993,-31.3928805341,-4.7865343094,Vx,Near-bottom,m s$^{-1}$,-4.2865343094,0.0106188447,-0.0401513434,-0.0507701881,2
2011-05-06 20:00:00,Middle,681,681,159.0961703993,-31.3928805341,-4.7865343094,Vx,Near-bottom,m s$^{-1}$,-4.2865343094,0.0267217799,-0.0252258508,-0.0519476306,2
2011-05-06 21:00:00,Middle,681,681,159.0961703993,-31.3928805341,-4.7865343094,Vx,Near-bottom,m s$^{-1}$,-4.2865343094,0.0390661286,0.0107198142,-0.0283463145,2
2011-05-06 22:00:00,Middle,681,681,159.0961703993,-31.3928805341,-4.7865343094,Vx,Near-bottom,m s$^{-1}$,-4.2865343094,0.0436775089,0.0303079727,-0.0133695362,2
2011-05-06 23:00:00,Middle,681,681,159.0961703993,-31.3928805341,-4.7865343094,Vx,Near-bottom,m s$^{-1}$,-4.2865343094,0.0367712966,0.0303862080,-0.0063850886,2
2011-05-07 00:00:00,Middle,681,681,159.0961703993,-31.3928805341,-4.7865343094,Vx,Near-bottom,m s$^{-1}$,-4.2865343094,0.0416743931,0.0339528124,-0.0077215807,2
2011-05-01 01:00:00,Middle,681,681,159.0961703993,-31.3928805341,-4.7865343094,Vx,Surface,m s$^{-1}$,-0.4740738778,-0.0291068963,-0.0285972474,0.0005096488,4
2011-05-01 02:00:00,Middle,681,681,159.0961703993,-31.3928805341,-4.7865343094,Vx,Surface,m s$^{-1}$,-0.5684610500,-0.0772009389,-0.0501872135,0.0270137254,4
2011-05-01 03:00:00,Middle,681,681,159.0961703993,-31.3928805341,-4.7865343094,Vx,Surface,m s$^{-1}$,-0.5835113770,-0.0097577218,-0.0287290892,-0.0189713674,4
2011-05-01 04:00:00,Middle,681,681,159.0961703993,-31.3928805341,-4.7865343094,Vx,Surface,m s$^{-1}$,-0.6036079106,-0.0413264503,-0.0095922244,0.0317342259,4
2011-05-01 05:00:00,Middle,681,681,159.0961703993,-31.3928805341,-4.7865343094,Vx,Surface,m s$^{-1}$,-0.5695230713,0.0199423117,0.0105599561,-0.0093823557,4
2011-05-01 06:00:00,Middle,681,681,159.0961703993,-31.3928805341,-4.7865343094,Vx,Surface,m s$^{-1}$,-0.5134578353,0.0209752787,0.0218311529,0.0008558742,4
2011-05-01 07:00:00,Middle,681,681,159.0961703993,-31.3928805341,-4.7865343094,Vx,Surface,m s$^{-1}$,-0.4502545489,-0.0983216063,0.0207953285,0.1191169347,4
2011-05-01 08:00:00,Middle,681,681,159.0961703993,-31.3928805341,-4.7865343094,Vx,Surface,m s$^{-1}$,-0.3915402318,-0.0927679809,0.0169478134,0.1097157943,4
2011-05-01 09:00:00,Middle,681,681,159.0961703993,-31.3928805341,-4.7865343094,Vx,Surface,m s$^{-1}$,-0.3475650122,-0.1054107158,0.0064421883,0.1118529042,4
2011-05-01 10:00:00,Middle,681,681,159.0961703993,-31.3928805341,-4.7865343094,Vx,Surface,m s$^{-1}$,-0.3345214836,-0.1331910801,-0.0095650956,0.1236259845,4
2011-05-01 11:00:00,Middle,681,681,159.0961703993,-31.3928805341,-4.7865343094,Vx,Surface,m s$^{-1}$,-0.3427173326,-0.1459528203,-0.0173474759,0.1286053444,4
2011-05-01 12:00:00,Middle,681,681,159.0961703993,-31.3928805341,-4.7865343094,Vx,Surface,m s$^{-1}$,-0.3846326022,-0.1824986929,-0.0370696949,0.1454289980,4
2011-05-01 13:00:00,Middle,681,681,159.0961703993,-31.3928805341,-4.7865343094,Vx,Surface,m s$^{-1}$,-0.4453677826,-0.1817108848,-0.0411747658,0.1405361190,4
2011-05-01 14:00:00,Middle,681,681,159.0961703993,-31.3928805341,-4.7865343094,Vx,Surface,m s$^{-1}$,-0.4962369012,-0.1722389657,-0.0369729330,0.1352660326,4
2011-05-01 15:00:00,Middle,681,681,159.0961703993,-31.3928805341,-4.7865343094,Vx,Surface,m s$^{-1}$,-0.5378585642,-0.1654404818,-0.0328078656,0.1326326162,4
2011-05-01 16:00:00,Middle,681,681,159.0961703993,-31.3928805341,-4.7865343094,Vx,Surface,m s$^{-1}$,-0.5538695978,-0.1340812095,-0.0153593087,0.1187219008,4
2011-05-01 17:00:00,Middle,681,681,159.0961703993,-31.3928805341,-4.7865343094,Vx,Surface,m s$^{-1}$,-0.5436443135,-0.1241123047,-0.0034233063,0.1206889984,4
2011-05-01 18:00:00,Middle,681,681,159.0961703993,-31.3928805341,-4.7865343094,Vx,Surface,m s$^{-1}$,-0.5007876482,-0.0894503893,0.0194417582,0.1088921475,4
2011-05-01 19:00:00,Middle,681,681,159.0961703993,-31.3928805341,-4.7865343094,Vx,Surface,m s$^{-1}$,-0.4371106297,-0.0977340755,0.0180085538,0.1157426293,4
2011-05-01 20:00:00,Middle,681,681,159.0961703993,-31.3928805341,-4.7865343094,Vx,Surface,m s$^{-1}$,-0.3812920757,-0.1016701637,0.0162746844,0.1179448480,4
2011-05-01 21:00:00,Middle,681,681,159.0961703993,-31.3928805341,-4.7865343094,Vx,Surface,m s$^{-1}$,-0.3286348301,-0.1112063206,0.0117250010,0.1229313217,4
2011-05-01 22:00:00,Middle,681,681,159.0961703993,-31.3928805341,-4.7865343094,Vx,Surface,m s$^{-1}$,-0.3056929813,-0.1367159763,-0.0042642208,0.1324517555,4
2011-05-01 23:00:00,Middle,681,681,159.0961703993,-31.3928805341,-4.7865343094,Vx,Surface,m s$^{-1}$,-0.3204879172,-0.1522920194,-0.0236105274,0.1286814921,4
2011-05-02 00:00:00,Middle,681,681,159.0961703993,-31.3928805341,-4.7865343094,Vx,Surface,m s$^{-1}$,-0.3671420618,-0.1618299261,-0.0356082060,0.1262217201,4
2011-05-02 01:00:00,Middle,681,681,159.0961703993,-31.3928805341,-4.7865343094,Vx,Surface,m s$^{-1}$,-0.4324392365,-0.1708267163,-0.0450168980,0.1258098183,4
2011-05-02 02:00:00,Middle,681,681,159.0961703993,-31.3928805341,-4.7865343094,Vx,Surface,m s$^{-1}$,-0.4963864220,-0.1606667685,-0.0422882933,0.1183784752,4
2011-05-02 03:00:00,Middle,681,681,159.0961703993,-31.3928805341,-4.7865343094,Vx,Surface,m s$^{-1}$,-0.5465842432,-0.1574786791,-0.0379790411,0.1194996380,4
2011-05-02 04:00:00,Middle,681,681,159.0961703993,-31.3928805341,-4.7865343094,Vx,Surface,m s$^{-1}$,-0.5818363016,-0.1426274505,-0.0278401272,0.1147873233,4
2011-05-02 05:00:00,Middle,681,681,159.0961703993,-31.3928805341,-4.7865343094,Vx,Surface,m s$^{-1}$,-0.5857881148,-0.1212643134,-0.0083404813,0.1129238322,4
2011-05-02 06:00:00,Middle,681,681,159.0961703993,-31.3928805341,-4.7865343094,Vx,Surface,m s$^{-1}$,-0.5585326372,-0.1065222176,0.0095055322,0.1160277499,4
2011-05-02 07:00:00,Middle,681,681,159.0961703993,-31.3928805341,-4.7865343094,Vx,Surface,m s$^{-1}$,-0.5016006304,-0.0898736443,0.0228825431,0.1127561874,4
2011-05-02 08:00:00,Middle,681,681,159.0961703993,-31.3928805341,-4.7865343094,Vx,Surface,m s$^{-1}$,-0.4322609759,-0.0959767637,0.0235457264,0.1195224901,4
2011-05-02 09:00:00,Middle,681,681,159.0961703993,-31.3928805341,-4.7865343094,Vx,Surface,m s$^{-1}$,-0.3712620865,-0.1088850598,0.0171484160,0.1260334758,4
2011-05-02 10:00:00,Middle,681,681,159.0961703993,-31.3928805341,-4.7865343094,Vx,Surface,m s$^{-1}$,-0.3284163248,-0.1174115542,0.0068238923,0.1242354464,4
2011-05-02 11:00:00,Middle,681,681,159.0961703993,-31.3928805341,-4.7865343094,Vx,Surface,m s$^{-1}$,-0.3146321932,-0.1309843014,-0.0085140079,0.1224702935,4
2011-05-02 12:00:00,Middle,681,681,159.0961703993,-31.3928805341,-4.7865343094,Vx,Surface,m s$^{-1}$,-0.3317347454,-0.1360968422,-0.0227465943,0.1133502479,4
2011-05-02 13:00:00,Middle,681,681,159.0961703993,-31.3928805341,-4.7865343094,Vx,Surface,m s$^{-1}$,-0.3763659970,-0.1479741813,-0.0361639359,0.1118102454,4
2011-05-02 14:00:00,Middle,681,681,159.0961703993,-31.3928805341,-4.7865343094,Vx,Surface,m s$^{-1}$,-0.4355632892,-0.1476522817,-0.0408935122,0.1067587695,4
2011-05-02 15:00:00,Middle,681,681,159.0961703993,-31.3928805341,-4.7865343094,Vx,Surface,m s$^{-1}$,-0.4877435586,-0.1414230675,-0.0368902124,0.1045328551,4
2011-05-02 16:00:00,Middle,681,681,159.0961703993,-31.3928805341,-4.7865343094,Vx,Surface,m s$^{-1}$,-0.5214240615,-0.1303748011,-0.0267155868,0.1036592143,4
2011-05-02 17:00:00,Middle,681,681,159.0961703993,-31.3928805341,-4.7865343094,Vx,Surface,m s$^{-1}$,-0.5416649446,-0.1286778898,-0.0214062151,0.1072716746,4
2011-05-02 18:00:00,Middle,681,681,159.0961703993,-31.3928805341,-4.7865343094,Vx,Surface,m s$^{-1}$,-0.5294357014,-0.0941416397,0.0036172380,0.0977588777,4
2011-05-02 19:00:00,Middle,681,681,159.0961703993,-31.3928805341,-4.7865343094,Vx,Surface,m s$^{-1}$,-0.4788485709,-0.0864227492,0.0182530968,0.1046758460,4
2011-05-02 20:00:00,Middle,681,681,159.0961703993,-31.3928805341,-4.7865343094,Vx,Surface,m s$^{-1}$,-0.4206621890,-0.0888552815,0.0172985938,0.1061538754,4
2011-05-02 21:00:00,Middle,681,681,159.0961703993,-31.3928805341,-4.7865343094,Vx,Surface,m s$^{-1}$,-0.3608961538,-0.0908704461,0.0165038977,0.1073743438,4
2011-05-02 22:00:00,Middle,681,681,159.0961703993,-31.3928805341,-4.7865343094,Vx,Surface,m s$^{-1}$,-0.3178997058,-0.1068381432,0.0059409495,0.1127790927,4
2011-05-02 23:00:00,Middle,681,681,159.0961703993,-31.3928805341,-4.7865343094,Vx,Surface,m s$^{-1}$,-0.3048016420,-0.1174899596,-0.0092796373,0.1082103223,4
2011-05-03 00:00:00,Middle,681,681,159.0961703993,-31.3928805341,-4.7865343094,Vx,Surface,m s$^{-1}$,-0.3295968810,-0.1358051866,-0.0288954279,0.1069097587,4
2011-05-03 01:00:00,Middle,681,681,159.0961703993,-31.3928805341,-4.7865343094,Vx,Surface,m s$^{-1}$,-0.3784222169,-0.1355254777,-0.0356330717,0.0998924061,4
2011-05-03 02:00:00,Middle,681,681,159.0961703993,-31.3928805341,-4.7865343094,Vx,Surface,m s$^{-1}$,-0.4426400664,-0.1543976162,-0.0455889549,0.1088086613,4
2011-05-03 03:00:00,Middle,681,681,159.0961703993,-31.3928805341,-4.7865343094,Vx,Surface,m s$^{-1}$,-0.5072094977,-0.1455809596,-0.0431374134,0.1024435462,4
2011-05-03 04:00:00,Middle,681,681,159.0961703993,-31.3928805341,-4.7865343094,Vx,Surface,m s$^{-1}$,-0.5569071654,-0.1452368730,-0.0384680352,0.1067688378,4
2011-05-03 05:00:00,Middle,681,681,159.0961703993,-31.3928805341,-4.7865343094,Vx,Surface,m s$^{-1}$,-0.6000830636,-0.1418540584,-0.0341715416,0.1076825168,4
2011-05-03 06:00:00,Middle,681,681,159.0961703993,-31.3928805341,-4.7865343094,Vx,Surface,m s$^{-1}$,-0.5997173805,-0.0964074312,-0.0018615438,0.0945458874,4
2011-05-03 07:00:00,Middle,681,681,159.0961703993,-31.3928805341,-4.7865343094,Vx,Surface,m s$^{-1}$,-0.5583746669,-0.0920030570,0.0146316487,0.1066347057,4
2011-05-03 08:00:00,Middle,681,681,159.0961703993,-31.3928805341,-4.7865343094,Vx,Surface,m s$^{-1}$,-0.5019620680,-0.0811674432,0.0207394541,0.1019068973,4
2011-05-03 09:00:00,Middle,681,681,159.0961703993,-31.3928805341,-4.7865343094,Vx,Surface,m s$^{-1}$,-0.4250057052,-0.0695181734,0.0287019656,0.0982201390,4
2011-05-03 10:00:00,Middle,681,681,159.0961703993,-31.3928805341,-4.7865343094,Vx,Surface,m s$^{-1}$,-0.3599979539,-0.0997897363,0.0161629137,0.1159526499,4
2011-05-03 11:00:00,Middle,681,681,159.0961703993,-31.3928805341,-4.7865343094,Vx,Surface,m s$^{-1}$,-0.3192897881,-0.0997297079,0.0060975063,0.1058272142,4
2011-05-03 12:00:00,Middle,681,681,159.0961703993,-31.3928805341,-4.7865343094,Vx,Surface,m s$^{-1}$,-0.3120318186,-0.1277306720,-0.0148354529,0.1128952191,4
2011-05-03 13:00:00,Middle,681,681,159.0961703993,-31.3928805341,-4.7865343094,Vx,Surface,m s$^{-1}$,-0.3412012042,-0.1277008323,-0.0274967702,0.1002040621,4
2011-05-03 14:00:00,Middle,681,681,159.0961703993,-31.3928805341,-4.7865343094,Vx,Surface,m s$^{-1}$,-0.3860101427,-0.1323535299,-0.0362300948,0.0961234351,4
2011-05-03 15:00:00,Middle,681,681,159.0961703993,-31.3928805341,-4.7865343094,Vx,Surface,m s$^{-1}$,-0.4451668974,-0.1385923749,-0.0411102540,0.0974821209,4
2011-05-03 16:00:00,Middle,681,681,159.0961703993,-31.3928805341,-4.7865343094,Vx,Surface,m s$^{-1}$,-0.4971618885,-0.1300529505,-0.0362952963,0.0937576542,4
2011-05-03 17:00:00,Middle,681,681,159.0961703993,-31.3928805341,-4.7865343094,Vx,Surface,m s$^{-1}$,-0.5386419147,-0.1318384219,-0.0312314381,0.1006069838,4
2011-05-03 18:00:00,Middle,681,681,159.0961703993,-31.3928805341,-4.7865343094,Vx,Surface,m s$^{-1}$,-0.5471541436,-0.0995732655,-0.0057686064,0.0938046591,4
2011-05-03 19:00:00,Middle,681,681,159.0961703993,-31.3928805341,-4.7865343094,Vx,Surface,m s$^{-1}$,-0.5247880598,-0.0987986686,0.0061407445,0.1049394131,4
2011-05-03 20:00:00,Middle,681,681,159.0961703993,-31.3928805341,-4.7865343094,Vx,Surface,m s$^{-1}$,-0.4814257827,-0.0772016594,0.0221450799,0.0993467393,4
2011-05-03 21:00:00,Middle,681,681,159.0961703993,-31.3928805341,-4.7865343094,Vx,Surface,m s$^{-1}$,-0.4112183927,-0.0731832779,0.0286340842,0.1018173621,4
2011-05-03 22:00:00,Middle,681,681,159.0961703993,-31.3928805341,-4.7865343094,Vx,Surface,m s$^{-1}$,-0.3512028319,-0.0927952696,0.0215253751,0.1143206447,4
2011-05-03 23:00:00,Middle,681,681,159.0961703993,-31.3928805341,-4.7865343094,Vx,Surface,m s$^{-1}$,-0.3081583845,-0.0994301420,0.0123234632,0.1117536052,4
2011-05-04 00:00:00,Middle,681,681,159.0961703993,-31.3928805341,-4.7865343094,Vx,Surface,m s$^{-1}$,-0.3028474778,-0.1274491769,-0.0089970004,0.1184521765,4
2011-05-04 01:00:00,Middle,681,681,159.0961703993,-31.3928805341,-4.7865343094,Vx,Surface,m s$^{-1}$,-0.3310543791,-0.1296254585,-0.0224775049,0.1071479537,4
2011-05-04 02:00:00,Middle,681,681,159.0961703993,-31.3928805341,-4.7865343094,Vx,Surface,m s$^{-1}$,-0.3846168163,-0.1464448551,-0.0359600424,0.1104848127,4
2011-05-04 03:00:00,Middle,681,681,159.0961703993,-31.3928805341,-4.7865343094,Vx,Surface,m s$^{-1}$,-0.4610882496,-0.1581558478,-0.0467287743,0.1114270735,4
2011-05-04 04:00:00,Middle,681,681,159.0961703993,-31.3928805341,-4.7865343094,Vx,Surface,m s$^{-1}$,-0.5266024140,-0.1402898637,-0.0400175537,0.1002723100,4
2011-05-04 05:00:00,Middle,681,681,159.0961703993,-31.3928805341,-4.7865343094,Vx,Surface,m s$^{-1}$,-0.5757738018,-0.1432810463,-0.0336732496,0.1096077967,4
2011-05-04 06:00:00,Middle,681,681,159.0961703993,-31.3928805341,-4.7865343094,Vx,Surface,m s$^{-1}$,-0.6111985437,-0.1285875187,-0.0232983600,0.1052891587,4
2011-05-04 07:00:00,Middle,681,681,159.0961703993,-31.3928805341,-4.7865343094,Vx,Surface,m s$^{-1}$,-0.6063819954,-0.0960632556,0.0053062655,0.1013695211,4
2011-05-04 08:00:00,Middle,681,681,159.0961703993,-31.3928805341,-4.7865343094,Vx,Surface,m s$^{-1}$,-0.5601176765,-0.0752405894,0.0271441797,0.1023847691,4
2011-05-04 09:00:00,Middle,681,681,159.0961703993,-31.3928805341,-4.7865343094,Vx,Surface,m s$^{-1}$,-0.4836241312,-0.0593514856,0.0358354676,0.0951869532,4
2011-05-04 10:00:00,Middle,681,681,159.0961703993,-31.3928805341,-4.7865343094,Vx,Surface,m s$^{-1}$,-0.4019516474,-0.0687098511,0.0320724917,0.1007823428,4
2011-05-04 11:00:00,Middle,681,681,159.0961703993,-31.3928805341,-4.7865343094,Vx,Surface,m s$^{-1}$,-0.3382014772,-0.0774303260,0.0200338327,0.0974641587,4
2011-05-04 12:00:00,Middle,681,681,159.0961703993,-31.3928805341,-4.7865343094,Vx,Surface,m s$^{-1}$,-0.3039104947,-0.0841957219,0.0020802393,0.0862759612,4
2011-05-04 13:00:00,Middle,681,681,159.0961703993,-31.3928805341,-4.7865343094,Vx,Surface,m s$^{-1}$,-0.3048531450,-0.1066459834,-0.0081636935,0.0984822899,4
2011-05-04 14:00:00,Middle,681,681,159.0961703993,-31.3928805341,-4.7865343094,Vx,Surface,m s$^{-1}$,-0.3375291111,-0.1297890042,-0.0277905757,0.1019984285,4
2011-05-04 15:00:00,Middle,681,681,159.0961703993,-31.3928805341,-4.7865343094,Vx,Surface,m s$^{-1}$,-0.3969362513,-0.1438277652,-0.0350506284,0.1087771368,4
2011-05-04 16:00:00,Middle,681,681,159.0961703993,-31.3928805341,-4.7865343094,Vx,Surface,m s$^{-1}$,-0.4558965996,-0.1511731485,-0.0348043087,0.1163688398,4
2011-05-04 17:00:00,Middle,681,681,159.0961703993,-31.3928805341,-4.7865343094,Vx,Surface,m s$^{-1}$,-0.5078438162,-0.1525727739,-0.0306727630,0.1219000109,4
2011-05-04 18:00:00,Middle,681,681,159.0961703993,-31.3928805341,-4.7865343094,Vx,Surface,m s$^{-1}$,-0.5480369296,-0.1440427003,-0.0268679145,0.1171747858,4
2011-05-04 19:00:00,Middle,681,681,159.0961703993,-31.3928805341,-4.7865343094,Vx,Surface,m s$^{-1}$,-0.5644025610,-0.1161623410,-0.0087150110,0.1074473301,4
2011-05-04 20:00:00,Middle,681,681,159.0961703993,-31.3928805341,-4.7865343094,Vx,Surface,m s$^{-1}$,-0.5381328322,-0.0888269390,0.0186857003,0.1075126392,4
2011-05-04 21:00:00,Middle,681,681,159.0961703993,-31.3928805341,-4.7865343094,Vx,Surface,m s$^{-1}$,-0.4801689039,-0.0773926817,0.0303395042,0.1077321859,4
2011-05-04 22:00:00,Middle,681,681,159.0961703993,-31.3928805341,-4.7865343094,Vx,Surface,m s$^{-1}$,-0.4184147023,-0.0861562527,0.0251841705,0.1113404232,4
2011-05-04 23:00:00,Middle,681,681,159.0961703993,-31.3928805341,-4.7865343094,Vx,Surface,m s$^{-1}$,-0.3614110977,-0.0847752035,0.0260684825,0.1108436860,4
2011-05-05 00:00:00,Middle,681,681,159.0961703993,-31.3928805341,-4.7865343094,Vx,Surface,m s$^{-1}$,-0.3245797563,-0.1110775051,0.0100597297,0.1211372348,4
2011-05-05 01:00:00,Middle,681,681,159.0961703993,-31.3928805341,-4.7865343094,Vx,Surface,m s$^{-1}$,-0.3238787133,-0.1198789260,-0.0054886934,0.1143902326,4
2011-05-05 02:00:00,Middle,681,681,159.0961703993,-31.3928805341,-4.7865343094,Vx,Surface,m s$^{-1}$,-0.3562404583,-0.1407942088,-0.0264632028,0.1143310059,4
2011-05-05 03:00:00,Middle,681,681,159.0961703993,-31.3928805341,-4.7865343094,Vx,Surface,m s$^{-1}$,-0.4148252519,-0.1434071346,-0.0347881773,0.1086189572,4
2011-05-05 04:00:00,Middle,681,681,159.0961703993,-31.3928805341,-4.7865343094,Vx,Surface,m s$^{-1}$,-0.4880506297,-0.1614175233,-0.0473626553,0.1140548680,4
2011-05-05 05:00:00,Middle,681,681,159.0961703993,-31.3928805341,-4.7865343094,Vx,Surface,m s$^{-1}$,-0.5557174343,-0.1421160994,-0.0409578153,0.1011582841,4
2011-05-05 06:00:00,Middle,681,681,159.0961703993,-31.3928805341,-4.7865343094,Vx,Surface,m s$^{-1}$,-0.6033859274,-0.1433254650,-0.0346919272,0.1086335379,4
2011-05-05 07:00:00,Middle,681,681,159.0961703993,-31.3928805341,-4.7865343094,Vx,Surface,m s$^{-1}$,-0.6245174669,-0.1111978907,-0.0115831977,0.0996146930,4
2011-05-05 08:00:00,Middle,681,681,159.0961703993,-31.3928805341,-4.7865343094,Vx,Surface,m s$^{-1}$,-0.6032091751,-0.0934546069,0.0101320118,0.1035866187,4
2011-05-05 09:00:00,Middle,681,681,159.0961703993,-31.3928805341,-4.7865343094,Vx,Surface,m s$^{-1}$,-0.5589616903,-0.0783877839,0.0248052512,0.1031930350,4
2011-05-05 10:00:00,Middle,681,681,159.0961703993,-31.3928805341,-4.7865343094,Vx,Surface,m s$^{-1}$,-0.4819514433,-0.0571722421,0.0356998726,0.0928721147,4
2011-05-05 11:00:00,Middle,681,681,159.0961703993,-31.3928805341,-4.7865343094,Vx,Surface,m s$^{-1}$,-0.4018821034,-0.0738327509,0.0338381281,0.1076708789,4
2011-05-05 12:00:00,Middle,681,681,159.0961703993,-31.3928805341,-4.7865343094,Vx,Surface,m s$^{-1}$,-0.3392506768,-0.0891461679,0.0248185538,0.1139647218,4
2011-05-05 13:00:00,Middle,681,681,159.0961703993,-31.3928805341,-4.7865343094,Vx,Surface,m s$^{-1}$,-0.3051470139,-0.1102204663,0.0099011712,0.1201216375,4
2011-05-05 14:00:00,Middle,681,681,159.0961703993,-31.3928805341,-4.7865343094,Vx,Surface,m s$^{-1}$,-0.3023244992,-0.1206897965,-0.0047928967,0.1158968998,4
2011-05-05 15:00:00,Middle,681,681,159.0961703993,-31.3928805341,-4.7865343094,Vx,Surface,m s$^{-1}$,-0.3430796744,-0.1497265082,-0.0318190353,0.1179074730,4
2011-05-05 16:00:00,Middle,681,681,159.0961703993,-31.3928805341,-4.7865343094,Vx,Surface,m s$^{-1}$,-0.4118940434,-0.1462185114,-0.0407871387,0.1054313727,4
2011-05-05 17:00:00,Middle,681,681,159.0961703993,-31.3928805341,-4.7865343094,Vx,Surface,m s$^{-1}$,-0.4732879100,-0.1403096977,-0.0378594483,0.1024502494,4
2011-05-05 18:00:00,Middle,681,681,159.0961703993,-31.3928805341,-4.7865343094,Vx,Surface,m s$^{-1}$,-0.5246039246,-0.1415366352,-0.0335203879,0.1080162472,4
2011-05-05 19:00:00,Middle,681,681,159.0961703993,-31.3928805341,-4.7865343094,Vx,Surface,m s$^{-1}$,-0.5583257323,-0.1269466685,-0.0238040591,0.1031426093,4
2011-05-05 20:00:00,Middle,681,681,159.0961703993,-31.3928805341,-4.7865343094,Vx,Surface,m s$^{-1}$,-0.5547357489,-0.0977243624,0.0029451601,0.1006695225,4
2011-05-05 21:00:00,Middle,681,681,159.0961703993,-31.3928805341,-4.7865343094,Vx,Surface,m s$^{-1}$,-0.5159517681,-0.0854615169,0.0188493014,0.1043108184,4
2011-05-05 22:00:00,Middle,681,681,159.0961703993,-31.3928805341,-4.7865343094,Vx,Surface,m s$^{-1}$,-0.4505655399,-0.0680613738,0.0307651096,0.0988264834,4
2011-05-05 23:00:00,Middle,681,681,159.0961703993,-31.3928805341,-4.7865343094,Vx,Surface,m s$^{-1}$,-0.3858263439,-0.0899573379,0.0218735734,0.1118309113,4
2011-05-06 00:00:00,Middle,681,681,159.0961703993,-31.3928805341,-4.7865343094,Vx,Surface,m s$^{-1}$,-0.3313320016,-0.0834721541,0.0242455073,0.1077176615,4
2011-05-06 01:00:00,Middle,681,681,159.0961703993,-31.3928805341,-4.7865343094,Vx,Surface,m s$^{-1}$,-0.2927545445,-0.1128071077,0.0084024466,0.1212095543,4
2011-05-06 02:00:00,Middle,681,681,159.0961703993,-31.3928805341,-4.7865343094,Vx,Surface,m s$^{-1}$,-0.3011280672,-0.1315483352,-0.0118823864,0.1196659488,4
2011-05-06 03:00:00,Middle,681,681,159.0961703993,-31.3928805341,-4.7865343094,Vx,Surface,m s$^{-1}$,-0.3507460557,-0.1565291079,-0.0372405042,0.1192886036,4
2011-05-06 04:00:00,Middle,681,681,159.0961703993,-31.3928805341,-4.7865343094,Vx,Surface,m s$^{-1}$,-0.4224540296,-0.1516230140,-0.0415289359,0.1100940780,4
2011-05-06 05:00:00,Middle,681,681,159.0961703993,-31.3928805341,-4.7865343094,Vx,Surface,m s$^{-1}$,-0.5039663796,-0.1756134889,-0.0545044475,0.1211090414,4
2011-05-06 06:00:00,Middle,681,681,159.0961703993,-31.3928805341,-4.7865343094,Vx,Surface,m s$^{-1}$,-0.5840670442,-0.1552485423,-0.0501115309,0.1051370115,4
2011-05-06 07:00:00,Middle,681,681,159.0961703993,-31.3928805341,-4.7865343094,Vx,Surface,m s$^{-1}$,-0.6256597145,-0.1342049642,-0.0302627011,0.1039422631,4
2011-05-06 08:00:00,Middle,681,681,159.0961703993,-31.3928805341,-4.7865343094,Vx,Surface,m s$^{-1}$,-0.6420645721,-0.1202391208,-0.0127181764,0.1075209444,4
2011-05-06 09:00:00,Middle,681,681,159.0961703993,-31.3928805341,-4.7865343094,Vx,Surface,m s$^{-1}$,-0.6079261791,-0.0759522934,0.0203866148,0.0963389082,4
2011-05-06 10:00:00,Middle,681,681,159.0961703993,-31.3928805341,-4.7865343094,Vx,Surface,m s$^{-1}$,-0.5311345854,-0.0603126301,0.0365787980,0.0968914281,4
2011-05-06 11:00:00,Middle,681,681,159.0961703993,-31.3928805341,-4.7865343094,Vx,Surface,m s$^{-1}$,-0.4495937189,-0.0697748010,0.0311083747,0.1008831758,4
2011-05-06 12:00:00,Middle,681,681,159.0961703993,-31.3928805341,-4.7865343094,Vx,Surface,m s$^{-1}$,-0.3640019297,-0.0590911216,0.0365180671,0.0956091887,4
2011-05-06 13:00:00,Middle,681,681,159.0961703993,-31.3928805341,-4.7865343094,Vx,Surface,m s$^{-1}$,-0.2952701785,-0.0953245649,0.0212847294,0.1166092943,4
2011-05-06 14:00:00,Middle,681,681,159.0961703993,-31.3928805341,-4.7865343094,Vx,Surface,m s$^{-1}$,-0.2732709363,-0.1167249433,0.0016922276,0.1184171709,4
2011-05-06 15:00:00,Middle,681,681,159.0961703993,-31.3928805341,-4.7865343094,Vx,Surface,m s$^{-1}$,-0.2861390164,-0.1316823193,-0.0177178901,0.1139644292,4
2011-05-06 16:00:00,Middle,681,681,159.0961703993,-31.3928805341,-4.7865343094,Vx,Surface,m s$^{-1}$,-0.3409274728,-0.1504311603,-0.0372599918,0.1131711685,4
2011-05-06 17:00:00,Middle,681,681,159.0961703993,-31.3928805341,-4.7865343094,Vx,Surface,m s$^{-1}$,-0.4093834877,-0.1426429642,-0.0426996275,0.0999433367,4
2011-05-06 18:00:00,Middle,681,681,159.0961703993,-31.3928805341,-4.7865343094,Vx,Surface,m s$^{-1}$,-0.4717267995,-0.1425931073,-0.0394493602,0.1031437470,4
2011-05-06 19:00:00,Middle,681,681,159.0961703993,-31.3928805341,-4.7865343094,Vx,Surface,m s$^{-1}$,-0.5304581499,-0.1496024512,-0.0410610425,0.1085414088,4
2011-05-06 20:00:00,Middle,681,681,159.0961703993,-31.3928805341,-4.7865343094,Vx,Surface,m s$^{-1}$,-0.5687324464,-0.1241304057,-0.0265763969,0.0975540088,4
2011-05-06 21:00:00,Middle,681,681,159.0961703993,-31.3928805341,-4.7865343094,Vx,Surface,m s$^{-1}$,-0.5552753509,-0.0913920183,0.0081619202,0.0995539385,4
2011-05-06 22:00:00,Middle,681,681,159.0961703993,-31.3928805341,-4.7865343094,Vx,Surface,m s$^{-1}$,-0.4989204407,-0.0768051067,0.0273156547,0.1041207615,4
2011-05-06 23:00:00,Middle,681,681,159.0961703993,-31.3928805341,-4.7865343094,Vx,Surface,m s$^{-1}$,-0.4275087079,-0.0793453502,0.0270923269,0.1064376771,4
2011-05-07 00:00:00,Middle,681,681,159.0961703993,-31.3928805341,-4.7865343094,Vx,Surface,m s$^{-1}$,-0.3519982226,-0.0727473943,0.0304046511,0.1031520454,4
2011-05-01 01:00:00,Middle,681,681,159.0961703993,-31.3928805341,-4.7865343094,Vy,Mid-depth,m s$^{-1}$,-2.3803040936,0.0160344903,0.0147530533,-0.0012814370,2
2011-05-01 02:00:00,Middle,681,681,159.0961703993,-31.3928805341,-4.7865343094,Vy,Mid-depth,m s$^{-1}$,-2.4274976797,0.0320737898,0.0254468395,-0.0066269504,2
2011-05-01 03:00:00,Middle,681,681,159.0961703993,-31.3928805341,-4.7865343094,Vy,Mid-depth,m s$^{-1}$,-2.4350228432,0.0055968956,0.0141768726,0.0085799771,2
2011-05-01 04:00:00,Middle,681,681,159.0961703993,-31.3928805341,-4.7865343094,Vy,Mid-depth,m s$^{-1}$,-2.4450711100,0.0192585682,0.0042935285,-0.0149650397,2
2011-05-01 05:00:00,Middle,681,681,159.0961703993,-31.3928805341,-4.7865343094,Vy,Mid-depth,m s$^{-1}$,-2.4280286904,-0.0073384486,-0.0050597539,0.0022786947,2
2011-05-01 06:00:00,Middle,681,681,159.0961703993,-31.3928805341,-4.7865343094,Vy,Mid-depth,m s$^{-1}$,-2.3999960723,-0.0044606098,-0.0109210568,-0.0064604470,2
2011-05-01 07:00:00,Middle,681,681,159.0961703993,-31.3928805341,-4.7865343094,Vy,Mid-depth,m s$^{-1}$,-2.3683944291,-0.0206332465,-0.0106944815,0.0099387650,2
2011-05-01 08:00:00,Middle,681,681,159.0961703993,-31.3928805341,-4.7865343094,Vy,Mid-depth,m s$^{-1}$,-2.3390372706,-0.0338603148,-0.0089663627,0.0248939521,2
2011-05-01 09:00:00,Middle,681,681,159.0961703993,-31.3928805341,-4.7865343094,Vy,Mid-depth,m s$^{-1}$,-2.3170496608,-0.0310163236,-0.0034707600,0.0275455636,2
2011-05-01 10:00:00,Middle,681,681,159.0961703993,-31.3928805341,-4.7865343094,Vy,Mid-depth,m s$^{-1}$,-2.3105278965,-0.0215210278,0.0048152277,0.0263362555,2
2011-05-01 11:00:00,Middle,681,681,159.0961703993,-31.3928805341,-4.7865343094,Vy,Mid-depth,m s$^{-1}$,-2.3146258210,-0.0188187089,0.0089441419,0.0277628509,2
2011-05-01 12:00:00,Middle,681,681,159.0961703993,-31.3928805341,-4.7865343094,Vy,Mid-depth,m s$^{-1}$,-2.3355834558,-0.0026247639,0.0194644939,0.0220892578,2
2011-05-01 13:00:00,Middle,681,681,159.0961703993,-31.3928805341,-4.7865343094,Vy,Mid-depth,m s$^{-1}$,-2.3659510460,-0.0025743488,0.0216165192,0.0241908680,2
2011-05-01 14:00:00,Middle,681,681,159.0961703993,-31.3928805341,-4.7865343094,Vy,Mid-depth,m s$^{-1}$,-2.3913856053,-0.0070885398,0.0189784443,0.0260669841,2
2011-05-01 15:00:00,Middle,681,681,159.0961703993,-31.3928805341,-4.7865343094,Vy,Mid-depth,m s$^{-1}$,-2.4121964368,-0.0094724914,0.0162667818,0.0257392732,2
2011-05-01 16:00:00,Middle,681,681,159.0961703993,-31.3928805341,-4.7865343094,Vy,Mid-depth,m s$^{-1}$,-2.4202019536,-0.0235613096,0.0072732749,0.0308345846,2
2011-05-01 17:00:00,Middle,681,681,159.0961703993,-31.3928805341,-4.7865343094,Vy,Mid-depth,m s$^{-1}$,-2.4150893115,-0.0285213018,0.0013301385,0.0298514402,2
2011-05-01 18:00:00,Middle,681,681,159.0961703993,-31.3928805341,-4.7865343094,Vy,Mid-depth,m s$^{-1}$,-2.3936609788,-0.0429591331,-0.0097783239,0.0331808091,2
2011-05-01 19:00:00,Middle,681,681,159.0961703993,-31.3928805341,-4.7865343094,Vy,Mid-depth,m s$^{-1}$,-2.3618224695,-0.0415723595,-0.0094467824,0.0321255770,2
2011-05-01 20:00:00,Middle,681,681,159.0961703993,-31.3928805341,-4.7865343094,Vy,Mid-depth,m s$^{-1}$,-2.3339131926,-0.0424684770,-0.0087468183,0.0337216587,2
2011-05-01 21:00:00,Middle,681,681,159.0961703993,-31.3928805341,-4.7865343094,Vy,Mid-depth,m s$^{-1}$,-2.3075845697,-0.0412093513,-0.0064429200,0.0347664312,2
2011-05-01 22:00:00,Middle,681,681,159.0961703993,-31.3928805341,-4.7865343094,Vy,Mid-depth,m s$^{-1}$,-2.2961136453,-0.0314857420,0.0020385097,0.0335242517,2
2011-05-01 23:00:00,Middle,681,681,159.0961703993,-31.3928805341,-4.7865343094,Vy,Mid-depth,m s$^{-1}$,-2.3035111133,-0.0184071741,0.0121522708,0.0305594449,2
2011-05-02 00:00:00,Middle,681,681,159.0961703993,-31.3928805341,-4.7865343094,Vy,Mid-depth,m s$^{-1}$,-2.3268381856,-0.0068064098,0.0185691658,0.0253755756,2
2011-05-02 01:00:00,Middle,681,681,159.0961703993,-31.3928805341,-4.7865343094,Vy,Mid-depth,m s$^{-1}$,-2.3594867730,0.0027961662,0.0236135736,0.0208174075,2
2011-05-02 02:00:00,Middle,681,681,159.0961703993,-31.3928805341,-4.7865343094,Vy,Mid-depth,m s$^{-1}$,-2.3914603657,0.0006016868,0.0221125235,0.0215108367,2
2011-05-02 03:00:00,Middle,681,681,159.0961703993,-31.3928805341,-4.7865343094,Vy,Mid-depth,m s$^{-1}$,-2.4165592763,-0.0017266225,0.0188421586,0.0205687810,2
2011-05-02 04:00:00,Middle,681,681,159.0961703993,-31.3928805341,-4.7865343094,Vy,Mid-depth,m s$^{-1}$,-2.4341853055,-0.0088069990,0.0135149330,0.0223219320,2
2011-05-02 05:00:00,Middle,681,681,159.0961703993,-31.3928805341,-4.7865343094,Vy,Mid-depth,m s$^{-1}$,-2.4361612121,-0.0210598602,0.0035057890,0.0245656492,2
2011-05-02 06:00:00,Middle,681,681,159.0961703993,-31.3928805341,-4.7865343094,Vy,Mid-depth,m s$^{-1}$,-2.4225334733,-0.0311686753,-0.0052781481,0.0258905273,2
2011-05-02 07:00:00,Middle,681,681,159.0961703993,-31.3928805341,-4.7865343094,Vy,Mid-depth,m s$^{-1}$,-2.3940674699,-0.0424847934,-0.0118073005,0.0306774929,2
2011-05-02 08:00:00,Middle,681,681,159.0961703993,-31.3928805341,-4.7865343094,Vy,Mid-depth,m s$^{-1}$,-2.3593976426,-0.0457386099,-0.0126340926,0.0331045174,2
2011-05-02 09:00:00,Middle,681,681,159.0961703993,-31.3928805341,-4.7865343094,Vy,Mid-depth,m s$^{-1}$,-2.3288981979,-0.0441120849,-0.0093942373,0.0347178476,2
2011-05-02 10:00:00,Middle,681,681,159.0961703993,-31.3928805341,-4.7865343094,Vy,Mid-depth,m s$^{-1}$,-2.3074753171,-0.0387297016,-0.0040151316,0.0347145700,2
2011-05-02 11:00:00,Middle,681,681,159.0961703993,-31.3928805341,-4.7865343094,Vy,Mid-depth,m s$^{-1}$,-2.3005832513,-0.0274431756,0.0039957693,0.0314389449,2
2011-05-02 12:00:00,Middle,681,681,159.0961703993,-31.3928805341,-4.7865343094,Vy,Mid-depth,m s$^{-1}$,-2.3091345274,-0.0146698181,0.0114752128,0.0261450309,2
2011-05-02 13:00:00,Middle,681,681,159.0961703993,-31.3928805341,-4.7865343094,Vy,Mid-depth,m s$^{-1}$,-2.3314501532,-0.0018937548,0.0187624120,0.0206561668,2
2011-05-02 14:00:00,Middle,681,681,159.0961703993,-31.3928805341,-4.7865343094,Vy,Mid-depth,m s$^{-1}$,-2.3610487993,0.0039420910,0.0214188190,0.0174767280,2
2011-05-02 15:00:00,Middle,681,681,159.0961703993,-31.3928805341,-4.7865343094,Vy,Mid-depth,m s$^{-1}$,-2.3871389340,0.0020212378,0.0193100953,0.0172888575,2
2011-05-02 16:00:00,Middle,681,681,159.0961703993,-31.3928805341,-4.7865343094,Vy,Mid-depth,m s$^{-1}$,-2.4039791854,-0.0042520555,0.0131572436,0.0174092992,2
2011-05-02 17:00:00,Middle,681,681,159.0961703993,-31.3928805341,-4.7865343094,Vy,Mid-depth,m s$^{-1}$,-2.4140996270,-0.0071529541,0.0103833966,0.0175363508,2
2011-05-02 18:00:00,Middle,681,681,159.0961703993,-31.3928805341,-4.7865343094,Vy,Mid-depth,m s$^{-1}$,-2.4079850054,-0.0225488613,-0.0022180820,0.0203307793,2
2011-05-02 19:00:00,Middle,681,681,159.0961703993,-31.3928805341,-4.7865343094,Vy,Mid-depth,m s$^{-1}$,-2.3826914402,-0.0326502426,-0.0093148450,0.0233353976,2
2011-05-02 20:00:00,Middle,681,681,159.0961703993,-31.3928805341,-4.7865343094,Vy,Mid-depth,m s$^{-1}$,-2.3535982492,-0.0363911965,-0.0092047842,0.0271864123,2
2011-05-02 21:00:00,Middle,681,681,159.0961703993,-31.3928805341,-4.7865343094,Vy,Mid-depth,m s$^{-1}$,-2.3237152316,-0.0377608182,-0.0089831770,0.0287776412,2
2011-05-02 22:00:00,Middle,681,681,159.0961703993,-31.3928805341,-4.7865343094,Vy,Mid-depth,m s$^{-1}$,-2.3022170076,-0.0316959148,-0.0035656249,0.0281302899,2
2011-05-02 23:00:00,Middle,681,681,159.0961703993,-31.3928805341,-4.7865343094,Vy,Mid-depth,m s$^{-1}$,-2.2956679757,-0.0224928524,0.0043867008,0.0268795532,2
2011-05-03 00:00:00,Middle,681,681,159.0961703993,-31.3928805341,-4.7865343094,Vy,Mid-depth,m s$^{-1}$,-2.3080655952,-0.0075111641,0.0148764068,0.0223875709,2
2011-05-03 01:00:00,Middle,681,681,159.0961703993,-31.3928805341,-4.7865343094,Vy,Mid-depth,m s$^{-1}$,-2.3324782631,-0.0002284005,0.0185914564,0.0188198569,2
2011-05-03 02:00:00,Middle,681,681,159.0961703993,-31.3928805341,-4.7865343094,Vy,Mid-depth,m s$^{-1}$,-2.3645871879,0.0090874678,0.0239693641,0.0148818962,2
2011-05-03 03:00:00,Middle,681,681,159.0961703993,-31.3928805341,-4.7865343094,Vy,Mid-depth,m s$^{-1}$,-2.3968719035,0.0049747364,0.0219833882,0.0170086518,2
2011-05-03 04:00:00,Middle,681,681,159.0961703993,-31.3928805341,-4.7865343094,Vy,Mid-depth,m s$^{-1}$,-2.4217207374,0.0029627644,0.0191311649,0.0161684005,2
2011-05-03 05:00:00,Middle,681,681,159.0961703993,-31.3928805341,-4.7865343094,Vy,Mid-depth,m s$^{-1}$,-2.4433086865,-0.0002501305,0.0168331894,0.0170833199,2
2011-05-03 06:00:00,Middle,681,681,159.0961703993,-31.3928805341,-4.7865343094,Vy,Mid-depth,m s$^{-1}$,-2.4431258450,-0.0203714281,0.0002243669,0.0205957951,2
2011-05-03 07:00:00,Middle,681,681,159.0961703993,-31.3928805341,-4.7865343094,Vy,Mid-depth,m s$^{-1}$,-2.4224544881,-0.0291286582,-0.0076490223,0.0214796358,2
2011-05-03 08:00:00,Middle,681,681,159.0961703993,-31.3928805341,-4.7865343094,Vy,Mid-depth,m s$^{-1}$,-2.3942481887,-0.0370843727,-0.0107338688,0.0263505039,2
2011-05-03 09:00:00,Middle,681,681,159.0961703993,-31.3928805341,-4.7865343094,Vy,Mid-depth,m s$^{-1}$,-2.3557700073,-0.0450529235,-0.0154197309,0.0296331926,2
2011-05-03 10:00:00,Middle,681,681,159.0961703993,-31.3928805341,-4.7865343094,Vy,Mid-depth,m s$^{-1}$,-2.3232661317,-0.0364721075,-0.0089236350,0.0275484725,2
2011-05-03 11:00:00,Middle,681,681,159.0961703993,-31.3928805341,-4.7865343094,Vy,Mid-depth,m s$^{-1}$,-2.3029120487,-0.0341254452,-0.0037205606,0.0304048847,2
2011-05-03 12:00:00,Middle,681,681,159.0961703993,-31.3928805341,-4.7865343094,Vy,Mid-depth,m s$^{-1}$,-2.2992830640,-0.0184767085,0.0072446391,0.0257213476,2
2011-05-03 13:00:00,Middle,681,681,159.0961703993,-31.3928805341,-4.7865343094,Vy,Mid-depth,m s$^{-1}$,-2.3138677568,-0.0073097253,0.0140469686,0.0213566939,2
2011-05-03 14:00:00,Middle,681,681,159.0961703993,-31.3928805341,-4.7865343094,Vy,Mid-depth,m s$^{-1}$,-2.3362722260,0.0034528227,0.0191859368,0.0157331141,2
2011-05-03 15:00:00,Middle,681,681,159.0961703993,-31.3928805341,-4.7865343094,Vy,Mid-depth,m s$^{-1}$,-2.3658506034,0.0083794719,0.0224128231,0.0140333512,2
2011-05-03 16:00:00,Middle,681,681,159.0961703993,-31.3928805341,-4.7865343094,Vy,Mid-depth,m s$^{-1}$,-2.3918480989,0.0057939092,0.0201082811,0.0143143719,2
2011-05-03 17:00:00,Middle,681,681,159.0961703993,-31.3928805341,-4.7865343094,Vy,Mid-depth,m s$^{-1}$,-2.4125881121,0.0034375329,0.0164803501,0.0130428172,2
2011-05-03 18:00:00,Middle,681,681,159.0961703993,-31.3928805341,-4.7865343094,Vy,Mid-depth,m s$^{-1}$,-2.4168442265,-0.0130476884,0.0033101228,0.0163578112,2
2011-05-03 19:00:00,Middle,681,681,159.0961703993,-31.3928805341,-4.7865343094,Vy,Mid-depth,m s$^{-1}$,-2.4056611846,-0.0182716688,-0.0025899886,0.0156816802,2
2011-05-03 20:00:00,Middle,681,681,159.0961703993,-31.3928805341,-4.7865343094,Vy,Mid-depth,m s$^{-1}$,-2.3839800460,-0.0305949008,-0.0102585185,0.0203363822,2
2011-05-03 21:00:00,Middle,681,681,159.0961703993,-31.3928805341,-4.7865343094,Vy,Mid-depth,m s$^{-1}$,-2.3488763510,-0.0380329810,-0.0126999242,0.0253330569,2
2011-05-03 22:00:00,Middle,681,681,159.0961703993,-31.3928805341,-4.7865343094,Vy,Mid-depth,m s$^{-1}$,-2.3188685706,-0.0354171728,-0.0082110305,0.0272061423,2
2011-05-03 23:00:00,Middle,681,681,159.0961703993,-31.3928805341,-4.7865343094,Vy,Mid-depth,m s$^{-1}$,-2.2973463470,-0.0320034614,-0.0027992432,0.0292042182,2
2011-05-04 00:00:00,Middle,681,681,159.0961703993,-31.3928805341,-4.7865343094,Vy,Mid-depth,m s$^{-1}$,-2.2946908936,-0.0190808589,0.0074704954,0.0265513543,2
2011-05-04 01:00:00,Middle,681,681,159.0961703993,-31.3928805341,-4.7865343094,Vy,Mid-depth,m s$^{-1}$,-2.3087943442,-0.0089354195,0.0130748093,0.0220102289,2
2011-05-04 02:00:00,Middle,681,681,159.0961703993,-31.3928805341,-4.7865343094,Vy,Mid-depth,m s$^{-1}$,-2.3355755628,0.0041725542,0.0187274154,0.0145548611,2
2011-05-04 03:00:00,Middle,681,681,159.0961703993,-31.3928805341,-4.7865343094,Vy,Mid-depth,m s$^{-1}$,-2.3738112795,0.0116905004,0.0230964179,0.0114059174,2
2011-05-04 04:00:00,Middle,681,681,159.0961703993,-31.3928805341,-4.7865343094,Vy,Mid-depth,m s$^{-1}$,-2.4065683617,0.0064846485,0.0180011134,0.0115164649,2
2011-05-04 05:00:00,Middle,681,681,159.0961703993,-31.3928805341,-4.7865343094,Vy,Mid-depth,m s$^{-1}$,-2.4311540556,0.0050685816,0.0151564766,0.0100878950,2
2011-05-04 06:00:00,Middle,681,681,159.0961703993,-31.3928805341,-4.7865343094,Vy,Mid-depth,m s$^{-1}$,-2.4488664265,-0.0029492670,0.0103059209,0.0132551880,2
2011-05-04 07:00:00,Middle,681,681,159.0961703993,-31.3928805341,-4.7865343094,Vy,Mid-depth,m s$^{-1}$,-2.4464581524,-0.0171027072,-0.0040159954,0.0130867118,2
2011-05-04 08:00:00,Middle,681,681,159.0961703993,-31.3928805341,-4.7865343094,Vy,Mid-depth,m s$^{-1}$,-2.4233259929,-0.0309396479,-0.0153265721,0.0156130757,2
2011-05-04 09:00:00,Middle,681,681,159.0961703993,-31.3928805341,-4.7865343094,Vy,Mid-depth,m s$^{-1}$,-2.3850792203,-0.0411561263,-0.0205538840,0.0206022423,2
2011-05-04 10:00:00,Middle,681,681,159.0961703993,-31.3928805341,-4.7865343094,Vy,Mid-depth,m s$^{-1}$,-2.3442429784,-0.0383865300,-0.0195183386,0.0188681914,2
2011-05-04 11:00:00,Middle,681,681,159.0961703993,-31.3928805341,-4.7865343094,Vy,Mid-depth,m s$^{-1}$,-2.3123678933,-0.0309501090,-0.0135455040,0.0174046050,2
2011-05-04 12:00:00,Middle,681,681,159.0961703993,-31.3928805341,-4.7865343094,Vy,Mid-depth,m s$^{-1}$,-2.2952224020,-0.0180593474,-0.0053845267,0.0126748207,2
2011-05-04 13:00:00,Middle,681,681,159.0961703993,-31.3928805341,-4.7865343094,Vy,Mid-depth,m s$^{-1}$,-2.2956937272,-0.0116118959,0.0001505074,0.0117624034,2
2011-05-04 14:00:00,Middle,681,681,159.0961703993,-31.3928805341,-4.7865343094,Vy,Mid-depth,m s$^{-1}$,-2.3120317103,-0.0006592711,0.0121852979,0.0128445690,2
2011-05-04 15:00:00,Middle,681,681,159.0961703993,-31.3928805341,-4.7865343094,Vy,Mid-depth,m s$^{-1}$,-2.3417352803,0.0029582230,0.0165492294,0.0135910064,2
2011-05-04 16:00:00,Middle,681,681,159.0961703993,-31.3928805341,-4.7865343094,Vy,Mid-depth,m s$^{-1}$,-2.3712154545,0.0033410781,0.0164746238,0.0131335457,2
2011-05-04 17:00:00,Middle,681,681,159.0961703993,-31.3928805341,-4.7865343094,Vy,Mid-depth,m s$^{-1}$,-2.3971890628,0.0014290683,0.0139385518,0.0125094835,2
2011-05-04 18:00:00,Middle,681,681,159.0961703993,-31.3928805341,-4.7865343094,Vy,Mid-depth,m s$^{-1}$,-2.4172856195,-0.0004453104,0.0121622743,0.0126075847,2
2011-05-04 19:00:00,Middle,681,681,159.0961703993,-31.3928805341,-4.7865343094,Vy,Mid-depth,m s$^{-1}$,-2.4254684352,-0.0102165077,0.0029037464,0.0131202541,2
2011-05-04 20:00:00,Middle,681,681,159.0961703993,-31.3928805341,-4.7865343094,Vy,Mid-depth,m s$^{-1}$,-2.4123335708,-0.0252037262,-0.0109365360,0.0142671902,2
2011-05-04 21:00:00,Middle,681,681,159.0961703993,-31.3928805341,-4.7865343094,Vy,Mid-depth,m s$^{-1}$,-2.3833516067,-0.0371631020,-0.0171159477,0.0200471544,2
2011-05-04 22:00:00,Middle,681,681,159.0961703993,-31.3928805341,-4.7865343094,Vy,Mid-depth,m s$^{-1}$,-2.3524745058,-0.0367921075,-0.0147160263,0.0220760812,2
2011-05-04 23:00:00,Middle,681,681,159.0961703993,-31.3928805341,-4.7865343094,Vy,Mid-depth,m s$^{-1}$,-2.3239727035,-0.0390037931,-0.0155732443,0.0234305488,2
2011-05-05 00:00:00,Middle,681,681,159.0961703993,-31.3928805341,-4.7865343094,Vy,Mid-depth,m s$^{-1}$,-2.3055570329,-0.0283712375,-0.0073538459,0.0210173916,2
2011-05-05 01:00:00,Middle,681,681,159.0961703993,-31.3928805341,-4.7865343094,Vy,Mid-depth,m s$^{-1}$,-2.3052065113,-0.0201460921,0.0008777805,0.0210238726,2
2011-05-05 02:00:00,Middle,681,681,159.0961703993,-31.3928805341,-4.7865343094,Vy,Mid-depth,m s$^{-1}$,-2.3213873838,-0.0037719027,0.0121336596,0.0159055623,2
2011-05-05 03:00:00,Middle,681,681,159.0961703993,-31.3928805341,-4.7865343094,Vy,Mid-depth,m s$^{-1}$,-2.3506797806,0.0036976214,0.0164182228,0.0127206015,2
2011-05-05 04:00:00,Middle,681,681,159.0961703993,-31.3928805341,-4.7865343094,Vy,Mid-depth,m s$^{-1}$,-2.3872924695,0.0137881124,0.0229667013,0.0091785889,2
2011-05-05 05:00:00,Middle,681,681,159.0961703993,-31.3928805341,-4.7865343094,Vy,Mid-depth,m s$^{-1}$,-2.4211258718,0.0073336457,0.0184021795,0.0110685338,2
2011-05-05 06:00:00,Middle,681,681,159.0961703993,-31.3928805341,-4.7865343094,Vy,Mid-depth,m s$^{-1}$,-2.4449601184,0.0056910720,0.0152433872,0.0095523152,2
2011-05-05 07:00:00,Middle,681,681,159.0961703993,-31.3928805341,-4.7865343094,Vy,Mid-depth,m s$^{-1}$,-2.4555258881,-0.0104598406,0.0032621328,0.0137219734,2
2011-05-05 08:00:00,Middle,681,681,159.0961703993,-31.3928805341,-4.7865343094,Vy,Mid-depth,m s$^{-1}$,-2.4448717422,-0.0202421650,-0.0077556542,0.0124865108,2
2011-05-05 09:00:00,Middle,681,681,159.0961703993,-31.3928805341,-4.7865343094,Vy,Mid-depth,m s$^{-1}$,-2.4227479998,-0.0305440473,-0.0151123824,0.0154316649,2
2011-05-05 10:00:00,Middle,681,681,159.0961703993,-31.3928805341,-4.7865343094,Vy,Mid-depth,m s$^{-1}$,-2.3842428763,-0.0426153352,-0.0206501099,0.0219652253,2
2011-05-05 11:00:00,Middle,681,681,159.0961703993,-31.3928805341,-4.7865343094,Vy,Mid-depth,m s$^{-1}$,-2.3442082064,-0.0400483287,-0.0199865574,0.0200617713,2
2011-05-05 12:00:00,Middle,681,681,159.0961703993,-31.3928805341,-4.7865343094,Vy,Mid-depth,m s$^{-1}$,-2.3128924931,-0.0380963008,-0.0151691276,0.0229271732,2
2011-05-05 13:00:00,Middle,681,681,159.0961703993,-31.3928805341,-4.7865343094,Vy,Mid-depth,m s$^{-1}$,-2.2958406616,-0.0301172852,-0.0073044050,0.0228128802,2
2011-05-05 14:00:00,Middle,681,681,159.0961703993,-31.3928805341,-4.7865343094,Vy,Mid-depth,m s$^{-1}$,-2.2944294043,-0.0207835464,0.0005537967,0.0213373431,2
2011-05-05 15:00:00,Middle,681,681,159.0961703993,-31.3928805341,-4.7865343094,Vy,Mid-depth,m s$^{-1}$,-2.3148069919,-0.0009160061,0.0148988571,0.0158148632,2
2011-05-05 16:00:00,Middle,681,681,159.0961703993,-31.3928805341,-4.7865343094,Vy,Mid-depth,m s$^{-1}$,-2.3492141764,0.0060485865,0.0195812315,0.0135326450,2
2011-05-05 17:00:00,Middle,681,681,159.0961703993,-31.3928805341,-4.7865343094,Vy,Mid-depth,m s$^{-1}$,-2.3799111097,0.0065407550,0.0177418581,0.0112011031,2
2011-05-05 18:00:00,Middle,681,681,159.0961703993,-31.3928805341,-4.7865343094,Vy,Mid-depth,m s$^{-1}$,-2.4055691170,0.0049071790,0.0143892508,0.0094820718,2
2011-05-05 19:00:00,Middle,681,681,159.0961703993,-31.3928805341,-4.7865343094,Vy,Mid-depth,m s$^{-1}$,-2.4224300209,-0.0029371602,0.0093961264,0.0123332867,2
2011-05-05 20:00:00,Middle,681,681,159.0961703993,-31.3928805341,-4.7865343094,Vy,Mid-depth,m s$^{-1}$,-2.4206350292,-0.0167840983,-0.0043563704,0.0124277278,2
2011-05-05 21:00:00,Middle,681,681,159.0961703993,-31.3928805341,-4.7865343094,Vy,Mid-depth,m s$^{-1}$,-2.4012430388,-0.0270580198,-0.0123626442,0.0146953755,2
2011-05-05 22:00:00,Middle,681,681,159.0961703993,-31.3928805341,-4.7865343094,Vy,Mid-depth,m s$^{-1}$,-2.3685499246,-0.0397192763,-0.0186361093,0.0210831670,2
2011-05-05 23:00:00,Middle,681,681,159.0961703993,-31.3928805341,-4.7865343094,Vy,Mid-depth,m s$^{-1}$,-2.3361803267,-0.0346140249,-0.0136605573,0.0209534677,2
2011-05-06 00:00:00,Middle,681,681,159.0961703993,-31.3928805341,-4.7865343094,Vy,Mid-depth,m s$^{-1}$,-2.3089331555,-0.0398207132,-0.0147064552,0.0251142580,2
2011-05-06 01:00:00,Middle,681,681,159.0961703993,-31.3928805341,-4.7865343094,Vy,Mid-depth,m s$^{-1}$,-2.2896444270,-0.0283248871,-0.0043926453,0.0239322419,3
2011-05-06 02:00:00,Middle,681,681,159.0961703993,-31.3928805341,-4.7865343094,Vy,Mid-depth,m s$^{-1}$,-2.2938311883,-0.0191642390,0.0033181839,0.0224824230,3
2011-05-06 03:00:00,Middle,681,681,159.0961703993,-31.3928805341,-4.7865343094,Vy,Mid-depth,m s$^{-1}$,-2.3186401826,0.0004446005,0.0179435157,0.0174989152,2
2011-05-06 04:00:00,Middle,681,681,159.0961703993,-31.3928805341,-4.7865343094,Vy,Mid-depth,m s$^{-1}$,-2.3544941695,0.0037017922,0.0200782309,0.0163764387,2
2011-05-06 05:00:00,Middle,681,681,159.0961703993,-31.3928805341,-4.7865343094,Vy,Mid-depth,m s$^{-1}$,-2.3952503445,0.0163896710,0.0270478440,0.0106581730,2
2011-05-06 06:00:00,Middle,681,681,159.0961703993,-31.3928805341,-4.7865343094,Vy,Mid-depth,m s$^{-1}$,-2.4353006768,0.0097504269,0.0238149694,0.0140645425,2
2011-05-06 07:00:00,Middle,681,681,159.0961703993,-31.3928805341,-4.7865343094,Vy,Mid-depth,m s$^{-1}$,-2.4560970120,0.0004800664,0.0135523546,0.0130722882,2
2011-05-06 08:00:00,Middle,681,681,159.0961703993,-31.3928805341,-4.7865343094,Vy,Mid-depth,m s$^{-1}$,-2.4642994408,-0.0106583857,0.0046068815,0.0152652671,2
2011-05-06 09:00:00,Middle,681,681,159.0961703993,-31.3928805341,-4.7865343094,Vy,Mid-depth,m s$^{-1}$,-2.4472302442,-0.0306994744,-0.0117630197,0.0189364547,2
2011-05-06 10:00:00,Middle,681,681,159.0961703993,-31.3928805341,-4.7865343094,Vy,Mid-depth,m s$^{-1}$,-2.4088344474,-0.0424597379,-0.0198130318,0.0226467062,2
2011-05-06 11:00:00,Middle,681,681,159.0961703993,-31.3928805341,-4.7865343094,Vy,Mid-depth,m s$^{-1}$,-2.3680640141,-0.0409983255,-0.0174057828,0.0235925428,2
2011-05-06 12:00:00,Middle,681,681,159.0961703993,-31.3928805341,-4.7865343094,Vy,Mid-depth,m s$^{-1}$,-2.3252681195,-0.0486069731,-0.0204839805,0.0281229926,2
2011-05-06 13:00:00,Middle,681,681,159.0961703993,-31.3928805341,-4.7865343094,Vy,Mid-depth,m s$^{-1}$,-2.2909022439,-0.0358684478,-0.0087088744,0.0271595734,3
2011-05-06 14:00:00,Middle,681,681,159.0961703993,-31.3928805341,-4.7865343094,Vy,Mid-depth,m s$^{-1}$,-2.2799026228,-0.0297366861,-0.0013974839,0.0283392023,3
2011-05-06 15:00:00,Middle,681,681,159.0961703993,-31.3928805341,-4.7865343094,Vy,Mid-depth,m s$^{-1}$,-2.2863366629,-0.0145654723,0.0056780880,0.0202435603,3
2011-05-06 16:00:00,Middle,681,681,159.0961703993,-31.3928805341,-4.7865343094,Vy,Mid-depth,m s$^{-1}$,-2.3137308911,0.0015030781,0.0181958565,0.0166927784,2
2011-05-06 17:00:00,Middle,681,681,159.0961703993,-31.3928805341,-4.7865343094,Vy,Mid-depth,m s$^{-1}$,-2.3479588985,0.0062720486,0.0211745925,0.0149025439,2
2011-05-06 18:00:00,Middle,681,681,159.0961703993,-31.3928805341,-4.7865343094,Vy,Mid-depth,m s$^{-1}$,-2.3791305544,0.0067045837,0.0194881426,0.0127835589,2
2011-05-06 19:00:00,Middle,681,681,159.0961703993,-31.3928805341,-4.7865343094,Vy,Mid-depth,m s$^{-1}$,-2.4084962297,0.0086435615,0.0195584297,0.0109148682,2
2011-05-06 20:00:00,Middle,681,681,159.0961703993,-31.3928805341,-4.7865343094,Vy,Mid-depth,m s$^{-1}$,-2.4276333779,-0.0039438208,0.0120827151,0.0160265358,2
2011-05-06 21:00:00,Middle,681,681,159.0961703993,-31.3928805341,-4.7865343094,Vy,Mid-depth,m s$^{-1}$,-2.4209048302,-0.0225416462,-0.0055797568,0.0169618894,2
2011-05-06 22:00:00,Middle,681,681,159.0961703993,-31.3928805341,-4.7865343094,Vy,Mid-depth,m s$^{-1}$,-2.3927273750,-0.0372619626,-0.0149055459,0.0223564167,2
2011-05-06 23:00:00,Middle,681,681,159.0961703993,-31.3928805341,-4.7865343094,Vy,Mid-depth,m s$^{-1}$,-2.3570215086,-0.0412104973,-0.0150656589,0.0261448384,2
2011-05-07 00:00:00,Middle,681,681,159.0961703993,-31.3928805341,-4.7865343094,Vy,Mid-depth,m s$^{-1}$,-2.3192662660,-0.0472321410,-0.0169277594,0.0303043817,2
2011-05-01 01:00:00,Middle,681,681,159.0961703993,-31.3928805341,-4.7865343094,Vy,Near-bottom,m s$^{-1}$,-4.2865343094,0.0162703299,0.0147133222,-0.0015570077,2
2011-05-01 02:00:00,Middle,681,681,159.0961703993,-31.3928805341,-4.7865343094,Vy,Near-bottom,m s$^{-1}$,-4.2865343094,0.0277297640,0.0252746986,-0.0024550654,2
2011-05-01 03:00:00,Middle,681,681,159.0961703993,-31.3928805341,-4.7865343094,Vy,Near-bottom,m s$^{-1}$,-4.2865343094,0.0058417883,0.0141274404,0.0082856521,2
2011-05-01 04:00:00,Middle,681,681,159.0961703993,-31.3928805341,-4.7865343094,Vy,Near-bottom,m s$^{-1}$,-4.2865343094,0.0177104796,0.0042838673,-0.0134266123,2
2011-05-01 05:00:00,Middle,681,681,159.0961703993,-31.3928805341,-4.7865343094,Vy,Near-bottom,m s$^{-1}$,-4.2865343094,-0.0066463140,-0.0050709985,0.0015753155,2
2011-05-01 06:00:00,Middle,681,681,159.0961703993,-31.3928805341,-4.7865343094,Vy,Near-bottom,m s$^{-1}$,-4.2865343094,-0.0036897645,-0.0109322037,-0.0072424392,2
2011-05-01 07:00:00,Middle,681,681,159.0961703993,-31.3928805341,-4.7865343094,Vy,Near-bottom,m s$^{-1}$,-4.2865343094,-0.0316529476,-0.0107219462,0.0209310014,2
2011-05-01 08:00:00,Middle,681,681,159.0961703993,-31.3928805341,-4.7865343094,Vy,Near-bottom,m s$^{-1}$,-4.2865343094,-0.0295886629,-0.0090234324,0.0205652305,2
2011-05-01 09:00:00,Middle,681,681,159.0961703993,-31.3928805341,-4.7865343094,Vy,Near-bottom,m s$^{-1}$,-4.2865343094,-0.0213164921,-0.0035590569,0.0177574352,2
2011-05-01 10:00:00,Middle,681,681,159.0961703993,-31.3928805341,-4.7865343094,Vy,Near-bottom,m s$^{-1}$,-4.2865343094,-0.0219971798,0.0047189037,0.0267160834,2
2011-05-01 11:00:00,Middle,681,681,159.0961703993,-31.3928805341,-4.7865343094,Vy,Near-bottom,m s$^{-1}$,-4.2865343094,-0.0212205466,0.0088442335,0.0300647801,2
2011-05-01 12:00:00,Middle,681,681,159.0961703993,-31.3928805341,-4.7865343094,Vy,Near-bottom,m s$^{-1}$,-4.2865343094,-0.0166027634,0.0193094667,0.0359122300,2
2011-05-01 13:00:00,Middle,681,681,159.0961703993,-31.3928805341,-4.7865343094,Vy,Near-bottom,m s$^{-1}$,-4.2865343094,-0.0204377646,0.0214753041,0.0419130688,2
2011-05-01 14:00:00,Middle,681,681,159.0961703993,-31.3928805341,-4.7865343094,Vy,Near-bottom,m s$^{-1}$,-4.2865343094,-0.0195397137,0.0189000450,0.0384397586,2
2011-05-01 15:00:00,Middle,681,681,159.0961703993,-31.3928805341,-4.7865343094,Vy,Near-bottom,m s$^{-1}$,-4.2865343094,-0.0197552508,0.0162273504,0.0359826013,2
2011-05-01 16:00:00,Middle,681,681,159.0961703993,-31.3928805341,-4.7865343094,Vy,Near-bottom,m s$^{-1}$,-4.2865343094,-0.0209253652,0.0072951601,0.0282205253,2
2011-05-01 17:00:00,Middle,681,681,159.0961703993,-31.3928805341,-4.7865343094,Vy,Near-bottom,m s$^{-1}$,-4.2865343094,-0.0179123464,0.0013634741,0.0192758205,2
2011-05-01 18:00:00,Middle,681,681,159.0961703993,-31.3928805341,-4.7865343094,Vy,Near-bottom,m s$^{-1}$,-4.2865343094,-0.0201154572,-0.0097560178,0.0103594394,2
2011-05-01 19:00:00,Middle,681,681,159.0961703993,-31.3928805341,-4.7865343094,Vy,Near-bottom,m s$^{-1}$,-4.2865343094,-0.0127650280,-0.0094603026,0.0033047254,2
2011-05-01 20:00:00,Middle,681,681,159.0961703993,-31.3928805341,-4.7865343094,Vy,Near-bottom,m s$^{-1}$,-4.2865343094,-0.0144203669,-0.0088046749,0.0056156919,2
2011-05-01 21:00:00,Middle,681,681,159.0961703993,-31.3928805341,-4.7865343094,Vy,Near-bottom,m s$^{-1}$,-4.2865343094,-0.0108121461,-0.0065439527,0.0042681934,2
2011-05-01 22:00:00,Middle,681,681,159.0961703993,-31.3928805341,-4.7865343094,Vy,Near-bottom,m s$^{-1}$,-4.2865343094,-0.0101147597,0.0019189184,0.0120336782,2
2011-05-01 23:00:00,Middle,681,681,159.0961703993,-31.3928805341,-4.7865343094,Vy,Near-bottom,m s$^{-1}$,-4.2865343094,-0.0097154778,0.0120218084,0.0217372863,2
2011-05-02 00:00:00,Middle,681,681,159.0961703993,-31.3928805341,-4.7865343094,Vy,Near-bottom,m s$^{-1}$,-4.2865343094,-0.0114676848,0.0184382832,0.0299059681,2
2011-05-02 01:00:00,Middle,681,681,159.0961703993,-31.3928805341,-4.7865343094,Vy,Near-bottom,m s$^{-1}$,-4.2865343094,-0.0118959791,0.0234903311,0.0353863102,2
2011-05-02 02:00:00,Middle,681,681,159.0961703993,-31.3928805341,-4.7865343094,Vy,Near-bottom,m s$^{-1}$,-4.2865343094,-0.0164310114,0.0220678158,0.0384988272,2
2011-05-02 03:00:00,Middle,681,681,159.0961703993,-31.3928805341,-4.7865343094,Vy,Near-bottom,m s$^{-1}$,-4.2865343094,-0.0145145088,0.0188441089,0.0333586178,2
2011-05-02 04:00:00,Middle,681,681,159.0961703993,-31.3928805341,-4.7865343094,Vy,Near-bottom,m s$^{-1}$,-4.2865343094,-0.0170036683,0.0135619356,0.0305656039,2
2011-05-02 05:00:00,Middle,681,681,159.0961703993,-31.3928805341,-4.7865343094,Vy,Near-bottom,m s$^{-1}$,-4.2865343094,-0.0183295004,0.0035851128,0.0219146132,2
2011-05-02 06:00:00,Middle,681,681,159.0961703993,-31.3928805341,-4.7865343094,Vy,Near-bottom,m s$^{-1}$,-4.2865343094,-0.0173689175,-0.0052328617,0.0121360558,2
2011-05-02 07:00:00,Middle,681,681,159.0961703993,-31.3928805341,-4.7865343094,Vy,Near-bottom,m s$^{-1}$,-4.2865343094,-0.0139630816,-0.0117866466,0.0021764350,2
2011-05-02 08:00:00,Middle,681,681,159.0961703993,-31.3928805341,-4.7865343094,Vy,Near-bottom,m s$^{-1}$,-4.2865343094,-0.0090875765,-0.0126545006,-0.0035669240,2
2011-05-02 09:00:00,Middle,681,681,159.0961703993,-31.3928805341,-4.7865343094,Vy,Near-bottom,m s$^{-1}$,-4.2865343094,-0.0065518119,-0.0094538351,-0.0029020232,2
2011-05-02 10:00:00,Middle,681,681,159.0961703993,-31.3928805341,-4.7865343094,Vy,Near-bottom,m s$^{-1}$,-4.2865343094,-0.0057122930,-0.0040929789,0.0016193141,2
2011-05-02 11:00:00,Middle,681,681,159.0961703993,-31.3928805341,-4.7865343094,Vy,Near-bottom,m s$^{-1}$,-4.2865343094,-0.0059837487,0.0039224365,0.0099061852,2
2011-05-02 12:00:00,Middle,681,681,159.0961703993,-31.3928805341,-4.7865343094,Vy,Near-bottom,m s$^{-1}$,-4.2865343094,-0.0089363738,0.0114124440,0.0203488177,2
2011-05-02 13:00:00,Middle,681,681,159.0961703993,-31.3928805341,-4.7865343094,Vy,Near-bottom,m s$^{-1}$,-4.2865343094,-0.0084689790,0.0187087180,0.0271776970,2
2011-05-02 14:00:00,Middle,681,681,159.0961703993,-31.3928805341,-4.7865343094,Vy,Near-bottom,m s$^{-1}$,-4.2865343094,-0.0121960782,0.0214190988,0.0336151770,2
2011-05-02 15:00:00,Middle,681,681,159.0961703993,-31.3928805341,-4.7865343094,Vy,Near-bottom,m s$^{-1}$,-4.2865343094,-0.0149778545,0.0193913821,0.0343692366,2
2011-05-02 16:00:00,Middle,681,681,159.0961703993,-31.3928805341,-4.7865343094,Vy,Near-bottom,m s$^{-1}$,-4.2865343094,-0.0163926784,0.0132983875,0.0296910659,2
2011-05-02 17:00:00,Middle,681,681,159.0961703993,-31.3928805341,-4.7865343094,Vy,Near-bottom,m s$^{-1}$,-4.2865343094,-0.0145643718,0.0105305666,0.0250949384,2
2011-05-02 18:00:00,Middle,681,681,159.0961703993,-31.3928805341,-4.7865343094,Vy,Near-bottom,m s$^{-1}$,-4.2865343094,-0.0192489434,-0.0020713615,0.0171775819,2
2011-05-02 19:00:00,Middle,681,681,159.0961703993,-31.3928805341,-4.7865343094,Vy,Near-bottom,m s$^{-1}$,-4.2865343094,-0.0135432239,-0.0091884129,0.0043548109,2
2011-05-02 20:00:00,Middle,681,681,159.0961703993,-31.3928805341,-4.7865343094,Vy,Near-bottom,m s$^{-1}$,-4.2865343094,-0.0114877874,-0.0091264362,0.0023613512,2
2011-05-02 21:00:00,Middle,681,681,159.0961703993,-31.3928805341,-4.7865343094,Vy,Near-bottom,m s$^{-1}$,-4.2865343094,-0.0085327156,-0.0089547797,-0.0004220642,2
2011-05-02 22:00:00,Middle,681,681,159.0961703993,-31.3928805341,-4.7865343094,Vy,Near-bottom,m s$^{-1}$,-4.2865343094,-0.0055323585,-0.0035860651,0.0019462934,2
2011-05-02 23:00:00,Middle,681,681,159.0961703993,-31.3928805341,-4.7865343094,Vy,Near-bottom,m s$^{-1}$,-4.2865343094,-0.0067159186,0.0043538188,0.0110697374,2
2011-05-03 00:00:00,Middle,681,681,159.0961703993,-31.3928805341,-4.7865343094,Vy,Near-bottom,m s$^{-1}$,-4.2865343094,-0.0047415354,0.0148242072,0.0195657427,2
2011-05-03 01:00:00,Middle,681,681,159.0961703993,-31.3928805341,-4.7865343094,Vy,Near-bottom,m s$^{-1}$,-4.2865343094,-0.0103773183,0.0185700119,0.0289473302,2
2011-05-03 02:00:00,Middle,681,681,159.0961703993,-31.3928805341,-4.7865343094,Vy,Near-bottom,m s$^{-1}$,-4.2865343094,-0.0076051762,0.0239459674,0.0315511436,2
2011-05-03 03:00:00,Middle,681,681,159.0961703993,-31.3928805341,-4.7865343094,Vy,Near-bottom,m s$^{-1}$,-4.2865343094,-0.0140164015,0.0220286804,0.0360450819,2
2011-05-03 04:00:00,Middle,681,681,159.0961703993,-31.3928805341,-4.7865343094,Vy,Near-bottom,m s$^{-1}$,-4.2865343094,-0.0113753651,0.0191986259,0.0305739910,2
2011-05-03 05:00:00,Middle,681,681,159.0961703993,-31.3928805341,-4.7865343094,Vy,Near-bottom,m s$^{-1}$,-4.2865343094,-0.0124456856,0.0169135756,0.0293592613,2
2011-05-03 06:00:00,Middle,681,681,159.0961703993,-31.3928805341,-4.7865343094,Vy,Near-bottom,m s$^{-1}$,-4.2865343094,-0.0188788336,0.0003620827,0.0192409162,2
2011-05-03 07:00:00,Middle,681,681,159.0961703993,-31.3928805341,-4.7865343094,Vy,Near-bottom,m s$^{-1}$,-4.2865343094,-0.0131789782,-0.0075465790,0.0056323992,2
2011-05-03 08:00:00,Middle,681,681,159.0961703993,-31.3928805341,-4.7865343094,Vy,Near-bottom,m s$^{-1}$,-4.2865343094,-0.0125447108,-0.0106652239,0.0018794869,2
2011-05-03 09:00:00,Middle,681,681,159.0961703993,-31.3928805341,-4.7865343094,Vy,Near-bottom,m s$^{-1}$,-4.2865343094,-0.0095388690,-0.0153720120,-0.0058331429,2
2011-05-03 10:00:00,Middle,681,681,159.0961703993,-31.3928805341,-4.7865343094,Vy,Near-bottom,m s$^{-1}$,-4.2865343094,-0.0033130458,-0.0089290189,-0.0056159732,2
2011-05-03 11:00:00,Middle,681,681,159.0961703993,-31.3928805341,-4.7865343094,Vy,Near-bottom,m s$^{-1}$,-4.2865343094,-0.0061971636,-0.0037427240,0.0024544395,2
2011-05-03 12:00:00,Middle,681,681,159.0961703993,-31.3928805341,-4.7865343094,Vy,Near-bottom,m s$^{-1}$,-4.2865343094,-0.0000420411,0.0072237619,0.0072658029,2
2011-05-03 13:00:00,Middle,681,681,159.0961703993,-31.3928805341,-4.7865343094,Vy,Near-bottom,m s$^{-1}$,-4.2865343094,-0.0073855792,0.0140470713,0.0214326505,2
2011-05-03 14:00:00,Middle,681,681,159.0961703993,-31.3928805341,-4.7865343094,Vy,Near-bottom,m s$^{-1}$,-4.2865343094,-0.0071132077,0.0192463835,0.0263595912,2
2011-05-03 15:00:00,Middle,681,681,159.0961703993,-31.3928805341,-4.7865343094,Vy,Near-bottom,m s$^{-1}$,-4.2865343094,-0.0099121276,0.0224904956,0.0324026232,2
2011-05-03 16:00:00,Middle,681,681,159.0961703993,-31.3928805341,-4.7865343094,Vy,Near-bottom,m s$^{-1}$,-4.2865343094,-0.0127884240,0.0200373952,0.0328258192,2
2011-05-03 17:00:00,Middle,681,681,159.0961703993,-31.3928805341,-4.7865343094,Vy,Near-bottom,m s$^{-1}$,-4.2865343094,-0.0120297824,0.0160501710,0.0280799534,2
2011-05-03 18:00:00,Middle,681,681,159.0961703993,-31.3928805341,-4.7865343094,Vy,Near-bottom,m s$^{-1}$,-4.2865343094,-0.0179371747,0.0025528431,0.0204900179,2
2011-05-03 19:00:00,Middle,681,681,159.0961703993,-31.3928805341,-4.7865343094,Vy,Near-bottom,m s$^{-1}$,-4.2865343094,-0.0120923176,-0.0035470681,0.0085452494,2
2011-05-03 20:00:00,Middle,681,681,159.0961703993,-31.3928805341,-4.7865343094,Vy,Near-bottom,m s$^{-1}$,-4.2865343094,-0.0154038412,-0.0112549379,0.0041489034,2
2011-05-03 21:00:00,Middle,681,681,159.0961703993,-31.3928805341,-4.7865343094,Vy,Near-bottom,m s$^{-1}$,-4.2865343094,-0.0085785087,-0.0135404394,-0.0049619307,2
2011-05-03 22:00:00,Middle,681,681,159.0961703993,-31.3928805341,-4.7865343094,Vy,Near-bottom,m s$^{-1}$,-4.2865343094,-0.0060294192,-0.0089372477,-0.0029078285,2
2011-05-03 23:00:00,Middle,681,681,159.0961703993,-31.3928805341,-4.7865343094,Vy,Near-bottom,m s$^{-1}$,-4.2865343094,-0.0042489424,-0.0035915409,0.0006574016,2
2011-05-04 00:00:00,Middle,681,681,159.0961703993,-31.3928805341,-4.7865343094,Vy,Near-bottom,m s$^{-1}$,-4.2865343094,-0.0001411509,0.0062488656,0.0063900165,2
2011-05-04 01:00:00,Middle,681,681,159.0961703993,-31.3928805341,-4.7865343094,Vy,Near-bottom,m s$^{-1}$,-4.2865343094,-0.0056280869,0.0110289665,0.0166570535,2
2011-05-04 02:00:00,Middle,681,681,159.0961703993,-31.3928805341,-4.7865343094,Vy,Near-bottom,m s$^{-1}$,-4.2865343094,-0.0033551203,0.0156729177,0.0190280380,2
2011-05-04 03:00:00,Middle,681,681,159.0961703993,-31.3928805341,-4.7865343094,Vy,Near-bottom,m s$^{-1}$,-4.2865343094,-0.0053959272,0.0191407376,0.0245366649,2
2011-05-04 04:00:00,Middle,681,681,159.0961703993,-31.3928805341,-4.7865343094,Vy,Near-bottom,m s$^{-1}$,-4.2865343094,-0.0124273375,0.0138699241,0.0262972616,2
2011-05-04 05:00:00,Middle,681,681,159.0961703993,-31.3928805341,-4.7865343094,Vy,Near-bottom,m s$^{-1}$,-4.2865343094,-0.0091636670,0.0112890754,0.0204527424,2
2011-05-04 06:00:00,Middle,681,681,159.0961703993,-31.3928805341,-4.7865343094,Vy,Near-bottom,m s$^{-1}$,-4.2865343094,-0.0131640738,0.0067204938,0.0198845676,2
2011-05-04 07:00:00,Middle,681,681,159.0961703993,-31.3928805341,-4.7865343094,Vy,Near-bottom,m s$^{-1}$,-4.2865343094,-0.0159679241,-0.0074460169,0.0085219072,2
2011-05-04 08:00:00,Middle,681,681,159.0961703993,-31.3928805341,-4.7865343094,Vy,Near-bottom,m s$^{-1}$,-4.2865343094,-0.0147930932,-0.0186921541,-0.0038990608,2
2011-05-04 09:00:00,Middle,681,681,159.0961703993,-31.3928805341,-4.7865343094,Vy,Near-bottom,m s$^{-1}$,-4.2865343094,-0.0109289623,-0.0240248724,-0.0130959100,2
2011-05-04 10:00:00,Middle,681,681,159.0961703993,-31.3928805341,-4.7865343094,Vy,Near-bottom,m s$^{-1}$,-4.2865343094,-0.0061796579,-0.0230662941,-0.0168866362,2
2011-05-04 11:00:00,Middle,681,681,159.0961703993,-31.3928805341,-4.7865343094,Vy,Near-bottom,m s$^{-1}$,-4.2865343094,-0.0032809410,-0.0171139846,-0.0138330435,2
2011-05-04 12:00:00,Middle,681,681,159.0961703993,-31.3928805341,-4.7865343094,Vy,Near-bottom,m s$^{-1}$,-4.2865343094,0.0006454374,-0.0092297567,-0.0098751941,2
2011-05-04 13:00:00,Middle,681,681,159.0961703993,-31.3928805341,-4.7865343094,Vy,Near-bottom,m s$^{-1}$,-4.2865343094,-0.0035911210,-0.0038970971,-0.0003059760,2
2011-05-04 14:00:00,Middle,681,681,159.0961703993,-31.3928805341,-4.7865343094,Vy,Near-bottom,m s$^{-1}$,-4.2865343094,-0.0000166826,0.0079133897,0.0079300722,2
2011-05-04 15:00:00,Middle,681,681,159.0961703993,-31.3928805341,-4.7865343094,Vy,Near-bottom,m s$^{-1}$,-4.2865343094,-0.0042765234,0.0120830410,0.0163595644,2
2011-05-04 16:00:00,Middle,681,681,159.0961703993,-31.3928805341,-4.7865343094,Vy,Near-bottom,m s$^{-1}$,-4.2865343094,-0.0058083752,0.0121195515,0.0179279267,2
2011-05-04 17:00:00,Middle,681,681,159.0961703993,-31.3928805341,-4.7865343094,Vy,Near-bottom,m s$^{-1}$,-4.2865343094,-0.0079259279,0.0099348249,0.0178607528,2
2011-05-04 18:00:00,Middle,681,681,159.0961703993,-31.3928805341,-4.7865343094,Vy,Near-bottom,m s$^{-1}$,-4.2865343094,-0.0080310770,0.0085648463,0.0165959234,2
2011-05-04 19:00:00,Middle,681,681,159.0961703993,-31.3928805341,-4.7865343094,Vy,Near-bottom,m s$^{-1}$,-4.2865343094,-0.0133697264,-0.0004717841,0.0128979423,2
2011-05-04 20:00:00,Middle,681,681,159.0961703993,-31.3928805341,-4.7865343094,Vy,Near-bottom,m s$^{-1}$,-4.2865343094,-0.0137147642,-0.0142289726,-0.0005142084,2
2011-05-04 21:00:00,Middle,681,681,159.0961703993,-31.3928805341,-4.7865343094,Vy,Near-bottom,m s$^{-1}$,-4.2865343094,-0.0101306535,-0.0204292411,-0.0102985876,2
2011-05-04 22:00:00,Middle,681,681,159.0961703993,-31.3928805341,-4.7865343094,Vy,Near-bottom,m s$^{-1}$,-4.2865343094,-0.0053339119,-0.0181433579,-0.0128094460,2
2011-05-04 23:00:00,Middle,681,681,159.0961703993,-31.3928805341,-4.7865343094,Vy,Near-bottom,m s$^{-1}$,-4.2865343094,-0.0068713336,-0.0190575727,-0.0121862391,2
2011-05-05 00:00:00,Middle,681,681,159.0961703993,-31.3928805341,-4.7865343094,Vy,Near-bottom,m s$^{-1}$,-4.2865343094,-0.0001845533,-0.0109904689,-0.0108059156,2
2011-05-05 01:00:00,Middle,681,681,159.0961703993,-31.3928805341,-4.7865343094,Vy,Near-bottom,m s$^{-1}$,-4.2865343094,-0.0045463566,-0.0028849238,0.0016614327,2
2011-05-05 02:00:00,Middle,681,681,159.0961703993,-31.3928805341,-4.7865343094,Vy,Near-bottom,m s$^{-1}$,-4.2865343094,-0.0001377317,0.0082359697,0.0083737013,2
2011-05-05 03:00:00,Middle,681,681,159.0961703993,-31.3928805341,-4.7865343094,Vy,Near-bottom,m s$^{-1}$,-4.2865343094,-0.0060959866,0.0124707116,0.0185666981,2
2011-05-05 04:00:00,Middle,681,681,159.0961703993,-31.3928805341,-4.7865343094,Vy,Near-bottom,m s$^{-1}$,-4.2865343094,-0.0030974715,0.0191578089,0.0222552804,2
2011-05-05 05:00:00,Middle,681,681,159.0961703993,-31.3928805341,-4.7865343094,Vy,Near-bottom,m s$^{-1}$,-4.2865343094,-0.0119675197,0.0151343723,0.0271018919,2
2011-05-05 06:00:00,Middle,681,681,159.0961703993,-31.3928805341,-4.7865343094,Vy,Near-bottom,m s$^{-1}$,-4.2865343094,-0.0072039944,0.0124807576,0.0196847520,2
2011-05-05 07:00:00,Middle,681,681,159.0961703993,-31.3928805341,-4.7865343094,Vy,Near-bottom,m s$^{-1}$,-4.2865343094,-0.0164133513,0.0008742118,0.0172875631,2
2011-05-05 08:00:00,Middle,681,681,159.0961703993,-31.3928805341,-4.7865343094,Vy,Near-bottom,m s$^{-1}$,-4.2865343094,-0.0120181180,-0.0099856680,0.0020324500,2
2011-05-05 09:00:00,Middle,681,681,159.0961703993,-31.3928805341,-4.7865343094,Vy,Near-bottom,m s$^{-1}$,-4.2865343094,-0.0138027868,-0.0172714377,-0.0034686509,2
2011-05-05 10:00:00,Middle,681,681,159.0961703993,-31.3928805341,-4.7865343094,Vy,Near-bottom,m s$^{-1}$,-4.2865343094,-0.0092636751,-0.0227986080,-0.0135349329,2
2011-05-05 11:00:00,Middle,681,681,159.0961703993,-31.3928805341,-4.7865343094,Vy,Near-bottom,m s$^{-1}$,-4.2865343094,-0.0058156161,-0.0220936815,-0.0162780653,2
2011-05-05 12:00:00,Middle,681,681,159.0961703993,-31.3928805341,-4.7865343094,Vy,Near-bottom,m s$^{-1}$,-4.2865343094,-0.0037681868,-0.0172459552,-0.0134777684,2
2011-05-05 13:00:00,Middle,681,681,159.0961703993,-31.3928805341,-4.7865343094,Vy,Near-bottom,m s$^{-1}$,-4.2865343094,-0.0007530550,-0.0094401018,-0.0086870468,2
2011-05-05 14:00:00,Middle,681,681,159.0961703993,-31.3928805341,-4.7865343094,Vy,Near-bottom,m s$^{-1}$,-4.2865343094,-0.0032227245,-0.0016529707,0.0015697538,2
2011-05-05 15:00:00,Middle,681,681,159.0961703993,-31.3928805341,-4.7865343094,Vy,Near-bottom,m s$^{-1}$,-4.2865343094,0.0025017988,0.0124939760,0.0099921773,2
2011-05-05 16:00:00,Middle,681,681,159.0961703993,-31.3928805341,-4.7865343094,Vy,Near-bottom,m s$^{-1}$,-4.2865343094,-0.0059615648,0.0170662196,0.0230277844,2
2011-05-05 17:00:00,Middle,681,681,159.0961703993,-31.3928805341,-4.7865343094,Vy,Near-bottom,m s$^{-1}$,-4.2865343094,-0.0103674343,0.0153536330,0.0257210674,2
2011-05-05 18:00:00,Middle,681,681,159.0961703993,-31.3928805341,-4.7865343094,Vy,Near-bottom,m s$^{-1}$,-4.2865343094,-0.0111611888,0.0122990118,0.0234602006,2
2011-05-05 19:00:00,Middle,681,681,159.0961703993,-31.3928805341,-4.7865343094,Vy,Near-bottom,m s$^{-1}$,-4.2865343094,-0.0130642416,0.0076469475,0.0207111892,2
2011-05-05 20:00:00,Middle,681,681,159.0961703993,-31.3928805341,-4.7865343094,Vy,Near-bottom,m s$^{-1}$,-4.2865343094,-0.0157954559,-0.0059132590,0.0098821969,2
2011-05-05 21:00:00,Middle,681,681,159.0961703993,-31.3928805341,-4.7865343094,Vy,Near-bottom,m s$^{-1}$,-4.2865343094,-0.0120318304,-0.0138223172,-0.0017904868,2
2011-05-05 22:00:00,Middle,681,681,159.0961703993,-31.3928805341,-4.7865343094,Vy,Near-bottom,m s$^{-1}$,-4.2865343094,-0.0109430543,-0.0199456435,-0.0090025892,2
2011-05-05 23:00:00,Middle,681,681,159.0961703993,-31.3928805341,-4.7865343094,Vy,Near-bottom,m s$^{-1}$,-4.2865343094,-0.0033536633,-0.0148801140,-0.0115264507,2
2011-05-06 00:00:00,Middle,681,681,159.0961703993,-31.3928805341,-4.7865343094,Vy,Near-bottom,m s$^{-1}$,-4.2865343094,-0.0082813002,-0.0158449532,-0.0075636530,2
2011-05-06 01:00:00,Middle,681,681,159.0961703993,-31.3928805341,-4.7865343094,Vy,Near-bottom,m s$^{-1}$,-4.2865343094,0.0008577697,-0.0076047080,-0.0084624777,2
2011-05-06 02:00:00,Middle,681,681,159.0961703993,-31.3928805341,-4.7865343094,Vy,Near-bottom,m s$^{-1}$,-4.2865343094,-0.0034348966,0.0032529640,0.0066878605,2
2011-05-06 03:00:00,Middle,681,681,159.0961703993,-31.3928805341,-4.7865343094,Vy,Near-bottom,m s$^{-1}$,-4.2865343094,0.0025942652,0.0164529930,0.0138587278,2
2011-05-06 04:00:00,Middle,681,681,159.0961703993,-31.3928805341,-4.7865343094,Vy,Near-bottom,m s$^{-1}$,-4.2865343094,-0.0072600349,0.0185015917,0.0257616267,2
2011-05-06 05:00:00,Middle,681,681,159.0961703993,-31.3928805341,-4.7865343094,Vy,Near-bottom,m s$^{-1}$,-4.2865343094,-0.0005498908,0.0255048184,0.0260547092,2
2011-05-06 06:00:00,Middle,681,681,159.0961703993,-31.3928805341,-4.7865343094,Vy,Near-bottom,m s$^{-1}$,-4.2865343094,-0.0098204738,0.0226415492,0.0324620230,2
2011-05-06 07:00:00,Middle,681,681,159.0961703993,-31.3928805341,-4.7865343094,Vy,Near-bottom,m s$^{-1}$,-4.2865343094,-0.0102329246,0.0127379544,0.0229708790,2
2011-05-06 08:00:00,Middle,681,681,159.0961703993,-31.3928805341,-4.7865343094,Vy,Near-bottom,m s$^{-1}$,-4.2865343094,-0.0141227353,0.0039802074,0.0181029427,2
2011-05-06 09:00:00,Middle,681,681,159.0961703993,-31.3928805341,-4.7865343094,Vy,Near-bottom,m s$^{-1}$,-4.2865343094,-0.0162137445,-0.0123353158,0.0038784287,2
2011-05-06 10:00:00,Middle,681,681,159.0961703993,-31.3928805341,-4.7865343094,Vy,Near-bottom,m s$^{-1}$,-4.2865343094,-0.0104023243,-0.0203651585,-0.0099628342,2
2011-05-06 11:00:00,Middle,681,681,159.0961703993,-31.3928805341,-4.7865343094,Vy,Near-bottom,m s$^{-1}$,-4.2865343094,-0.0060604307,-0.0179926795,-0.0119322488,2
2011-05-06 12:00:00,Middle,681,681,159.0961703993,-31.3928805341,-4.7865343094,Vy,Near-bottom,m s$^{-1}$,-4.2865343094,-0.0085623306,-0.0210012957,-0.0124389650,2
2011-05-06 13:00:00,Middle,681,681,159.0961703993,-31.3928805341,-4.7865343094,Vy,Near-bottom,m s$^{-1}$,-4.2865343094,-0.0002505434,-0.0130340758,-0.0127835323,2
2011-05-06 14:00:00,Middle,681,681,159.0961703993,-31.3928805341,-4.7865343094,Vy,Near-bottom,m s$^{-1}$,-4.2865343094,-0.0021193076,-0.0028596093,-0.0007403017,2
2011-05-06 15:00:00,Middle,681,681,159.0961703993,-31.3928805341,-4.7865343094,Vy,Near-bottom,m s$^{-1}$,-4.2865343094,-0.0008154057,0.0070992686,0.0079146743,2
2011-05-06 16:00:00,Middle,681,681,159.0961703993,-31.3928805341,-4.7865343094,Vy,Near-bottom,m s$^{-1}$,-4.2865343094,-0.0021987128,0.0173823081,0.0195810209,2
2011-05-06 17:00:00,Middle,681,681,159.0961703993,-31.3928805341,-4.7865343094,Vy,Near-bottom,m s$^{-1}$,-4.2865343094,-0.0081670267,0.0203417005,0.0285087272,2
2011-05-06 18:00:00,Middle,681,681,159.0961703993,-31.3928805341,-4.7865343094,Vy,Near-bottom,m s$^{-1}$,-4.2865343094,-0.0111123168,0.0187501089,0.0298624257,2
2011-05-06 19:00:00,Middle,681,681,159.0961703993,-31.3928805341,-4.7865343094,Vy,Near-bottom,m s$^{-1}$,-4.2865343094,-0.0092587104,0.0189415015,0.0282002119,2
2011-05-06 20:00:00,Middle,681,681,159.0961703993,-31.3928805341,-4.7865343094,Vy,Near-bottom,m s$^{-1}$,-4.2865343094,-0.0149572917,0.0116381214,0.0265954131,2
2011-05-06 21:00:00,Middle,681,681,159.0961703993,-31.3928805341,-4.7865343094,Vy,Near-bottom,m s$^{-1}$,-4.2865343094,-0.0165670721,-0.0059636679,0.0106034042,2
2011-05-06 22:00:00,Middle,681,681,159.0961703993,-31.3928805341,-4.7865343094,Vy,Near-bottom,m s$^{-1}$,-4.2865343094,-0.0128990955,-0.0152807197,-0.0023816241,2
2011-05-06 23:00:00,Middle,681,681,159.0961703993,-31.3928805341,-4.7865343094,Vy,Near-bottom,m s$^{-1}$,-4.2865343094,-0.0070182702,-0.0154575066,-0.0084392364,2
2011-05-07 00:00:00,Middle,681,681,159.0961703993,-31.3928805341,-4.7865343094,Vy,Near-bottom,m s$^{-1}$,-4.2865343094,-0.0079569604,-0.0173055921,-0.0093486318,2
2011-05-01 01:00:00,Middle,681,681,159.0961703993,-31.3928805341,-4.7865343094,Vy,Surface,m s$^{-1}$,-0.4740738778,0.0155315652,0.0157111207,0.0001795555,4
2011-05-01 02:00:00,Middle,681,681,159.0961703993,-31.3928805341,-4.7865343094,Vy,Surface,m s$^{-1}$,-0.5684610500,0.0332597604,0.0252470935,-0.0080126669,4
2011-05-01 03:00:00,Middle,681,681,159.0961703993,-31.3928805341,-4.7865343094,Vy,Surface,m s$^{-1}$,-0.5835113770,0.0054551231,0.0144724882,0.0090173651,4
2011-05-01 04:00:00,Middle,681,681,159.0961703993,-31.3928805341,-4.7865343094,Vy,Surface,m s$^{-1}$,-0.6036079106,0.0196714189,0.0046931461,-0.0149782728,4
2011-05-01 05:00:00,Middle,681,681,159.0961703993,-31.3928805341,-4.7865343094,Vy,Surface,m s$^{-1}$,-0.5695230713,-0.0075636189,-0.0050413908,0.0025222281,4
2011-05-01 06:00:00,Middle,681,681,159.0961703993,-31.3928805341,-4.7865343094,Vy,Surface,m s$^{-1}$,-0.5134578353,-0.0050792022,-0.0111039851,-0.0060247829,4
2011-05-01 07:00:00,Middle,681,681,159.0961703993,-31.3928805341,-4.7865343094,Vy,Surface,m s$^{-1}$,-0.4502545489,0.0407157484,-0.0105557184,-0.0512714668,4
2011-05-01 08:00:00,Middle,681,681,159.0961703993,-31.3928805341,-4.7865343094,Vy,Surface,m s$^{-1}$,-0.3915402318,0.0700927139,-0.0089665755,-0.0790592894,4
2011-05-01 09:00:00,Middle,681,681,159.0961703993,-31.3928805341,-4.7865343094,Vy,Surface,m s$^{-1}$,-0.3475650122,0.0753575245,-0.0033651543,-0.0787226787,4
2011-05-01 10:00:00,Middle,681,681,159.0961703993,-31.3928805341,-4.7865343094,Vy,Surface,m s$^{-1}$,-0.3345214836,0.0849922190,0.0055482281,-0.0794439909,4
2011-05-01 11:00:00,Middle,681,681,159.0961703993,-31.3928805341,-4.7865343094,Vy,Surface,m s$^{-1}$,-0.3427173326,0.0905131858,0.0097792583,-0.0807339275,4
2011-05-01 12:00:00,Middle,681,681,159.0961703993,-31.3928805341,-4.7865343094,Vy,Surface,m s$^{-1}$,-0.3846326022,0.1056837798,0.0202054709,-0.0854783089,4
2011-05-01 13:00:00,Middle,681,681,159.0961703993,-31.3928805341,-4.7865343094,Vy,Surface,m s$^{-1}$,-0.4453677826,0.1018469838,0.0220725871,-0.0797743967,4
2011-05-01 14:00:00,Middle,681,681,159.0961703993,-31.3928805341,-4.7865343094,Vy,Surface,m s$^{-1}$,-0.4962369012,0.0986436721,0.0193810263,-0.0792626458,4
2011-05-01 15:00:00,Middle,681,681,159.0961703993,-31.3928805341,-4.7865343094,Vy,Surface,m s$^{-1}$,-0.5378585642,0.0953685707,0.0167273582,-0.0786412125,4
2011-05-01 16:00:00,Middle,681,681,159.0961703993,-31.3928805341,-4.7865343094,Vy,Surface,m s$^{-1}$,-0.5538695978,0.0822722495,0.0077681226,-0.0745041269,4
2011-05-01 17:00:00,Middle,681,681,159.0961703993,-31.3928805341,-4.7865343094,Vy,Surface,m s$^{-1}$,-0.5436443135,0.0791472108,0.0016360379,-0.0775111729,4
2011-05-01 18:00:00,Middle,681,681,159.0961703993,-31.3928805341,-4.7865343094,Vy,Surface,m s$^{-1}$,-0.5007876482,0.0619850332,-0.0099574085,-0.0719424416,4
2011-05-01 19:00:00,Middle,681,681,159.0961703993,-31.3928805341,-4.7865343094,Vy,Surface,m s$^{-1}$,-0.4371106297,0.0661056257,-0.0093334083,-0.0754390340,4
2011-05-01 20:00:00,Middle,681,681,159.0961703993,-31.3928805341,-4.7865343094,Vy,Surface,m s$^{-1}$,-0.3812920757,0.0661318898,-0.0086495567,-0.0747814464,4
2011-05-01 21:00:00,Middle,681,681,159.0961703993,-31.3928805341,-4.7865343094,Vy,Surface,m s$^{-1}$,-0.3286348301,0.0709544896,-0.0062281115,-0.0771826011,4
2011-05-01 22:00:00,Middle,681,681,159.0961703993,-31.3928805341,-4.7865343094,Vy,Surface,m s$^{-1}$,-0.3056929813,0.0840353490,0.0029847332,-0.0810506158,4
2011-05-01 23:00:00,Middle,681,681,159.0961703993,-31.3928805341,-4.7865343094,Vy,Surface,m s$^{-1}$,-0.3204879172,0.0919766671,0.0133707188,-0.0786059483,4
2011-05-02 00:00:00,Middle,681,681,159.0961703993,-31.3928805341,-4.7865343094,Vy,Surface,m s$^{-1}$,-0.3671420618,0.0950688763,0.0195223348,-0.0755465416,4
2011-05-02 01:00:00,Middle,681,681,159.0961703993,-31.3928805341,-4.7865343094,Vy,Surface,m s$^{-1}$,-0.4324392365,0.0964450920,0.0242195287,-0.0722255633,4
2011-05-02 02:00:00,Middle,681,681,159.0961703993,-31.3928805341,-4.7865343094,Vy,Surface,m s$^{-1}$,-0.4963864220,0.0886675701,0.0225541062,-0.0661134639,4
2011-05-02 03:00:00,Middle,681,681,159.0961703993,-31.3928805341,-4.7865343094,Vy,Surface,m s$^{-1}$,-0.5465842432,0.0878018547,0.0193335976,-0.0684682570,4
2011-05-02 04:00:00,Middle,681,681,159.0961703993,-31.3928805341,-4.7865343094,Vy,Surface,m s$^{-1}$,-0.5818363016,0.0798706879,0.0141474149,-0.0657232730,4
2011-05-02 05:00:00,Middle,681,681,159.0961703993,-31.3928805341,-4.7865343094,Vy,Surface,m s$^{-1}$,-0.5857881148,0.0721381245,0.0042092852,-0.0679288393,4
2011-05-02 06:00:00,Middle,681,681,159.0961703993,-31.3928805341,-4.7865343094,Vy,Surface,m s$^{-1}$,-0.5585326372,0.0658020469,-0.0050167692,-0.0708188162,4
2011-05-02 07:00:00,Middle,681,681,159.0961703993,-31.3928805341,-4.7865343094,Vy,Surface,m s$^{-1}$,-0.5016006304,0.0576587885,-0.0115088293,-0.0691676177,4
2011-05-02 08:00:00,Middle,681,681,159.0961703993,-31.3928805341,-4.7865343094,Vy,Surface,m s$^{-1}$,-0.4322609759,0.0601313906,-0.0122306141,-0.0723620046,4
2011-05-02 09:00:00,Middle,681,681,159.0961703993,-31.3928805341,-4.7865343094,Vy,Surface,m s$^{-1}$,-0.3712620865,0.0658114630,-0.0090321147,-0.0748435776,4
2011-05-02 10:00:00,Middle,681,681,159.0961703993,-31.3928805341,-4.7865343094,Vy,Surface,m s$^{-1}$,-0.3284163248,0.0700172396,-0.0035372110,-0.0735544506,4
2011-05-02 11:00:00,Middle,681,681,159.0961703993,-31.3928805341,-4.7865343094,Vy,Surface,m s$^{-1}$,-0.3146321932,0.0781835273,0.0050429459,-0.0731405814,4
2011-05-02 12:00:00,Middle,681,681,159.0961703993,-31.3928805341,-4.7865343094,Vy,Surface,m s$^{-1}$,-0.3317347454,0.0817346065,0.0124870430,-0.0692475635,4
2011-05-02 13:00:00,Middle,681,681,159.0961703993,-31.3928805341,-4.7865343094,Vy,Surface,m s$^{-1}$,-0.3763659970,0.0864329159,0.0195271940,-0.0669057219,4
2011-05-02 14:00:00,Middle,681,681,159.0961703993,-31.3928805341,-4.7865343094,Vy,Surface,m s$^{-1}$,-0.4355632892,0.0837463791,0.0219041191,-0.0618422600,4
2011-05-02 15:00:00,Middle,681,681,159.0961703993,-31.3928805341,-4.7865343094,Vy,Surface,m s$^{-1}$,-0.4877435586,0.0793391320,0.0196844743,-0.0596546576,4
2011-05-02 16:00:00,Middle,681,681,159.0961703993,-31.3928805341,-4.7865343094,Vy,Surface,m s$^{-1}$,-0.5214240615,0.0740250407,0.0136254420,-0.0603995987,4
2011-05-02 17:00:00,Middle,681,681,159.0961703993,-31.3928805341,-4.7865343094,Vy,Surface,m s$^{-1}$,-0.5416649446,0.0735585012,0.0109226048,-0.0626358964,4
2011-05-02 18:00:00,Middle,681,681,159.0961703993,-31.3928805341,-4.7865343094,Vy,Surface,m s$^{-1}$,-0.5294357014,0.0564769427,-0.0023248736,-0.0588018163,4
2011-05-02 19:00:00,Middle,681,681,159.0961703993,-31.3928805341,-4.7865343094,Vy,Surface,m s$^{-1}$,-0.4788485709,0.0539982128,-0.0094439467,-0.0634421595,4
2011-05-02 20:00:00,Middle,681,681,159.0961703993,-31.3928805341,-4.7865343094,Vy,Surface,m s$^{-1}$,-0.4206621890,0.0535564781,-0.0091867416,-0.0627432198,4
2011-05-02 21:00:00,Middle,681,681,159.0961703993,-31.3928805341,-4.7865343094,Vy,Surface,m s$^{-1}$,-0.3608961538,0.0541447931,-0.0089824441,-0.0631272371,4
2011-05-02 22:00:00,Middle,681,681,159.0961703993,-31.3928805341,-4.7865343094,Vy,Surface,m s$^{-1}$,-0.3178997058,0.0627750457,-0.0033436745,-0.0661187203,4
2011-05-02 23:00:00,Middle,681,681,159.0961703993,-31.3928805341,-4.7865343094,Vy,Surface,m s$^{-1}$,-0.3048016420,0.0700451529,0.0052390677,-0.0648060852,4
2011-05-03 00:00:00,Middle,681,681,159.0961703993,-31.3928805341,-4.7865343094,Vy,Surface,m s$^{-1}$,-0.3295968810,0.0811241807,0.0158636193,-0.0652605613,4
2011-05-03 01:00:00,Middle,681,681,159.0961703993,-31.3928805341,-4.7865343094,Vy,Surface,m s$^{-1}$,-0.3784222169,0.0792639242,0.0193460841,-0.0599178401,4
2011-05-03 02:00:00,Middle,681,681,159.0961703993,-31.3928805341,-4.7865343094,Vy,Surface,m s$^{-1}$,-0.4426400664,0.0869424774,0.0244183983,-0.0625240791,4
2011-05-03 03:00:00,Middle,681,681,159.0961703993,-31.3928805341,-4.7865343094,Vy,Surface,m s$^{-1}$,-0.5072094977,0.0787267882,0.0222967861,-0.0564300020,4
2011-05-03 04:00:00,Middle,681,681,159.0961703993,-31.3928805341,-4.7865343094,Vy,Surface,m s$^{-1}$,-0.5569071654,0.0794351936,0.0194848869,-0.0599503066,4
2011-05-03 05:00:00,Middle,681,681,159.0961703993,-31.3928805341,-4.7865343094,Vy,Surface,m s$^{-1}$,-0.6000830636,0.0759903933,0.0172338711,-0.0587565222,4
2011-05-03 06:00:00,Middle,681,681,159.0961703993,-31.3928805341,-4.7865343094,Vy,Surface,m s$^{-1}$,-0.5997173805,0.0566547441,0.0004565368,-0.0561982073,4
2011-05-03 07:00:00,Middle,681,681,159.0961703993,-31.3928805341,-4.7865343094,Vy,Surface,m s$^{-1}$,-0.5583746669,0.0570837218,-0.0076040411,-0.0646877630,4
2011-05-03 08:00:00,Middle,681,681,159.0961703993,-31.3928805341,-4.7865343094,Vy,Surface,m s$^{-1}$,-0.5019620680,0.0500883602,-0.0105827654,-0.0606711256,4
2011-05-03 09:00:00,Middle,681,681,159.0961703993,-31.3928805341,-4.7865343094,Vy,Surface,m s$^{-1}$,-0.4250057052,0.0446060282,-0.0151833306,-0.0597893588,4
2011-05-03 10:00:00,Middle,681,681,159.0961703993,-31.3928805341,-4.7865343094,Vy,Surface,m s$^{-1}$,-0.3599979539,0.0591626792,-0.0086872198,-0.0678498990,4
2011-05-03 11:00:00,Middle,681,681,159.0961703993,-31.3928805341,-4.7865343094,Vy,Surface,m s$^{-1}$,-0.3192897881,0.0586728192,-0.0034685305,-0.0621413497,4
2011-05-03 12:00:00,Middle,681,681,159.0961703993,-31.3928805341,-4.7865343094,Vy,Surface,m s$^{-1}$,-0.3120318186,0.0755461851,0.0081984334,-0.0673477517,4
2011-05-03 13:00:00,Middle,681,681,159.0961703993,-31.3928805341,-4.7865343094,Vy,Surface,m s$^{-1}$,-0.3412012042,0.0750036391,0.0148549204,-0.0601487188,4
2011-05-03 14:00:00,Middle,681,681,159.0961703993,-31.3928805341,-4.7865343094,Vy,Surface,m s$^{-1}$,-0.3860101427,0.0773654139,0.0197680286,-0.0575973853,4
2011-05-03 15:00:00,Middle,681,681,159.0961703993,-31.3928805341,-4.7865343094,Vy,Surface,m s$^{-1}$,-0.4451668974,0.0780466059,0.0226549291,-0.0553916769,4
2011-05-03 16:00:00,Middle,681,681,159.0961703993,-31.3928805341,-4.7865343094,Vy,Surface,m s$^{-1}$,-0.4971618885,0.0722137814,0.0202830674,-0.0519307140,4
2011-05-03 17:00:00,Middle,681,681,159.0961703993,-31.3928805341,-4.7865343094,Vy,Surface,m s$^{-1}$,-0.5386419147,0.0728929577,0.0168265067,-0.0560664511,4
2011-05-03 18:00:00,Middle,681,681,159.0961703993,-31.3928805341,-4.7865343094,Vy,Surface,m s$^{-1}$,-0.5471541436,0.0572956131,0.0034126176,-0.0538829954,4
2011-05-03 19:00:00,Middle,681,681,159.0961703993,-31.3928805341,-4.7865343094,Vy,Surface,m s$^{-1}$,-0.5247880598,0.0597888729,-0.0032412128,-0.0630300857,4
2011-05-03 20:00:00,Middle,681,681,159.0961703993,-31.3928805341,-4.7865343094,Vy,Surface,m s$^{-1}$,-0.4814257827,0.0473485642,-0.0109443750,-0.0582929392,4
2011-05-03 21:00:00,Middle,681,681,159.0961703993,-31.3928805341,-4.7865343094,Vy,Surface,m s$^{-1}$,-0.4112183927,0.0455459423,-0.0130283699,-0.0585743122,4
2011-05-03 22:00:00,Middle,681,681,159.0961703993,-31.3928805341,-4.7865343094,Vy,Surface,m s$^{-1}$,-0.3512028319,0.0546136690,-0.0085866578,-0.0632003268,4
2011-05-03 23:00:00,Middle,681,681,159.0961703993,-31.3928805341,-4.7865343094,Vy,Surface,m s$^{-1}$,-0.3081583845,0.0579014000,-0.0033350859,-0.0612364859,4
2011-05-04 00:00:00,Middle,681,681,159.0961703993,-31.3928805341,-4.7865343094,Vy,Surface,m s$^{-1}$,-0.3028474778,0.0743449520,0.0075250165,-0.0668199355,4
2011-05-04 01:00:00,Middle,681,681,159.0961703993,-31.3928805341,-4.7865343094,Vy,Surface,m s$^{-1}$,-0.3310543791,0.0756023206,0.0134317019,-0.0621706187,4
2011-05-04 02:00:00,Middle,681,681,159.0961703993,-31.3928805341,-4.7865343094,Vy,Surface,m s$^{-1}$,-0.3846168163,0.0836759122,0.0194542885,-0.0642216237,4
2011-05-04 03:00:00,Middle,681,681,159.0961703993,-31.3928805341,-4.7865343094,Vy,Surface,m s$^{-1}$,-0.4610882496,0.0857181856,0.0247384343,-0.0609797512,4
2011-05-04 04:00:00,Middle,681,681,159.0961703993,-31.3928805341,-4.7865343094,Vy,Surface,m s$^{-1}$,-0.5266024140,0.0744122156,0.0210929952,-0.0533192204,4
2011-05-04 05:00:00,Middle,681,681,159.0961703993,-31.3928805341,-4.7865343094,Vy,Surface,m s$^{-1}$,-0.5757738018,0.0768864454,0.0191518255,-0.0577346200,4
2011-05-04 06:00:00,Middle,681,681,159.0961703993,-31.3928805341,-4.7865343094,Vy,Surface,m s$^{-1}$,-0.6111985437,0.0682034708,0.0148751597,-0.0533283111,4
2011-05-04 07:00:00,Middle,681,681,159.0961703993,-31.3928805341,-4.7865343094,Vy,Surface,m s$^{-1}$,-0.6063819954,0.0554541651,0.0010836898,-0.0543704753,4
2011-05-04 08:00:00,Middle,681,681,159.0961703993,-31.3928805341,-4.7865343094,Vy,Surface,m s$^{-1}$,-0.5601176765,0.0465639459,-0.0112572742,-0.0578212202,4
2011-05-04 09:00:00,Middle,681,681,159.0961703993,-31.3928805341,-4.7865343094,Vy,Surface,m s$^{-1}$,-0.4836241312,0.0386142327,-0.0178195147,-0.0564337475,4
2011-05-04 10:00:00,Middle,681,681,159.0961703993,-31.3928805341,-4.7865343094,Vy,Surface,m s$^{-1}$,-0.4019516474,0.0422046646,-0.0182335698,-0.0604382344,4
2011-05-04 11:00:00,Middle,681,681,159.0961703993,-31.3928805341,-4.7865343094,Vy,Surface,m s$^{-1}$,-0.3382014772,0.0454745853,-0.0135612320,-0.0590358173,4
2011-05-04 12:00:00,Middle,681,681,159.0961703993,-31.3928805341,-4.7865343094,Vy,Surface,m s$^{-1}$,-0.3039104947,0.0489014734,-0.0052894594,-0.0541909328,4
2011-05-04 13:00:00,Middle,681,681,159.0961703993,-31.3928805341,-4.7865343094,Vy,Surface,m s$^{-1}$,-0.3048531450,0.0635909865,0.0013875485,-0.0622034380,4
2011-05-04 14:00:00,Middle,681,681,159.0961703993,-31.3928805341,-4.7865343094,Vy,Surface,m s$^{-1}$,-0.3375291111,0.0785408062,0.0148580028,-0.0636828034,4
2011-05-04 15:00:00,Middle,681,681,159.0961703993,-31.3928805341,-4.7865343094,Vy,Surface,m s$^{-1}$,-0.3969362513,0.0839866239,0.0203314423,-0.0636551816,4
2011-05-04 16:00:00,Middle,681,681,159.0961703993,-31.3928805341,-4.7865343094,Vy,Surface,m s$^{-1}$,-0.4558965996,0.0846107448,0.0210741863,-0.0635365585,4
2011-05-04 17:00:00,Middle,681,681,159.0961703993,-31.3928805341,-4.7865343094,Vy,Surface,m s$^{-1}$,-0.5078438162,0.0815468245,0.0189152455,-0.0626315790,4
2011-05-04 18:00:00,Middle,681,681,159.0961703993,-31.3928805341,-4.7865343094,Vy,Surface,m s$^{-1}$,-0.5480369296,0.0759684042,0.0169407227,-0.0590276816,4
2011-05-04 19:00:00,Middle,681,681,159.0961703993,-31.3928805341,-4.7865343094,Vy,Surface,m s$^{-1}$,-0.5644025610,0.0631416765,0.0077278735,-0.0554138029,4
2011-05-04 20:00:00,Middle,681,681,159.0961703993,-31.3928805341,-4.7865343094,Vy,Surface,m s$^{-1}$,-0.5381328322,0.0524000450,-0.0064093208,-0.0588093659,4
2011-05-04 21:00:00,Middle,681,681,159.0961703993,-31.3928805341,-4.7865343094,Vy,Surface,m s$^{-1}$,-0.4801689039,0.0475499217,-0.0135722260,-0.0611221477,4
2011-05-04 22:00:00,Middle,681,681,159.0961703993,-31.3928805341,-4.7865343094,Vy,Surface,m s$^{-1}$,-0.4184147023,0.0512855008,-0.0115348147,-0.0628203155,4
2011-05-04 23:00:00,Middle,681,681,159.0961703993,-31.3928805341,-4.7865343094,Vy,Surface,m s$^{-1}$,-0.3614110977,0.0502901429,-0.0127140325,-0.0630041755,4
2011-05-05 00:00:00,Middle,681,681,159.0961703993,-31.3928805341,-4.7865343094,Vy,Surface,m s$^{-1}$,-0.3245797563,0.0641082179,-0.0039726013,-0.0680808192,4
2011-05-05 01:00:00,Middle,681,681,159.0961703993,-31.3928805341,-4.7865343094,Vy,Surface,m s$^{-1}$,-0.3238787133,0.0699294936,0.0042539728,-0.0656755208,4
2011-05-05 02:00:00,Middle,681,681,159.0961703993,-31.3928805341,-4.7865343094,Vy,Surface,m s$^{-1}$,-0.3562404583,0.0812820405,0.0153770274,-0.0659050132,4
2011-05-05 03:00:00,Middle,681,681,159.0961703993,-31.3928805341,-4.7865343094,Vy,Surface,m s$^{-1}$,-0.4148252519,0.0802832556,0.0195650450,-0.0607182106,4
2011-05-05 04:00:00,Middle,681,681,159.0961703993,-31.3928805341,-4.7865343094,Vy,Surface,m s$^{-1}$,-0.4880506297,0.0867446342,0.0260104331,-0.0607342011,4
2011-05-05 05:00:00,Middle,681,681,159.0961703993,-31.3928805341,-4.7865343094,Vy,Surface,m s$^{-1}$,-0.5557174343,0.0726753199,0.0218204674,-0.0508548525,4
2011-05-05 06:00:00,Middle,681,681,159.0961703993,-31.3928805341,-4.7865343094,Vy,Surface,m s$^{-1}$,-0.6033859274,0.0757678225,0.0188162318,-0.0569515907,4
2011-05-05 07:00:00,Middle,681,681,159.0961703993,-31.3928805341,-4.7865343094,Vy,Surface,m s$^{-1}$,-0.6245174669,0.0595908339,0.0073913174,-0.0521995165,4
2011-05-05 08:00:00,Middle,681,681,159.0961703993,-31.3928805341,-4.7865343094,Vy,Surface,m s$^{-1}$,-0.6032091751,0.0561103883,-0.0032980273,-0.0594084155,4
2011-05-05 09:00:00,Middle,681,681,159.0961703993,-31.3928805341,-4.7865343094,Vy,Surface,m s$^{-1}$,-0.5589616903,0.0471810240,-0.0115277351,-0.0587087592,4
2011-05-05 10:00:00,Middle,681,681,159.0961703993,-31.3928805341,-4.7865343094,Vy,Surface,m s$^{-1}$,-0.4819514433,0.0376561573,-0.0181693518,-0.0558255091,4
2011-05-05 11:00:00,Middle,681,681,159.0961703993,-31.3928805341,-4.7865343094,Vy,Surface,m s$^{-1}$,-0.4018821034,0.0458567221,-0.0176541420,-0.0635108641,4
2011-05-05 12:00:00,Middle,681,681,159.0961703993,-31.3928805341,-4.7865343094,Vy,Surface,m s$^{-1}$,-0.3392506768,0.0529591869,-0.0123559886,-0.0653151755,4
2011-05-05 13:00:00,Middle,681,681,159.0961703993,-31.3928805341,-4.7865343094,Vy,Surface,m s$^{-1}$,-0.3051470139,0.0635737533,-0.0039525338,-0.0675262871,4
2011-05-05 14:00:00,Middle,681,681,159.0961703993,-31.3928805341,-4.7865343094,Vy,Surface,m s$^{-1}$,-0.3023244992,0.0705873090,0.0036226255,-0.0669646835,4
2011-05-05 15:00:00,Middle,681,681,159.0961703993,-31.3928805341,-4.7865343094,Vy,Surface,m s$^{-1}$,-0.3430796744,0.0861961939,0.0174148684,-0.0687813255,4
2011-05-05 16:00:00,Middle,681,681,159.0961703993,-31.3928805341,-4.7865343094,Vy,Surface,m s$^{-1}$,-0.4118940434,0.0815456331,0.0217265683,-0.0598190648,4
2011-05-05 17:00:00,Middle,681,681,159.0961703993,-31.3928805341,-4.7865343094,Vy,Surface,m s$^{-1}$,-0.4732879100,0.0771747529,0.0200805926,-0.0570941603,4
2011-05-05 18:00:00,Middle,681,681,159.0961703993,-31.3928805341,-4.7865343094,Vy,Surface,m s$^{-1}$,-0.5246039246,0.0761988256,0.0170595807,-0.0591392450,4
2011-05-05 19:00:00,Middle,681,681,159.0961703993,-31.3928805341,-4.7865343094,Vy,Surface,m s$^{-1}$,-0.5583257323,0.0688295847,0.0123619656,-0.0564676191,4
2011-05-05 20:00:00,Middle,681,681,159.0961703993,-31.3928805341,-4.7865343094,Vy,Surface,m s$^{-1}$,-0.5547357489,0.0567479945,-0.0010044328,-0.0577524273,4
2011-05-05 21:00:00,Middle,681,681,159.0961703993,-31.3928805341,-4.7865343094,Vy,Surface,m s$^{-1}$,-0.5159517681,0.0517965148,-0.0096391083,-0.0614356231,4
2011-05-05 22:00:00,Middle,681,681,159.0961703993,-31.3928805341,-4.7865343094,Vy,Surface,m s$^{-1}$,-0.4505655399,0.0427904120,-0.0171941121,-0.0599845241,4
2011-05-05 23:00:00,Middle,681,681,159.0961703993,-31.3928805341,-4.7865343094,Vy,Surface,m s$^{-1}$,-0.3858263439,0.0532859688,-0.0122052113,-0.0654911801,4
2011-05-06 00:00:00,Middle,681,681,159.0961703993,-31.3928805341,-4.7865343094,Vy,Surface,m s$^{-1}$,-0.3313320016,0.0496176072,-0.0131670988,-0.0627847060,4
2011-05-06 01:00:00,Middle,681,681,159.0961703993,-31.3928805341,-4.7865343094,Vy,Surface,m s$^{-1}$,-0.2927545445,0.0650724941,-0.0040017814,-0.0690742755,4
2011-05-06 02:00:00,Middle,681,681,159.0961703993,-31.3928805341,-4.7865343094,Vy,Surface,m s$^{-1}$,-0.3011280672,0.0764328763,0.0069116230,-0.0695212532,4
2011-05-06 03:00:00,Middle,681,681,159.0961703993,-31.3928805341,-4.7865343094,Vy,Surface,m s$^{-1}$,-0.3507460557,0.0893555640,0.0197677507,-0.0695878133,4
2011-05-06 04:00:00,Middle,681,681,159.0961703993,-31.3928805341,-4.7865343094,Vy,Surface,m s$^{-1}$,-0.4224540296,0.0830424061,0.0217359423,-0.0613064638,4
2011-05-06 05:00:00,Middle,681,681,159.0961703993,-31.3928805341,-4.7865343094,Vy,Surface,m s$^{-1}$,-0.5039663796,0.0913480380,0.0284642126,-0.0628838253,4
2011-05-06 06:00:00,Middle,681,681,159.0961703993,-31.3928805341,-4.7865343094,Vy,Surface,m s$^{-1}$,-0.5840670442,0.0749565431,0.0253706869,-0.0495858561,4
2011-05-06 07:00:00,Middle,681,681,159.0961703993,-31.3928805341,-4.7865343094,Vy,Surface,m s$^{-1}$,-0.6256597145,0.0695460911,0.0156495282,-0.0538965628,4
2011-05-06 08:00:00,Middle,681,681,159.0961703993,-31.3928805341,-4.7865343094,Vy,Surface,m s$^{-1}$,-0.6420645721,0.0647374251,0.0070889385,-0.0576484866,4
2011-05-06 09:00:00,Middle,681,681,159.0961703993,-31.3928805341,-4.7865343094,Vy,Surface,m s$^{-1}$,-0.6079261791,0.0462889510,-0.0096951196,-0.0559840707,4
2011-05-06 10:00:00,Middle,681,681,159.0961703993,-31.3928805341,-4.7865343094,Vy,Surface,m s$^{-1}$,-0.5311345854,0.0395070729,-0.0179308953,-0.0574379682,4
2011-05-06 11:00:00,Middle,681,681,159.0961703993,-31.3928805341,-4.7865343094,Vy,Surface,m s$^{-1}$,-0.4495937189,0.0438160877,-0.0157632500,-0.0595793376,4
2011-05-06 12:00:00,Middle,681,681,159.0961703993,-31.3928805341,-4.7865343094,Vy,Surface,m s$^{-1}$,-0.3640019297,0.0390353953,-0.0190317447,-0.0580671400,4
2011-05-06 13:00:00,Middle,681,681,159.0961703993,-31.3928805341,-4.7865343094,Vy,Surface,m s$^{-1}$,-0.2952701785,0.0561147814,-0.0105555523,-0.0666703337,4
2011-05-06 14:00:00,Middle,681,681,159.0961703993,-31.3928805341,-4.7865343094,Vy,Surface,m s$^{-1}$,-0.2732709363,0.0673858528,0.0005341058,-0.0668517470,4
2011-05-06 15:00:00,Middle,681,681,159.0961703993,-31.3928805341,-4.7865343094,Vy,Surface,m s$^{-1}$,-0.2861390164,0.0770705560,0.0101598569,-0.0669106991,4
2011-05-06 16:00:00,Middle,681,681,159.0961703993,-31.3928805341,-4.7865343094,Vy,Surface,m s$^{-1}$,-0.3409274728,0.0854435129,0.0199713469,-0.0654721660,4
2011-05-06 17:00:00,Middle,681,681,159.0961703993,-31.3928805341,-4.7865343094,Vy,Surface,m s$^{-1}$,-0.4093834877,0.0799428494,0.0226149535,-0.0573278959,4
2011-05-06 18:00:00,Middle,681,681,159.0961703993,-31.3928805341,-4.7865343094,Vy,Surface,m s$^{-1}$,-0.4717267995,0.0769515269,0.0209553383,-0.0559961886,4
2011-05-06 19:00:00,Middle,681,681,159.0961703993,-31.3928805341,-4.7865343094,Vy,Surface,m s$^{-1}$,-0.5304581499,0.0789889440,0.0209675608,-0.0580213833,4
2011-05-06 20:00:00,Middle,681,681,159.0961703993,-31.3928805341,-4.7865343094,Vy,Surface,m s$^{-1}$,-0.5687324464,0.0660174926,0.0137000288,-0.0523174638,4
2011-05-06 21:00:00,Middle,681,681,159.0961703993,-31.3928805341,-4.7865343094,Vy,Surface,m s$^{-1}$,-0.5552753509,0.0546510605,-0.0039270211,-0.0585780815,4
2011-05-06 22:00:00,Middle,681,681,159.0961703993,-31.3928805341,-4.7865343094,Vy,Surface,m s$^{-1}$,-0.4989204407,0.0483152915,-0.0134369641,-0.0617522556,4
2011-05-06 23:00:00,Middle,681,681,159.0961703993,-31.3928805341,-4.7865343094,Vy,Surface,m s$^{-1}$,-0.4275087079,0.0493139093,-0.0135546502,-0.0628685595,4
2011-05-07 00:00:00,Middle,681,681,159.0961703993,-31.3928805341,-4.7865343094,Vy,Surface,m s$^{-1}$,-0.3519982226,0.0463083433,-0.0155370166,-0.0618453600,4
2011-05-01 01:00:00,Middle,681,681,159.0961703993,-31.3928805341,-4.7865343094,Vz,Mid-depth,m s$^{-1}$,-2.3803040936,0.0000140899,-0.0000259074,-0.0000399973,2
2011-05-01 02:00:00,Middle,681,681,159.0961703993,-31.3928805341,-4.7865343094,Vz,Mid-depth,m s$^{-1}$,-2.4274976797,-0.0000474946,-0.0000293995,0.0000180951,2
2011-05-01 03:00:00,Middle,681,681,159.0961703993,-31.3928805341,-4.7865343094,Vz,Mid-depth,m s$^{-1}$,-2.4350228432,0.0000232499,-0.0000103015,-0.0000335514,2
2011-05-01 04:00:00,Middle,681,681,159.0961703993,-31.3928805341,-4.7865343094,Vz,Mid-depth,m s$^{-1}$,-2.4450711100,0.0000030357,0.0000141351,0.0000110994,2
2011-05-01 05:00:00,Middle,681,681,159.0961703993,-31.3928805341,-4.7865343094,Vz,Mid-depth,m s$^{-1}$,-2.4280286904,0.0000580783,0.0000154178,-0.0000426605,2
2011-05-01 06:00:00,Middle,681,681,159.0961703993,-31.3928805341,-4.7865343094,Vz,Mid-depth,m s$^{-1}$,-2.3999960723,0.0001121614,0.0000245415,-0.0000876199,2
2011-05-01 07:00:00,Middle,681,681,159.0961703993,-31.3928805341,-4.7865343094,Vz,Mid-depth,m s$^{-1}$,-2.3683944291,0.0002703330,0.0000319239,-0.0002384090,2
2011-05-01 08:00:00,Middle,681,681,159.0961703993,-31.3928805341,-4.7865343094,Vz,Mid-depth,m s$^{-1}$,-2.3390372706,0.0001733808,0.0000287212,-0.0001446596,2
2011-05-01 09:00:00,Middle,681,681,159.0961703993,-31.3928805341,-4.7865343094,Vz,Mid-depth,m s$^{-1}$,-2.3170496608,0.0001437038,0.0000174838,-0.0001262200,2
2011-05-01 10:00:00,Middle,681,681,159.0961703993,-31.3928805341,-4.7865343094,Vz,Mid-depth,m s$^{-1}$,-2.3105278965,0.0001172078,0.0000049931,-0.0001122147,2
2011-05-01 11:00:00,Middle,681,681,159.0961703993,-31.3928805341,-4.7865343094,Vz,Mid-depth,m s$^{-1}$,-2.3146258210,0.0000988272,-0.0000038233,-0.0001026505,2
2011-05-01 12:00:00,Middle,681,681,159.0961703993,-31.3928805341,-4.7865343094,Vz,Mid-depth,m s$^{-1}$,-2.3355834558,0.0000752966,-0.0000236565,-0.0000989531,2
2011-05-01 13:00:00,Middle,681,681,159.0961703993,-31.3928805341,-4.7865343094,Vz,Mid-depth,m s$^{-1}$,-2.3659510460,0.0000890527,-0.0000292810,-0.0001183337,2
2011-05-01 14:00:00,Middle,681,681,159.0961703993,-31.3928805341,-4.7865343094,Vz,Mid-depth,m s$^{-1}$,-2.3913856053,0.0000960541,-0.0000206712,-0.0001167254,2
2011-05-01 15:00:00,Middle,681,681,159.0961703993,-31.3928805341,-4.7865343094,Vz,Mid-depth,m s$^{-1}$,-2.4121964368,0.0000970995,-0.0000126004,-0.0001096999,2
2011-05-01 16:00:00,Middle,681,681,159.0961703993,-31.3928805341,-4.7865343094,Vz,Mid-depth,m s$^{-1}$,-2.4202019536,0.0001279940,0.0000014316,-0.0001265624,2
2011-05-01 17:00:00,Middle,681,681,159.0961703993,-31.3928805341,-4.7865343094,Vz,Mid-depth,m s$^{-1}$,-2.4150893115,0.0001210820,0.0000088190,-0.0001122631,2
2011-05-01 18:00:00,Middle,681,681,159.0961703993,-31.3928805341,-4.7865343094,Vz,Mid-depth,m s$^{-1}$,-2.3936609788,0.0001362135,0.0000231111,-0.0001131024,2
2011-05-01 19:00:00,Middle,681,681,159.0961703993,-31.3928805341,-4.7865343094,Vz,Mid-depth,m s$^{-1}$,-2.3618224695,0.0000938252,0.0000301355,-0.0000636898,2
2011-05-01 20:00:00,Middle,681,681,159.0961703993,-31.3928805341,-4.7865343094,Vz,Mid-depth,m s$^{-1}$,-2.3339131926,0.0000676845,0.0000284083,-0.0000392762,2
2011-05-01 21:00:00,Middle,681,681,159.0961703993,-31.3928805341,-4.7865343094,Vz,Mid-depth,m s$^{-1}$,-2.3075845697,0.0000509543,0.0000236931,-0.0000272612,2
2011-05-01 22:00:00,Middle,681,681,159.0961703993,-31.3928805341,-4.7865343094,Vz,Mid-depth,m s$^{-1}$,-2.2961136453,0.0000294686,0.0000111134,-0.0000183552,2
2011-05-01 23:00:00,Middle,681,681,159.0961703993,-31.3928805341,-4.7865343094,Vz,Mid-depth,m s$^{-1}$,-2.3035111133,0.0000244792,-0.0000077700,-0.0000322493,2
2011-05-02 00:00:00,Middle,681,681,159.0961703993,-31.3928805341,-4.7865343094,Vz,Mid-depth,m s$^{-1}$,-2.3268381856,0.0000333052,-0.0000217548,-0.0000550599,2
2011-05-02 01:00:00,Middle,681,681,159.0961703993,-31.3928805341,-4.7865343094,Vz,Mid-depth,m s$^{-1}$,-2.3594867730,0.0000416777,-0.0000330425,-0.0000747202,2
2011-05-02 02:00:00,Middle,681,681,159.0961703993,-31.3928805341,-4.7865343094,Vz,Mid-depth,m s$^{-1}$,-2.3914603657,0.0000501026,-0.0000307470,-0.0000808495,2
2011-05-02 03:00:00,Middle,681,681,159.0961703993,-31.3928805341,-4.7865343094,Vz,Mid-depth,m s$^{-1}$,-2.4165592763,0.0000537940,-0.0000167381,-0.0000705321,2
2011-05-02 04:00:00,Middle,681,681,159.0961703993,-31.3928805341,-4.7865343094,Vz,Mid-depth,m s$^{-1}$,-2.4341853055,0.0000713520,-0.0000072618,-0.0000786139,2
2011-05-02 05:00:00,Middle,681,681,159.0961703993,-31.3928805341,-4.7865343094,Vz,Mid-depth,m s$^{-1}$,-2.4361612121,0.0000919487,0.0000089326,-0.0000830161,2
2011-05-02 06:00:00,Middle,681,681,159.0961703993,-31.3928805341,-4.7865343094,Vz,Mid-depth,m s$^{-1}$,-2.4225334733,0.0000877923,0.0000204973,-0.0000672950,2
2011-05-02 07:00:00,Middle,681,681,159.0961703993,-31.3928805341,-4.7865343094,Vz,Mid-depth,m s$^{-1}$,-2.3940674699,0.0000770026,0.0000306231,-0.0000463795,2
2011-05-02 08:00:00,Middle,681,681,159.0961703993,-31.3928805341,-4.7865343094,Vz,Mid-depth,m s$^{-1}$,-2.3593976426,0.0000496702,0.0000375778,-0.0000120925,2
2011-05-02 09:00:00,Middle,681,681,159.0961703993,-31.3928805341,-4.7865343094,Vz,Mid-depth,m s$^{-1}$,-2.3288981979,0.0000402408,0.0000316201,-0.0000086206,2
2011-05-02 10:00:00,Middle,681,681,159.0961703993,-31.3928805341,-4.7865343094,Vz,Mid-depth,m s$^{-1}$,-2.3074753171,0.0000283706,0.0000219716,-0.0000063990,2
2011-05-02 11:00:00,Middle,681,681,159.0961703993,-31.3928805341,-4.7865343094,Vz,Mid-depth,m s$^{-1}$,-2.3005832513,0.0000164025,0.0000093678,-0.0000070347,2
2011-05-02 12:00:00,Middle,681,681,159.0961703993,-31.3928805341,-4.7865343094,Vz,Mid-depth,m s$^{-1}$,-2.3091345274,0.0000054461,-0.0000059156,-0.0000113617,2
2011-05-02 13:00:00,Middle,681,681,159.0961703993,-31.3928805341,-4.7865343094,Vz,Mid-depth,m s$^{-1}$,-2.3314501532,0.0000103971,-0.0000220832,-0.0000324802,2
2011-05-02 14:00:00,Middle,681,681,159.0961703993,-31.3928805341,-4.7865343094,Vz,Mid-depth,m s$^{-1}$,-2.3610487993,0.0000305402,-0.0000287339,-0.0000592741,2
2011-05-02 15:00:00,Middle,681,681,159.0961703993,-31.3928805341,-4.7865343094,Vz,Mid-depth,m s$^{-1}$,-2.3871389340,0.0000421360,-0.0000253350,-0.0000674710,2
2011-05-02 16:00:00,Middle,681,681,159.0961703993,-31.3928805341,-4.7865343094,Vz,Mid-depth,m s$^{-1}$,-2.4039791854,0.0000510179,-0.0000078433,-0.0000588611,2
2011-05-02 17:00:00,Middle,681,681,159.0961703993,-31.3928805341,-4.7865343094,Vz,Mid-depth,m s$^{-1}$,-2.4140996270,0.0000482796,-0.0000031914,-0.0000514710,2
2011-05-02 18:00:00,Middle,681,681,159.0961703993,-31.3928805341,-4.7865343094,Vz,Mid-depth,m s$^{-1}$,-2.4079850054,0.0000732818,0.0000111547,-0.0000621271,2
2011-05-02 19:00:00,Middle,681,681,159.0961703993,-31.3928805341,-4.7865343094,Vz,Mid-depth,m s$^{-1}$,-2.3826914402,0.0000640972,0.0000254724,-0.0000386249,2
2011-05-02 20:00:00,Middle,681,681,159.0961703993,-31.3928805341,-4.7865343094,Vz,Mid-depth,m s$^{-1}$,-2.3535982492,0.0000397739,0.0000284365,-0.0000113374,2
2011-05-02 21:00:00,Middle,681,681,159.0961703993,-31.3928805341,-4.7865343094,Vz,Mid-depth,m s$^{-1}$,-2.3237152316,0.0000344917,0.0000279267,-0.0000065650,2
2011-05-02 22:00:00,Middle,681,681,159.0961703993,-31.3928805341,-4.7865343094,Vz,Mid-depth,m s$^{-1}$,-2.3022170076,0.0000178129,0.0000189564,0.0000011434,2
2011-05-02 23:00:00,Middle,681,681,159.0961703993,-31.3928805341,-4.7865343094,Vz,Mid-depth,m s$^{-1}$,-2.2956679757,0.0000118424,0.0000071454,-0.0000046970,2
2011-05-03 00:00:00,Middle,681,681,159.0961703993,-31.3928805341,-4.7865343094,Vz,Mid-depth,m s$^{-1}$,-2.3080655952,-0.0000004886,-0.0000133540,-0.0000128654,2
2011-05-03 01:00:00,Middle,681,681,159.0961703993,-31.3928805341,-4.7865343094,Vz,Mid-depth,m s$^{-1}$,-2.3324782631,0.0000201857,-0.0000226487,-0.0000428345,2
2011-05-03 02:00:00,Middle,681,681,159.0961703993,-31.3928805341,-4.7865343094,Vz,Mid-depth,m s$^{-1}$,-2.3645871879,0.0000246267,-0.0000344988,-0.0000591255,2
2011-05-03 03:00:00,Middle,681,681,159.0961703993,-31.3928805341,-4.7865343094,Vz,Mid-depth,m s$^{-1}$,-2.3968719035,0.0000364222,-0.0000219528,-0.0000583750,2
2011-05-03 04:00:00,Middle,681,681,159.0961703993,-31.3928805341,-4.7865343094,Vz,Mid-depth,m s$^{-1}$,-2.4217207374,0.0000418400,-0.0000178199,-0.0000596600,2
2011-05-03 05:00:00,Middle,681,681,159.0961703993,-31.3928805341,-4.7865343094,Vz,Mid-depth,m s$^{-1}$,-2.4433086865,0.0000525256,-0.0000138145,-0.0000663401,2
2011-05-03 06:00:00,Middle,681,681,159.0961703993,-31.3928805341,-4.7865343094,Vz,Mid-depth,m s$^{-1}$,-2.4431258450,0.0000910803,0.0000109776,-0.0000801027,2
2011-05-03 07:00:00,Middle,681,681,159.0961703993,-31.3928805341,-4.7865343094,Vz,Mid-depth,m s$^{-1}$,-2.4224544881,0.0000767976,0.0000232620,-0.0000535357,2
2011-05-03 08:00:00,Middle,681,681,159.0961703993,-31.3928805341,-4.7865343094,Vz,Mid-depth,m s$^{-1}$,-2.3942481887,0.0000556738,0.0000286402,-0.0000270336,2
2011-05-03 09:00:00,Middle,681,681,159.0961703993,-31.3928805341,-4.7865343094,Vz,Mid-depth,m s$^{-1}$,-2.3557700073,0.0000521252,0.0000414643,-0.0000106608,2
2011-05-03 10:00:00,Middle,681,681,159.0961703993,-31.3928805341,-4.7865343094,Vz,Mid-depth,m s$^{-1}$,-2.3232661317,0.0000206047,0.0000308008,0.0000101961,2
2011-05-03 11:00:00,Middle,681,681,159.0961703993,-31.3928805341,-4.7865343094,Vz,Mid-depth,m s$^{-1}$,-2.3029120487,0.0000234297,0.0000205768,-0.0000028528,2
2011-05-03 12:00:00,Middle,681,681,159.0961703993,-31.3928805341,-4.7865343094,Vz,Mid-depth,m s$^{-1}$,-2.2992830640,0.0000084762,0.0000036242,-0.0000048520,2
2011-05-03 13:00:00,Middle,681,681,159.0961703993,-31.3928805341,-4.7865343094,Vz,Mid-depth,m s$^{-1}$,-2.3138677568,0.0000070199,-0.0000109445,-0.0000179644,2
2011-05-03 14:00:00,Middle,681,681,159.0961703993,-31.3928805341,-4.7865343094,Vz,Mid-depth,m s$^{-1}$,-2.3362722260,0.0000116306,-0.0000235104,-0.0000351410,2
2011-05-03 15:00:00,Middle,681,681,159.0961703993,-31.3928805341,-4.7865343094,Vz,Mid-depth,m s$^{-1}$,-2.3658506034,0.0000270179,-0.0000334071,-0.0000604251,2
2011-05-03 16:00:00,Middle,681,681,159.0961703993,-31.3928805341,-4.7865343094,Vz,Mid-depth,m s$^{-1}$,-2.3918480989,0.0000351471,-0.0000320835,-0.0000672306,2
2011-05-03 17:00:00,Middle,681,681,159.0961703993,-31.3928805341,-4.7865343094,Vz,Mid-depth,m s$^{-1}$,-2.4125881121,0.0000379745,-0.0000199409,-0.0000579155,2
2011-05-03 18:00:00,Middle,681,681,159.0961703993,-31.3928805341,-4.7865343094,Vz,Mid-depth,m s$^{-1}$,-2.4168442265,0.0000703106,-0.0000038453,-0.0000741560,2
2011-05-03 19:00:00,Middle,681,681,159.0961703993,-31.3928805341,-4.7865343094,Vz,Mid-depth,m s$^{-1}$,-2.4056611846,0.0000595980,0.0000014159,-0.0000581821,2
2011-05-03 20:00:00,Middle,681,681,159.0961703993,-31.3928805341,-4.7865343094,Vz,Mid-depth,m s$^{-1}$,-2.3839800460,0.0000595280,0.0000112875,-0.0000482406,2
2011-05-03 21:00:00,Middle,681,681,159.0961703993,-31.3928805341,-4.7865343094,Vz,Mid-depth,m s$^{-1}$,-2.3488763510,0.0000518178,0.0000196592,-0.0000321586,2
2011-05-03 22:00:00,Middle,681,681,159.0961703993,-31.3928805341,-4.7865343094,Vz,Mid-depth,m s$^{-1}$,-2.3188685706,0.0000247263,0.0000164763,-0.0000082499,2
2011-05-03 23:00:00,Middle,681,681,159.0961703993,-31.3928805341,-4.7865343094,Vz,Mid-depth,m s$^{-1}$,-2.2973463470,0.0000180093,0.0000095138,-0.0000084955,2
2011-05-04 00:00:00,Middle,681,681,159.0961703993,-31.3928805341,-4.7865343094,Vz,Mid-depth,m s$^{-1}$,-2.2946908936,0.0000075737,-0.0000039151,-0.0000114888,2
2011-05-04 01:00:00,Middle,681,681,159.0961703993,-31.3928805341,-4.7865343094,Vz,Mid-depth,m s$^{-1}$,-2.3087943442,0.0000037756,-0.0000244474,-0.0000282230,2
2011-05-04 02:00:00,Middle,681,681,159.0961703993,-31.3928805341,-4.7865343094,Vz,Mid-depth,m s$^{-1}$,-2.3355755628,0.0000045533,-0.0000463039,-0.0000508573,2
2011-05-04 03:00:00,Middle,681,681,159.0961703993,-31.3928805341,-4.7865343094,Vz,Mid-depth,m s$^{-1}$,-2.3738112795,0.0000093828,-0.0000592498,-0.0000686326,2
2011-05-04 04:00:00,Middle,681,681,159.0961703993,-31.3928805341,-4.7865343094,Vz,Mid-depth,m s$^{-1}$,-2.4065683617,0.0000286425,-0.0000285825,-0.0000572250,2
2011-05-04 05:00:00,Middle,681,681,159.0961703993,-31.3928805341,-4.7865343094,Vz,Mid-depth,m s$^{-1}$,-2.4311540556,0.0000361361,-0.0000151957,-0.0000513318,2
2011-05-04 06:00:00,Middle,681,681,159.0961703993,-31.3928805341,-4.7865343094,Vz,Mid-depth,m s$^{-1}$,-2.4488664265,0.0000543404,0.0000016161,-0.0000527243,2
2011-05-04 07:00:00,Middle,681,681,159.0961703993,-31.3928805341,-4.7865343094,Vz,Mid-depth,m s$^{-1}$,-2.4464581524,0.0000694804,0.0000303553,-0.0000391251,2
2011-05-04 08:00:00,Middle,681,681,159.0961703993,-31.3928805341,-4.7865343094,Vz,Mid-depth,m s$^{-1}$,-2.4233259929,0.0000761004,0.0000337113,-0.0000423890,2
2011-05-04 09:00:00,Middle,681,681,159.0961703993,-31.3928805341,-4.7865343094,Vz,Mid-depth,m s$^{-1}$,-2.3850792203,0.0000623061,0.0000262825,-0.0000360236,2
2011-05-04 10:00:00,Middle,681,681,159.0961703993,-31.3928805341,-4.7865343094,Vz,Mid-depth,m s$^{-1}$,-2.3442429784,0.0000272994,0.0000172687,-0.0000100307,2
2011-05-04 11:00:00,Middle,681,681,159.0961703993,-31.3928805341,-4.7865343094,Vz,Mid-depth,m s$^{-1}$,-2.3123678933,0.0000148829,0.0000007768,-0.0000141061,2
2011-05-04 12:00:00,Middle,681,681,159.0961703993,-31.3928805341,-4.7865343094,Vz,Mid-depth,m s$^{-1}$,-2.2952224020,0.0000142960,-0.0000224073,-0.0000367033,2
2011-05-04 13:00:00,Middle,681,681,159.0961703993,-31.3928805341,-4.7865343094,Vz,Mid-depth,m s$^{-1}$,-2.2956937272,0.0000180862,-0.0000296182,-0.0000477044,2
2011-05-04 14:00:00,Middle,681,681,159.0961703993,-31.3928805341,-4.7865343094,Vz,Mid-depth,m s$^{-1}$,-2.3120317103,0.0000194041,-0.0000430412,-0.0000624453,2
2011-05-04 15:00:00,Middle,681,681,159.0961703993,-31.3928805341,-4.7865343094,Vz,Mid-depth,m s$^{-1}$,-2.3417352803,0.0000392158,-0.0000394658,-0.0000786816,2
2011-05-04 16:00:00,Middle,681,681,159.0961703993,-31.3928805341,-4.7865343094,Vz,Mid-depth,m s$^{-1}$,-2.3712154545,0.0000479364,-0.0000274422,-0.0000753785,2
2011-05-04 17:00:00,Middle,681,681,159.0961703993,-31.3928805341,-4.7865343094,Vz,Mid-depth,m s$^{-1}$,-2.3971890628,0.0000328908,-0.0000022417,-0.0000351325,2
2011-05-04 18:00:00,Middle,681,681,159.0961703993,-31.3928805341,-4.7865343094,Vz,Mid-depth,m s$^{-1}$,-2.4172856195,0.0000175284,0.0000024876,-0.0000150408,2
2011-05-04 19:00:00,Middle,681,681,159.0961703993,-31.3928805341,-4.7865343094,Vz,Mid-depth,m s$^{-1}$,-2.4254684352,0.0000373981,0.0000178696,-0.0000195285,2
2011-05-04 20:00:00,Middle,681,681,159.0961703993,-31.3928805341,-4.7865343094,Vz,Mid-depth,m s$^{-1}$,-2.4123335708,0.0000587570,0.0000348967,-0.0000238603,2
2011-05-04 21:00:00,Middle,681,681,159.0961703993,-31.3928805341,-4.7865343094,Vz,Mid-depth,m s$^{-1}$,-2.3833516067,0.0000600217,0.0000370823,-0.0000229394,2
2011-05-04 22:00:00,Middle,681,681,159.0961703993,-31.3928805341,-4.7865343094,Vz,Mid-depth,m s$^{-1}$,-2.3524745058,0.0000357970,0.0000341412,-0.0000016557,2
2011-05-04 23:00:00,Middle,681,681,159.0961703993,-31.3928805341,-4.7865343094,Vz,Mid-depth,m s$^{-1}$,-2.3239727035,0.0000379760,0.0000358407,-0.0000021353,2
2011-05-05 00:00:00,Middle,681,681,159.0961703993,-31.3928805341,-4.7865343094,Vz,Mid-depth,m s$^{-1}$,-2.3055570329,0.0000155307,0.0000262661,0.0000107354,2
2011-05-05 01:00:00,Middle,681,681,159.0961703993,-31.3928805341,-4.7865343094,Vz,Mid-depth,m s$^{-1}$,-2.3052065113,0.0000118128,0.0000053812,-0.0000064316,2
2011-05-05 02:00:00,Middle,681,681,159.0961703993,-31.3928805341,-4.7865343094,Vz,Mid-depth,m s$^{-1}$,-2.3213873838,-0.0000033615,-0.0000203976,-0.0000170361,2
2011-05-05 03:00:00,Middle,681,681,159.0961703993,-31.3928805341,-4.7865343094,Vz,Mid-depth,m s$^{-1}$,-2.3506797806,0.0000097627,-0.0000344305,-0.0000441933,2
2011-05-05 04:00:00,Middle,681,681,159.0961703993,-31.3928805341,-4.7865343094,Vz,Mid-depth,m s$^{-1}$,-2.3872924695,0.0000056774,-0.0000477090,-0.0000533865,2
2011-05-05 05:00:00,Middle,681,681,159.0961703993,-31.3928805341,-4.7865343094,Vz,Mid-depth,m s$^{-1}$,-2.4211258718,0.0000253197,-0.0000231467,-0.0000484664,2
2011-05-05 06:00:00,Middle,681,681,159.0961703993,-31.3928805341,-4.7865343094,Vz,Mid-depth,m s$^{-1}$,-2.4449601184,0.0000366372,-0.0000154922,-0.0000521294,2
2011-05-05 07:00:00,Middle,681,681,159.0961703993,-31.3928805341,-4.7865343094,Vz,Mid-depth,m s$^{-1}$,-2.4555258881,0.0000681877,0.0000094106,-0.0000587770,2
2011-05-05 08:00:00,Middle,681,681,159.0961703993,-31.3928805341,-4.7865343094,Vz,Mid-depth,m s$^{-1}$,-2.4448717422,0.0000683363,0.0000265677,-0.0000417686,2
2011-05-05 09:00:00,Middle,681,681,159.0961703993,-31.3928805341,-4.7865343094,Vz,Mid-depth,m s$^{-1}$,-2.4227479998,0.0000622999,0.0000314852,-0.0000308148,2
2011-05-05 10:00:00,Middle,681,681,159.0961703993,-31.3928805341,-4.7865343094,Vz,Mid-depth,m s$^{-1}$,-2.3842428763,0.0000644263,0.0000356892,-0.0000287371,2
2011-05-05 11:00:00,Middle,681,681,159.0961703993,-31.3928805341,-4.7865343094,Vz,Mid-depth,m s$^{-1}$,-2.3442082064,0.0000282799,0.0000441956,0.0000159157,2
2011-05-05 12:00:00,Middle,681,681,159.0961703993,-31.3928805341,-4.7865343094,Vz,Mid-depth,m s$^{-1}$,-2.3128924931,0.0000210882,0.0000443257,0.0000232375,2
2011-05-05 13:00:00,Middle,681,681,159.0961703993,-31.3928805341,-4.7865343094,Vz,Mid-depth,m s$^{-1}$,-2.2958406616,0.0000186828,0.0000336741,0.0000149912,2
2011-05-05 14:00:00,Middle,681,681,159.0961703993,-31.3928805341,-4.7865343094,Vz,Mid-depth,m s$^{-1}$,-2.2944294043,0.0000141648,0.0000133542,-0.0000008107,2
2011-05-05 15:00:00,Middle,681,681,159.0961703993,-31.3928805341,-4.7865343094,Vz,Mid-depth,m s$^{-1}$,-2.3148069919,-0.0000117377,-0.0000202615,-0.0000085238,2
2011-05-05 16:00:00,Middle,681,681,159.0961703993,-31.3928805341,-4.7865343094,Vz,Mid-depth,m s$^{-1}$,-2.3492141764,0.0000050959,-0.0000368856,-0.0000419815,2
2011-05-05 17:00:00,Middle,681,681,159.0961703993,-31.3928805341,-4.7865343094,Vz,Mid-depth,m s$^{-1}$,-2.3799111097,0.0000235129,-0.0000335160,-0.0000570289,2
2011-05-05 18:00:00,Middle,681,681,159.0961703993,-31.3928805341,-4.7865343094,Vz,Mid-depth,m s$^{-1}$,-2.4055691170,0.0000291145,-0.0000155216,-0.0000446361,2
2011-05-05 19:00:00,Middle,681,681,159.0961703993,-31.3928805341,-4.7865343094,Vz,Mid-depth,m s$^{-1}$,-2.4224300209,0.0000428477,-0.0000044915,-0.0000473392,2
2011-05-05 20:00:00,Middle,681,681,159.0961703993,-31.3928805341,-4.7865343094,Vz,Mid-depth,m s$^{-1}$,-2.4206350292,0.0000601841,0.0000190372,-0.0000411469,2
2011-05-05 21:00:00,Middle,681,681,159.0961703993,-31.3928805341,-4.7865343094,Vz,Mid-depth,m s$^{-1}$,-2.4012430388,0.0000595612,0.0000244507,-0.0000351105,2
2011-05-05 22:00:00,Middle,681,681,159.0961703993,-31.3928805341,-4.7865343094,Vz,Mid-depth,m s$^{-1}$,-2.3685499246,0.0000577508,0.0000305890,-0.0000271618,2
2011-05-05 23:00:00,Middle,681,681,159.0961703993,-31.3928805341,-4.7865343094,Vz,Mid-depth,m s$^{-1}$,-2.3361803267,0.0000278177,0.0000305467,0.0000027290,2
2011-05-06 00:00:00,Middle,681,681,159.0961703993,-31.3928805341,-4.7865343094,Vz,Mid-depth,m s$^{-1}$,-2.3089331555,0.0000340550,0.0000377092,0.0000036542,2
2011-05-06 01:00:00,Middle,681,681,159.0961703993,-31.3928805341,-4.7865343094,Vz,Mid-depth,m s$^{-1}$,-2.2896444270,0.0000143130,0.0000115987,-0.0000027143,3
2011-05-06 02:00:00,Middle,681,681,159.0961703993,-31.3928805341,-4.7865343094,Vz,Mid-depth,m s$^{-1}$,-2.2938311883,0.0000073352,0.0000056849,-0.0000016504,3
2011-05-06 03:00:00,Middle,681,681,159.0961703993,-31.3928805341,-4.7865343094,Vz,Mid-depth,m s$^{-1}$,-2.3186401826,-0.0000129992,-0.0000268588,-0.0000138596,2
2011-05-06 04:00:00,Middle,681,681,159.0961703993,-31.3928805341,-4.7865343094,Vz,Mid-depth,m s$^{-1}$,-2.3544941695,0.0000100235,-0.0000365433,-0.0000465668,2
2011-05-06 05:00:00,Middle,681,681,159.0961703993,-31.3928805341,-4.7865343094,Vz,Mid-depth,m s$^{-1}$,-2.3952503445,-0.0000022326,-0.0000495698,-0.0000473371,2
2011-05-06 06:00:00,Middle,681,681,159.0961703993,-31.3928805341,-4.7865343094,Vz,Mid-depth,m s$^{-1}$,-2.4353006768,0.0000188852,-0.0000258332,-0.0000447184,2
2011-05-06 07:00:00,Middle,681,681,159.0961703993,-31.3928805341,-4.7865343094,Vz,Mid-depth,m s$^{-1}$,-2.4560970120,0.0000493679,-0.0000051997,-0.0000545676,2
2011-05-06 08:00:00,Middle,681,681,159.0961703993,-31.3928805341,-4.7865343094,Vz,Mid-depth,m s$^{-1}$,-2.4642994408,0.0000611299,0.0000140525,-0.0000470774,2
2011-05-06 09:00:00,Middle,681,681,159.0961703993,-31.3928805341,-4.7865343094,Vz,Mid-depth,m s$^{-1}$,-2.4472302442,0.0000775907,0.0000359497,-0.0000416410,2
2011-05-06 10:00:00,Middle,681,681,159.0961703993,-31.3928805341,-4.7865343094,Vz,Mid-depth,m s$^{-1}$,-2.4088344474,0.0000679279,0.0000466122,-0.0000213157,2
2011-05-06 11:00:00,Middle,681,681,159.0961703993,-31.3928805341,-4.7865343094,Vz,Mid-depth,m s$^{-1}$,-2.3680640141,0.0000326834,0.0000466910,0.0000140075,2
2011-05-06 12:00:00,Middle,681,681,159.0961703993,-31.3928805341,-4.7865343094,Vz,Mid-depth,m s$^{-1}$,-2.3252681195,0.0000427063,0.0000519869,0.0000092806,2
2011-05-06 13:00:00,Middle,681,681,159.0961703993,-31.3928805341,-4.7865343094,Vz,Mid-depth,m s$^{-1}$,-2.2909022439,-0.0000003103,0.0000200396,0.0000203499,3
2011-05-06 14:00:00,Middle,681,681,159.0961703993,-31.3928805341,-4.7865343094,Vz,Mid-depth,m s$^{-1}$,-2.2799026228,0.0000169266,0.0000262466,0.0000093200,3
2011-05-06 15:00:00,Middle,681,681,159.0961703993,-31.3928805341,-4.7865343094,Vz,Mid-depth,m s$^{-1}$,-2.2863366629,0.0000034981,0.0000144592,0.0000109611,3
2011-05-06 16:00:00,Middle,681,681,159.0961703993,-31.3928805341,-4.7865343094,Vz,Mid-depth,m s$^{-1}$,-2.3137308911,-0.0000074276,-0.0000243133,-0.0000168857,2
2011-05-06 17:00:00,Middle,681,681,159.0961703993,-31.3928805341,-4.7865343094,Vz,Mid-depth,m s$^{-1}$,-2.3479588985,0.0000064575,-0.0000325269,-0.0000389844,2
2011-05-06 18:00:00,Middle,681,681,159.0961703993,-31.3928805341,-4.7865343094,Vz,Mid-depth,m s$^{-1}$,-2.3791305544,0.0000171871,-0.0000266558,-0.0000438428,2
2011-05-06 19:00:00,Middle,681,681,159.0961703993,-31.3928805341,-4.7865343094,Vz,Mid-depth,m s$^{-1}$,-2.4084962297,0.0000187468,-0.0000160468,-0.0000347936,2
2011-05-06 20:00:00,Middle,681,681,159.0961703993,-31.3928805341,-4.7865343094,Vz,Mid-depth,m s$^{-1}$,-2.4276333779,0.0000489008,-0.0000013274,-0.0000502282,2
2011-05-06 21:00:00,Middle,681,681,159.0961703993,-31.3928805341,-4.7865343094,Vz,Mid-depth,m s$^{-1}$,-2.4209048302,0.0000756062,0.0000272559,-0.0000483503,2
2011-05-06 22:00:00,Middle,681,681,159.0961703993,-31.3928805341,-4.7865343094,Vz,Mid-depth,m s$^{-1}$,-2.3927273750,0.0000736759,0.0000402529,-0.0000334230,2
2011-05-06 23:00:00,Middle,681,681,159.0961703993,-31.3928805341,-4.7865343094,Vz,Mid-depth,m s$^{-1}$,-2.3570215086,0.0000481988,0.0000439817,-0.0000042171,2
2011-05-07 00:00:00,Middle,681,681,159.0961703993,-31.3928805341,-4.7865343094,Vz,Mid-depth,m s$^{-1}$,-2.3192662660,0.0000484279,0.0000471432,-0.0000012847,2
2011-05-01 01:00:00,Middle,681,681,159.0961703993,-31.3928805341,-4.7865343094,Vz,Near-bottom,m s$^{-1}$,-4.2865343094,-0.0000036869,-0.0000173778,-0.0000136909,2
2011-05-01 02:00:00,Middle,681,681,159.0961703993,-31.3928805341,-4.7865343094,Vz,Near-bottom,m s$^{-1}$,-4.2865343094,-0.0000271661,-0.0000178693,0.0000092968,2
2011-05-01 03:00:00,Middle,681,681,159.0961703993,-31.3928805341,-4.7865343094,Vz,Near-bottom,m s$^{-1}$,-4.2865343094,0.0000048852,-0.0000016290,-0.0000065142,2
2011-05-01 04:00:00,Middle,681,681,159.0961703993,-31.3928805341,-4.7865343094,Vz,Near-bottom,m s$^{-1}$,-4.2865343094,-0.0000072269,0.0000202913,0.0000275182,2
2011-05-01 05:00:00,Middle,681,681,159.0961703993,-31.3928805341,-4.7865343094,Vz,Near-bottom,m s$^{-1}$,-4.2865343094,0.0000214276,0.0000151809,-0.0000062467,2
2011-05-01 06:00:00,Middle,681,681,159.0961703993,-31.3928805341,-4.7865343094,Vz,Near-bottom,m s$^{-1}$,-4.2865343094,0.0000371905,0.0000218549,-0.0000153356,2
2011-05-01 07:00:00,Middle,681,681,159.0961703993,-31.3928805341,-4.7865343094,Vz,Near-bottom,m s$^{-1}$,-4.2865343094,0.0001973432,0.0000325937,-0.0001647495,2
2011-05-01 08:00:00,Middle,681,681,159.0961703993,-31.3928805341,-4.7865343094,Vz,Near-bottom,m s$^{-1}$,-4.2865343094,0.0001185144,0.0000294219,-0.0000890924,2
2011-05-01 09:00:00,Middle,681,681,159.0961703993,-31.3928805341,-4.7865343094,Vz,Near-bottom,m s$^{-1}$,-4.2865343094,0.0000735747,0.0000186480,-0.0000549267,2
2011-05-01 10:00:00,Middle,681,681,159.0961703993,-31.3928805341,-4.7865343094,Vz,Near-bottom,m s$^{-1}$,-4.2865343094,0.0000415971,0.0000113203,-0.0000302768,2
2011-05-01 11:00:00,Middle,681,681,159.0961703993,-31.3928805341,-4.7865343094,Vz,Near-bottom,m s$^{-1}$,-4.2865343094,0.0000268060,0.0000041043,-0.0000227017,2
2011-05-01 12:00:00,Middle,681,681,159.0961703993,-31.3928805341,-4.7865343094,Vz,Near-bottom,m s$^{-1}$,-4.2865343094,-0.0000049492,-0.0000131632,-0.0000082140,2
2011-05-01 13:00:00,Middle,681,681,159.0961703993,-31.3928805341,-4.7865343094,Vz,Near-bottom,m s$^{-1}$,-4.2865343094,0.0000001417,-0.0000194725,-0.0000196142,2
2011-05-01 14:00:00,Middle,681,681,159.0961703993,-31.3928805341,-4.7865343094,Vz,Near-bottom,m s$^{-1}$,-4.2865343094,-0.0000019983,-0.0000099423,-0.0000079441,2
2011-05-01 15:00:00,Middle,681,681,159.0961703993,-31.3928805341,-4.7865343094,Vz,Near-bottom,m s$^{-1}$,-4.2865343094,-0.0000115643,-0.0000010724,0.0000104919,2
2011-05-01 16:00:00,Middle,681,681,159.0961703993,-31.3928805341,-4.7865343094,Vz,Near-bottom,m s$^{-1}$,-4.2865343094,-0.0000032844,0.0000092742,0.0000125587,2
2011-05-01 17:00:00,Middle,681,681,159.0961703993,-31.3928805341,-4.7865343094,Vz,Near-bottom,m s$^{-1}$,-4.2865343094,-0.0000060413,0.0000131614,0.0000192027,2
2011-05-01 18:00:00,Middle,681,681,159.0961703993,-31.3928805341,-4.7865343094,Vz,Near-bottom,m s$^{-1}$,-4.2865343094,0.0000088918,0.0000213631,0.0000124713,2
2011-05-01 19:00:00,Middle,681,681,159.0961703993,-31.3928805341,-4.7865343094,Vz,Near-bottom,m s$^{-1}$,-4.2865343094,0.0000152014,0.0000318204,0.0000166190,2
2011-05-01 20:00:00,Middle,681,681,159.0961703993,-31.3928805341,-4.7865343094,Vz,Near-bottom,m s$^{-1}$,-4.2865343094,0.0000169270,0.0000299589,0.0000130319,2
2011-05-01 21:00:00,Middle,681,681,159.0961703993,-31.3928805341,-4.7865343094,Vz,Near-bottom,m s$^{-1}$,-4.2865343094,0.0000183835,0.0000259710,0.0000075875,2
2011-05-01 22:00:00,Middle,681,681,159.0961703993,-31.3928805341,-4.7865343094,Vz,Near-bottom,m s$^{-1}$,-4.2865343094,0.0000023383,0.0000186630,0.0000163247,2
2011-05-01 23:00:00,Middle,681,681,159.0961703993,-31.3928805341,-4.7865343094,Vz,Near-bottom,m s$^{-1}$,-4.2865343094,-0.0000140873,0.0000037039,0.0000177912,2
2011-05-02 00:00:00,Middle,681,681,159.0961703993,-31.3928805341,-4.7865343094,Vz,Near-bottom,m s$^{-1}$,-4.2865343094,-0.0000159078,-0.0000095504,0.0000063574,2
2011-05-02 01:00:00,Middle,681,681,159.0961703993,-31.3928805341,-4.7865343094,Vz,Near-bottom,m s$^{-1}$,-4.2865343094,-0.0000160486,-0.0000211010,-0.0000050523,2
2011-05-02 02:00:00,Middle,681,681,159.0961703993,-31.3928805341,-4.7865343094,Vz,Near-bottom,m s$^{-1}$,-4.2865343094,-0.0000073880,-0.0000202523,-0.0000128644,2
2011-05-02 03:00:00,Middle,681,681,159.0961703993,-31.3928805341,-4.7865343094,Vz,Near-bottom,m s$^{-1}$,-4.2865343094,-0.0000080165,-0.0000027605,0.0000052560,2
2011-05-02 04:00:00,Middle,681,681,159.0961703993,-31.3928805341,-4.7865343094,Vz,Near-bottom,m s$^{-1}$,-4.2865343094,-0.0000077083,0.0000051286,0.0000128370,2
2011-05-02 05:00:00,Middle,681,681,159.0961703993,-31.3928805341,-4.7865343094,Vz,Near-bottom,m s$^{-1}$,-4.2865343094,-0.0000023759,0.0000181694,0.0000205453,2
2011-05-02 06:00:00,Middle,681,681,159.0961703993,-31.3928805341,-4.7865343094,Vz,Near-bottom,m s$^{-1}$,-4.2865343094,-0.0000054410,0.0000248363,0.0000302773,2
2011-05-02 07:00:00,Middle,681,681,159.0961703993,-31.3928805341,-4.7865343094,Vz,Near-bottom,m s$^{-1}$,-4.2865343094,0.0000017913,0.0000323377,0.0000305464,2
2011-05-02 08:00:00,Middle,681,681,159.0961703993,-31.3928805341,-4.7865343094,Vz,Near-bottom,m s$^{-1}$,-4.2865343094,0.0000080138,0.0000411429,0.0000331291,2
2011-05-02 09:00:00,Middle,681,681,159.0961703993,-31.3928805341,-4.7865343094,Vz,Near-bottom,m s$^{-1}$,-4.2865343094,0.0000129261,0.0000355192,0.0000225930,2
2011-05-02 10:00:00,Middle,681,681,159.0961703993,-31.3928805341,-4.7865343094,Vz,Near-bottom,m s$^{-1}$,-4.2865343094,0.0000081486,0.0000275374,0.0000193888,2
2011-05-02 11:00:00,Middle,681,681,159.0961703993,-31.3928805341,-4.7865343094,Vz,Near-bottom,m s$^{-1}$,-4.2865343094,-0.0000019450,0.0000191604,0.0000211054,2
2011-05-02 12:00:00,Middle,681,681,159.0961703993,-31.3928805341,-4.7865343094,Vz,Near-bottom,m s$^{-1}$,-4.2865343094,-0.0000171806,0.0000053065,0.0000224872,2
2011-05-02 13:00:00,Middle,681,681,159.0961703993,-31.3928805341,-4.7865343094,Vz,Near-bottom,m s$^{-1}$,-4.2865343094,-0.0000139252,-0.0000103321,0.0000035931,2
2011-05-02 14:00:00,Middle,681,681,159.0961703993,-31.3928805341,-4.7865343094,Vz,Near-bottom,m s$^{-1}$,-4.2865343094,-0.0000106358,-0.0000177942,-0.0000071584,2
2011-05-02 15:00:00,Middle,681,681,159.0961703993,-31.3928805341,-4.7865343094,Vz,Near-bottom,m s$^{-1}$,-4.2865343094,-0.0000074586,-0.0000158362,-0.0000083776,2
2011-05-02 16:00:00,Middle,681,681,159.0961703993,-31.3928805341,-4.7865343094,Vz,Near-bottom,m s$^{-1}$,-4.2865343094,-0.0000038300,0.0000034707,0.0000073007,2
2011-05-02 17:00:00,Middle,681,681,159.0961703993,-31.3928805341,-4.7865343094,Vz,Near-bottom,m s$^{-1}$,-4.2865343094,-0.0000066722,0.0000071422,0.0000138144,2
2011-05-02 18:00:00,Middle,681,681,159.0961703993,-31.3928805341,-4.7865343094,Vz,Near-bottom,m s$^{-1}$,-4.2865343094,0.0000026171,0.0000131388,0.0000105217,2
2011-05-02 19:00:00,Middle,681,681,159.0961703993,-31.3928805341,-4.7865343094,Vz,Near-bottom,m s$^{-1}$,-4.2865343094,0.0000063766,0.0000260744,0.0000196978,2
2011-05-02 20:00:00,Middle,681,681,159.0961703993,-31.3928805341,-4.7865343094,Vz,Near-bottom,m s$^{-1}$,-4.2865343094,0.0000033523,0.0000303576,0.0000270053,2
2011-05-02 21:00:00,Middle,681,681,159.0961703993,-31.3928805341,-4.7865343094,Vz,Near-bottom,m s$^{-1}$,-4.2865343094,0.0000074049,0.0000298019,0.0000223969,2
2011-05-02 22:00:00,Middle,681,681,159.0961703993,-31.3928805341,-4.7865343094,Vz,Near-bottom,m s$^{-1}$,-4.2865343094,-0.0000007822,0.0000230557,0.0000238379,2
2011-05-02 23:00:00,Middle,681,681,159.0961703993,-31.3928805341,-4.7865343094,Vz,Near-bottom,m s$^{-1}$,-4.2865343094,-0.0000137109,0.0000161222,0.0000298331,2
2011-05-03 00:00:00,Middle,681,681,159.0961703993,-31.3928805341,-4.7865343094,Vz,Near-bottom,m s$^{-1}$,-4.2865343094,-0.0000201991,-0.0000013596,0.0000188394,2
2011-05-03 01:00:00,Middle,681,681,159.0961703993,-31.3928805341,-4.7865343094,Vz,Near-bottom,m s$^{-1}$,-4.2865343094,-0.0000144740,-0.0000107609,0.0000037130,2
2011-05-03 02:00:00,Middle,681,681,159.0961703993,-31.3928805341,-4.7865343094,Vz,Near-bottom,m s$^{-1}$,-4.2865343094,-0.0000132408,-0.0000227607,-0.0000095199,2
2011-05-03 03:00:00,Middle,681,681,159.0961703993,-31.3928805341,-4.7865343094,Vz,Near-bottom,m s$^{-1}$,-4.2865343094,-0.0000055954,-0.0000068851,-0.0000012897,2
2011-05-03 04:00:00,Middle,681,681,159.0961703993,-31.3928805341,-4.7865343094,Vz,Near-bottom,m s$^{-1}$,-4.2865343094,-0.0000064558,-0.0000040293,0.0000024265,2
2011-05-03 05:00:00,Middle,681,681,159.0961703993,-31.3928805341,-4.7865343094,Vz,Near-bottom,m s$^{-1}$,-4.2865343094,-0.0000076681,-0.0000010332,0.0000066349,2
2011-05-03 06:00:00,Middle,681,681,159.0961703993,-31.3928805341,-4.7865343094,Vz,Near-bottom,m s$^{-1}$,-4.2865343094,0.0000042854,0.0000169436,0.0000126582,2
2011-05-03 07:00:00,Middle,681,681,159.0961703993,-31.3928805341,-4.7865343094,Vz,Near-bottom,m s$^{-1}$,-4.2865343094,0.0000012792,0.0000260108,0.0000247317,2
2011-05-03 08:00:00,Middle,681,681,159.0961703993,-31.3928805341,-4.7865343094,Vz,Near-bottom,m s$^{-1}$,-4.2865343094,-0.0000003792,0.0000302519,0.0000306311,2
2011-05-03 09:00:00,Middle,681,681,159.0961703993,-31.3928805341,-4.7865343094,Vz,Near-bottom,m s$^{-1}$,-4.2865343094,0.0000107030,0.0000438366,0.0000331336,2
2011-05-03 10:00:00,Middle,681,681,159.0961703993,-31.3928805341,-4.7865343094,Vz,Near-bottom,m s$^{-1}$,-4.2865343094,0.0000041161,0.0000342386,0.0000301225,2
2011-05-03 11:00:00,Middle,681,681,159.0961703993,-31.3928805341,-4.7865343094,Vz,Near-bottom,m s$^{-1}$,-4.2865343094,-0.0000000921,0.0000250730,0.0000251651,2
2011-05-03 12:00:00,Middle,681,681,159.0961703993,-31.3928805341,-4.7865343094,Vz,Near-bottom,m s$^{-1}$,-4.2865343094,-0.0000096412,0.0000137805,0.0000234217,2
2011-05-03 13:00:00,Middle,681,681,159.0961703993,-31.3928805341,-4.7865343094,Vz,Near-bottom,m s$^{-1}$,-4.2865343094,-0.0000212334,0.0000001160,0.0000213494,2
2011-05-03 14:00:00,Middle,681,681,159.0961703993,-31.3928805341,-4.7865343094,Vz,Near-bottom,m s$^{-1}$,-4.2865343094,-0.0000128408,-0.0000127620,0.0000000788,2
2011-05-03 15:00:00,Middle,681,681,159.0961703993,-31.3928805341,-4.7865343094,Vz,Near-bottom,m s$^{-1}$,-4.2865343094,-0.0000090315,-0.0000250943,-0.0000160627,2
2011-05-03 16:00:00,Middle,681,681,159.0961703993,-31.3928805341,-4.7865343094,Vz,Near-bottom,m s$^{-1}$,-4.2865343094,-0.0000056916,-0.0000263000,-0.0000206084,2
2011-05-03 17:00:00,Middle,681,681,159.0961703993,-31.3928805341,-4.7865343094,Vz,Near-bottom,m s$^{-1}$,-4.2865343094,-0.0000071719,-0.0000133208,-0.0000061489,2
2011-05-03 18:00:00,Middle,681,681,159.0961703993,-31.3928805341,-4.7865343094,Vz,Near-bottom,m s$^{-1}$,-4.2865343094,0.0000015540,-0.0000058452,-0.0000073992,2
2011-05-03 19:00:00,Middle,681,681,159.0961703993,-31.3928805341,-4.7865343094,Vz,Near-bottom,m s$^{-1}$,-4.2865343094,0.0000012611,-0.0000063584,-0.0000076196,2
2011-05-03 20:00:00,Middle,681,681,159.0961703993,-31.3928805341,-4.7865343094,Vz,Near-bottom,m s$^{-1}$,-4.2865343094,-0.0000000731,-0.0000012919,-0.0000012188,2
2011-05-03 21:00:00,Middle,681,681,159.0961703993,-31.3928805341,-4.7865343094,Vz,Near-bottom,m s$^{-1}$,-4.2865343094,0.0000106836,0.0000084831,-0.0000022005,2
2011-05-03 22:00:00,Middle,681,681,159.0961703993,-31.3928805341,-4.7865343094,Vz,Near-bottom,m s$^{-1}$,-4.2865343094,0.0000054060,0.0000088955,0.0000034895,2
2011-05-03 23:00:00,Middle,681,681,159.0961703993,-31.3928805341,-4.7865343094,Vz,Near-bottom,m s$^{-1}$,-4.2865343094,-0.0000003763,0.0000048960,0.0000052723,2
2011-05-04 00:00:00,Middle,681,681,159.0961703993,-31.3928805341,-4.7865343094,Vz,Near-bottom,m s$^{-1}$,-4.2865343094,-0.0000107708,-0.0000033444,0.0000074264,2
2011-05-04 01:00:00,Middle,681,681,159.0961703993,-31.3928805341,-4.7865343094,Vz,Near-bottom,m s$^{-1}$,-4.2865343094,-0.0000191530,-0.0000312994,-0.0000121463,2
2011-05-04 02:00:00,Middle,681,681,159.0961703993,-31.3928805341,-4.7865343094,Vz,Near-bottom,m s$^{-1}$,-4.2865343094,-0.0000134176,-0.0000606879,-0.0000472704,2
2011-05-04 03:00:00,Middle,681,681,159.0961703993,-31.3928805341,-4.7865343094,Vz,Near-bottom,m s$^{-1}$,-4.2865343094,-0.0000118680,-0.0000755813,-0.0000637133,2
2011-05-04 04:00:00,Middle,681,681,159.0961703993,-31.3928805341,-4.7865343094,Vz,Near-bottom,m s$^{-1}$,-4.2865343094,-0.0000005556,-0.0000329028,-0.0000323473,2
2011-05-04 05:00:00,Middle,681,681,159.0961703993,-31.3928805341,-4.7865343094,Vz,Near-bottom,m s$^{-1}$,-4.2865343094,-0.0000048532,-0.0000141700,-0.0000093168,2
2011-05-04 06:00:00,Middle,681,681,159.0961703993,-31.3928805341,-4.7865343094,Vz,Near-bottom,m s$^{-1}$,-4.2865343094,-0.0000034168,0.0000066188,0.0000100356,2
2011-05-04 07:00:00,Middle,681,681,159.0961703993,-31.3928805341,-4.7865343094,Vz,Near-bottom,m s$^{-1}$,-4.2865343094,0.0000024176,0.0000328454,0.0000304278,2
2011-05-04 08:00:00,Middle,681,681,159.0961703993,-31.3928805341,-4.7865343094,Vz,Near-bottom,m s$^{-1}$,-4.2865343094,0.0000053472,0.0000201051,0.0000147579,2
2011-05-04 09:00:00,Middle,681,681,159.0961703993,-31.3928805341,-4.7865343094,Vz,Near-bottom,m s$^{-1}$,-4.2865343094,0.0000104403,-0.0000030578,-0.0000134982,2
2011-05-04 10:00:00,Middle,681,681,159.0961703993,-31.3928805341,-4.7865343094,Vz,Near-bottom,m s$^{-1}$,-4.2865343094,0.0000070273,-0.0000191695,-0.0000261967,2
2011-05-04 11:00:00,Middle,681,681,159.0961703993,-31.3928805341,-4.7865343094,Vz,Near-bottom,m s$^{-1}$,-4.2865343094,0.0000002177,-0.0000391236,-0.0000393413,2
2011-05-04 12:00:00,Middle,681,681,159.0961703993,-31.3928805341,-4.7865343094,Vz,Near-bottom,m s$^{-1}$,-4.2865343094,-0.0000121909,-0.0000644803,-0.0000522894,2
2011-05-04 13:00:00,Middle,681,681,159.0961703993,-31.3928805341,-4.7865343094,Vz,Near-bottom,m s$^{-1}$,-4.2865343094,-0.0000167155,-0.0000691762,-0.0000524608,2
2011-05-04 14:00:00,Middle,681,681,159.0961703993,-31.3928805341,-4.7865343094,Vz,Near-bottom,m s$^{-1}$,-4.2865343094,-0.0000157952,-0.0000739833,-0.0000581881,2
2011-05-04 15:00:00,Middle,681,681,159.0961703993,-31.3928805341,-4.7865343094,Vz,Near-bottom,m s$^{-1}$,-4.2865343094,-0.0000061711,-0.0000599560,-0.0000537850,2
2011-05-04 16:00:00,Middle,681,681,159.0961703993,-31.3928805341,-4.7865343094,Vz,Near-bottom,m s$^{-1}$,-4.2865343094,0.0000041684,-0.0000369955,-0.0000411639,2
2011-05-04 17:00:00,Middle,681,681,159.0961703993,-31.3928805341,-4.7865343094,Vz,Near-bottom,m s$^{-1}$,-4.2865343094,0.0000066312,0.0000020362,-0.0000045949,2
2011-05-04 18:00:00,Middle,681,681,159.0961703993,-31.3928805341,-4.7865343094,Vz,Near-bottom,m s$^{-1}$,-4.2865343094,0.0000067843,0.0000082637,0.0000014794,2
2011-05-04 19:00:00,Middle,681,681,159.0961703993,-31.3928805341,-4.7865343094,Vz,Near-bottom,m s$^{-1}$,-4.2865343094,0.0000052682,0.0000200337,0.0000147655,2
2011-05-04 20:00:00,Middle,681,681,159.0961703993,-31.3928805341,-4.7865343094,Vz,Near-bottom,m s$^{-1}$,-4.2865343094,0.0000082690,0.0000269364,0.0000186674,2
2011-05-04 21:00:00,Middle,681,681,159.0961703993,-31.3928805341,-4.7865343094,Vz,Near-bottom,m s$^{-1}$,-4.2865343094,0.0000111710,0.0000182163,0.0000070453,2
2011-05-04 22:00:00,Middle,681,681,159.0961703993,-31.3928805341,-4.7865343094,Vz,Near-bottom,m s$^{-1}$,-4.2865343094,0.0000073188,0.0000133368,0.0000060180,2
2011-05-04 23:00:00,Middle,681,681,159.0961703993,-31.3928805341,-4.7865343094,Vz,Near-bottom,m s$^{-1}$,-4.2865343094,0.0000115316,0.0000141705,0.0000026389,2
2011-05-05 00:00:00,Middle,681,681,159.0961703993,-31.3928805341,-4.7865343094,Vz,Near-bottom,m s$^{-1}$,-4.2865343094,-0.0000000629,0.0000075761,0.0000076391,2
2011-05-05 01:00:00,Middle,681,681,159.0961703993,-31.3928805341,-4.7865343094,Vz,Near-bottom,m s$^{-1}$,-4.2865343094,-0.0000116214,-0.0000158472,-0.0000042259,2
2011-05-05 02:00:00,Middle,681,681,159.0961703993,-31.3928805341,-4.7865343094,Vz,Near-bottom,m s$^{-1}$,-4.2865343094,-0.0000182035,-0.0000407153,-0.0000225118,2
2011-05-05 03:00:00,Middle,681,681,159.0961703993,-31.3928805341,-4.7865343094,Vz,Near-bottom,m s$^{-1}$,-4.2865343094,-0.0000126485,-0.0000544025,-0.0000417540,2
2011-05-05 04:00:00,Middle,681,681,159.0961703993,-31.3928805341,-4.7865343094,Vz,Near-bottom,m s$^{-1}$,-4.2865343094,-0.0000114746,-0.0000623321,-0.0000508575,2
2011-05-05 05:00:00,Middle,681,681,159.0961703993,-31.3928805341,-4.7865343094,Vz,Near-bottom,m s$^{-1}$,-4.2865343094,0.0000013541,-0.0000255644,-0.0000269185,2
2011-05-05 06:00:00,Middle,681,681,159.0961703993,-31.3928805341,-4.7865343094,Vz,Near-bottom,m s$^{-1}$,-4.2865343094,-0.0000038506,-0.0000145816,-0.0000107310,2
2011-05-05 07:00:00,Middle,681,681,159.0961703993,-31.3928805341,-4.7865343094,Vz,Near-bottom,m s$^{-1}$,-4.2865343094,0.0000020665,0.0000105609,0.0000084944,2
2011-05-05 08:00:00,Middle,681,681,159.0961703993,-31.3928805341,-4.7865343094,Vz,Near-bottom,m s$^{-1}$,-4.2865343094,0.0000024095,0.0000224588,0.0000200493,2
2011-05-05 09:00:00,Middle,681,681,159.0961703993,-31.3928805341,-4.7865343094,Vz,Near-bottom,m s$^{-1}$,-4.2865343094,0.0000018998,0.0000173030,0.0000154032,2
2011-05-05 10:00:00,Middle,681,681,159.0961703993,-31.3928805341,-4.7865343094,Vz,Near-bottom,m s$^{-1}$,-4.2865343094,0.0000150879,0.0000140187,-0.0000010692,2
2011-05-05 11:00:00,Middle,681,681,159.0961703993,-31.3928805341,-4.7865343094,Vz,Near-bottom,m s$^{-1}$,-4.2865343094,0.0000103207,0.0000263587,0.0000160380,2
2011-05-05 12:00:00,Middle,681,681,159.0961703993,-31.3928805341,-4.7865343094,Vz,Near-bottom,m s$^{-1}$,-4.2865343094,0.0000092061,0.0000321871,0.0000229810,2
2011-05-05 13:00:00,Middle,681,681,159.0961703993,-31.3928805341,-4.7865343094,Vz,Near-bottom,m s$^{-1}$,-4.2865343094,0.0000038145,0.0000236636,0.0000198492,2
2011-05-05 14:00:00,Middle,681,681,159.0961703993,-31.3928805341,-4.7865343094,Vz,Near-bottom,m s$^{-1}$,-4.2865343094,-0.0000080866,-0.0000003504,0.0000077363,2
2011-05-05 15:00:00,Middle,681,681,159.0961703993,-31.3928805341,-4.7865343094,Vz,Near-bottom,m s$^{-1}$,-4.2865343094,-0.0000183296,-0.0000331866,-0.0000148570,2
2011-05-05 16:00:00,Middle,681,681,159.0961703993,-31.3928805341,-4.7865343094,Vz,Near-bottom,m s$^{-1}$,-4.2865343094,-0.0000112448,-0.0000503883,-0.0000391435,2
2011-05-05 17:00:00,Middle,681,681,159.0961703993,-31.3928805341,-4.7865343094,Vz,Near-bottom,m s$^{-1}$,-4.2865343094,-0.0000006433,-0.0000442835,-0.0000436401,2
2011-05-05 18:00:00,Middle,681,681,159.0961703993,-31.3928805341,-4.7865343094,Vz,Near-bottom,m s$^{-1}$,-4.2865343094,-0.0000039236,-0.0000168209,-0.0000128974,2
2011-05-05 19:00:00,Middle,681,681,159.0961703993,-31.3928805341,-4.7865343094,Vz,Near-bottom,m s$^{-1}$,-4.2865343094,-0.0000023551,-0.0000036966,-0.0000013415,2
2011-05-05 20:00:00,Middle,681,681,159.0961703993,-31.3928805341,-4.7865343094,Vz,Near-bottom,m s$^{-1}$,-4.2865343094,0.0000041193,0.0000159881,0.0000118688,2
2011-05-05 21:00:00,Middle,681,681,159.0961703993,-31.3928805341,-4.7865343094,Vz,Near-bottom,m s$^{-1}$,-4.2865343094,0.0000053050,0.0000118814,0.0000065764,2
2011-05-05 22:00:00,Middle,681,681,159.0961703993,-31.3928805341,-4.7865343094,Vz,Near-bottom,m s$^{-1}$,-4.2865343094,0.0000127325,0.0000100221,-0.0000027104,2
2011-05-05 23:00:00,Middle,681,681,159.0961703993,-31.3928805341,-4.7865343094,Vz,Near-bottom,m s$^{-1}$,-4.2865343094,0.0000056132,0.0000135549,0.0000079417,2
2011-05-06 00:00:00,Middle,681,681,159.0961703993,-31.3928805341,-4.7865343094,Vz,Near-bottom,m s$^{-1}$,-4.2865343094,0.0000103001,0.0000235820,0.0000132818,2
2011-05-06 01:00:00,Middle,681,681,159.0961703993,-31.3928805341,-4.7865343094,Vz,Near-bottom,m s$^{-1}$,-4.2865343094,0.0000032674,0.0000271110,0.0000238436,2
2011-05-06 02:00:00,Middle,681,681,159.0961703993,-31.3928805341,-4.7865343094,Vz,Near-bottom,m s$^{-1}$,-4.2865343094,-0.0000127725,-0.0000024103,0.0000103621,2
2011-05-06 03:00:00,Middle,681,681,159.0961703993,-31.3928805341,-4.7865343094,Vz,Near-bottom,m s$^{-1}$,-4.2865343094,-0.0000211454,-0.0000342211,-0.0000130757,2
2011-05-06 04:00:00,Middle,681,681,159.0961703993,-31.3928805341,-4.7865343094,Vz,Near-bottom,m s$^{-1}$,-4.2865343094,-0.0000072185,-0.0000435360,-0.0000363175,2
2011-05-06 05:00:00,Middle,681,681,159.0961703993,-31.3928805341,-4.7865343094,Vz,Near-bottom,m s$^{-1}$,-4.2865343094,-0.0000095888,-0.0000510583,-0.0000414695,2
2011-05-06 06:00:00,Middle,681,681,159.0961703993,-31.3928805341,-4.7865343094,Vz,Near-bottom,m s$^{-1}$,-4.2865343094,0.0000049995,-0.0000152879,-0.0000202874,2
2011-05-06 07:00:00,Middle,681,681,159.0961703993,-31.3928805341,-4.7865343094,Vz,Near-bottom,m s$^{-1}$,-4.2865343094,0.0000007726,0.0000070007,0.0000062281,2
2011-05-06 08:00:00,Middle,681,681,159.0961703993,-31.3928805341,-4.7865343094,Vz,Near-bottom,m s$^{-1}$,-4.2865343094,0.0000019451,0.0000269134,0.0000249683,2
2011-05-06 09:00:00,Middle,681,681,159.0961703993,-31.3928805341,-4.7865343094,Vz,Near-bottom,m s$^{-1}$,-4.2865343094,0.0000095071,0.0000408388,0.0000313317,2
2011-05-06 10:00:00,Middle,681,681,159.0961703993,-31.3928805341,-4.7865343094,Vz,Near-bottom,m s$^{-1}$,-4.2865343094,0.0000142551,0.0000449560,0.0000307008,2
2011-05-06 11:00:00,Middle,681,681,159.0961703993,-31.3928805341,-4.7865343094,Vz,Near-bottom,m s$^{-1}$,-4.2865343094,0.0000094057,0.0000442699,0.0000348642,2
2011-05-06 12:00:00,Middle,681,681,159.0961703993,-31.3928805341,-4.7865343094,Vz,Near-bottom,m s$^{-1}$,-4.2865343094,0.0000221800,0.0000475608,0.0000253808,2
2011-05-06 13:00:00,Middle,681,681,159.0961703993,-31.3928805341,-4.7865343094,Vz,Near-bottom,m s$^{-1}$,-4.2865343094,0.0000071253,0.0000464613,0.0000393360,2
2011-05-06 14:00:00,Middle,681,681,159.0961703993,-31.3928805341,-4.7865343094,Vz,Near-bottom,m s$^{-1}$,-4.2865343094,-0.0000001966,0.0000363875,0.0000365842,2
2011-05-06 15:00:00,Middle,681,681,159.0961703993,-31.3928805341,-4.7865343094,Vz,Near-bottom,m s$^{-1}$,-4.2865343094,-0.0000178911,0.0000061468,0.0000240379,2
2011-05-06 16:00:00,Middle,681,681,159.0961703993,-31.3928805341,-4.7865343094,Vz,Near-bottom,m s$^{-1}$,-4.2865343094,-0.0000225970,-0.0000208386,0.0000017584,2
2011-05-06 17:00:00,Middle,681,681,159.0961703993,-31.3928805341,-4.7865343094,Vz,Near-bottom,m s$^{-1}$,-4.2865343094,-0.0000121479,-0.0000284418,-0.0000162939,2
2011-05-06 18:00:00,Middle,681,681,159.0961703993,-31.3928805341,-4.7865343094,Vz,Near-bottom,m s$^{-1}$,-4.2865343094,-0.0000023376,-0.0000204314,-0.0000180937,2
2011-05-06 19:00:00,Middle,681,681,159.0961703993,-31.3928805341,-4.7865343094,Vz,Near-bottom,m s$^{-1}$,-4.2865343094,-0.0000105464,-0.0000025560,0.0000079904,2
2011-05-06 20:00:00,Middle,681,681,159.0961703993,-31.3928805341,-4.7865343094,Vz,Near-bottom,m s$^{-1}$,-4.2865343094,-0.0000023081,0.0000115776,0.0000138857,2
2011-05-06 21:00:00,Middle,681,681,159.0961703993,-31.3928805341,-4.7865343094,Vz,Near-bottom,m s$^{-1}$,-4.2865343094,0.0000072098,0.0000347982,0.0000275883,2
2011-05-06 22:00:00,Middle,681,681,159.0961703993,-31.3928805341,-4.7865343094,Vz,Near-bottom,m s$^{-1}$,-4.2865343094,0.0000115702,0.0000423344,0.0000307642,2
2011-05-06 23:00:00,Middle,681,681,159.0961703993,-31.3928805341,-4.7865343094,Vz,Near-bottom,m s$^{-1}$,-4.2865343094,0.0000104751,0.0000459110,0.0000354359,2
2011-05-07 00:00:00,Middle,681,681,159.0961703993,-31.3928805341,-4.7865343094,Vz,Near-bottom,m s$^{-1}$,-4.2865343094,0.0000204350,0.0000471703,0.0000267353,2
2011-05-01 01:00:00,Middle,681,681,159.0961703993,-31.3928805341,-4.7865343094,Vz,Surface,m s$^{-1}$,-0.4740738778,0.0000091199,-0.0000105424,-0.0000196622,4
2011-05-01 02:00:00,Middle,681,681,159.0961703993,-31.3928805341,-4.7865343094,Vz,Surface,m s$^{-1}$,-0.5684610500,-0.0000088365,-0.0000181197,-0.0000092832,4
2011-05-01 03:00:00,Middle,681,681,159.0961703993,-31.3928805341,-4.7865343094,Vz,Surface,m s$^{-1}$,-0.5835113770,0.0000095720,-0.0000080982,-0.0000176701,4
2011-05-01 04:00:00,Middle,681,681,159.0961703993,-31.3928805341,-4.7865343094,Vz,Surface,m s$^{-1}$,-0.6036079106,0.0000039092,0.0000051157,0.0000012066,4
2011-05-01 05:00:00,Middle,681,681,159.0961703993,-31.3928805341,-4.7865343094,Vz,Surface,m s$^{-1}$,-0.5695230713,0.0000204228,0.0000100909,-0.0000103319,4
2011-05-01 06:00:00,Middle,681,681,159.0961703993,-31.3928805341,-4.7865343094,Vz,Surface,m s$^{-1}$,-0.5134578353,0.0000415661,0.0000127007,-0.0000288653,4
2011-05-01 07:00:00,Middle,681,681,159.0961703993,-31.3928805341,-4.7865343094,Vz,Surface,m s$^{-1}$,-0.4502545489,0.0000690144,0.0000140316,-0.0000549828,4
2011-05-01 08:00:00,Middle,681,681,159.0961703993,-31.3928805341,-4.7865343094,Vz,Surface,m s$^{-1}$,-0.3915402318,0.0001036572,0.0000101019,-0.0000935553,4
2011-05-01 09:00:00,Middle,681,681,159.0961703993,-31.3928805341,-4.7865343094,Vz,Surface,m s$^{-1}$,-0.3475650122,0.0000908151,0.0000066365,-0.0000841786,4
2011-05-01 10:00:00,Middle,681,681,159.0961703993,-31.3928805341,-4.7865343094,Vz,Surface,m s$^{-1}$,-0.3345214836,0.0000695841,0.0000026186,-0.0000669655,4
2011-05-01 11:00:00,Middle,681,681,159.0961703993,-31.3928805341,-4.7865343094,Vz,Surface,m s$^{-1}$,-0.3427173326,0.0000580322,-0.0000007680,-0.0000588003,4
2011-05-01 12:00:00,Middle,681,681,159.0961703993,-31.3928805341,-4.7865343094,Vz,Surface,m s$^{-1}$,-0.3846326022,0.0000595066,-0.0000071705,-0.0000666771,4
2011-05-01 13:00:00,Middle,681,681,159.0961703993,-31.3928805341,-4.7865343094,Vz,Surface,m s$^{-1}$,-0.4453677826,0.0000607076,-0.0000095738,-0.0000702814,4
2011-05-01 14:00:00,Middle,681,681,159.0961703993,-31.3928805341,-4.7865343094,Vz,Surface,m s$^{-1}$,-0.4962369012,0.0000635661,-0.0000098773,-0.0000734433,4
2011-05-01 15:00:00,Middle,681,681,159.0961703993,-31.3928805341,-4.7865343094,Vz,Surface,m s$^{-1}$,-0.5378585642,0.0000642109,-0.0000098276,-0.0000740385,4
2011-05-01 16:00:00,Middle,681,681,159.0961703993,-31.3928805341,-4.7865343094,Vz,Surface,m s$^{-1}$,-0.5538695978,0.0000661725,-0.0000022272,-0.0000683997,4
2011-05-01 17:00:00,Middle,681,681,159.0961703993,-31.3928805341,-4.7865343094,Vz,Surface,m s$^{-1}$,-0.5436443135,0.0000570995,0.0000025052,-0.0000545943,4
2011-05-01 18:00:00,Middle,681,681,159.0961703993,-31.3928805341,-4.7865343094,Vz,Surface,m s$^{-1}$,-0.5007876482,0.0000502888,0.0000114812,-0.0000388076,4
2011-05-01 19:00:00,Middle,681,681,159.0961703993,-31.3928805341,-4.7865343094,Vz,Surface,m s$^{-1}$,-0.4371106297,0.0000412150,0.0000113635,-0.0000298515,4
2011-05-01 20:00:00,Middle,681,681,159.0961703993,-31.3928805341,-4.7865343094,Vz,Surface,m s$^{-1}$,-0.3812920757,0.0000329613,0.0000085807,-0.0000243806,4
2011-05-01 21:00:00,Middle,681,681,159.0961703993,-31.3928805341,-4.7865343094,Vz,Surface,m s$^{-1}$,-0.3286348301,0.0000308008,0.0000060671,-0.0000247337,4
2011-05-01 22:00:00,Middle,681,681,159.0961703993,-31.3928805341,-4.7865343094,Vz,Surface,m s$^{-1}$,-0.3056929813,0.0000249722,0.0000041963,-0.0000207760,4
2011-05-01 23:00:00,Middle,681,681,159.0961703993,-31.3928805341,-4.7865343094,Vz,Surface,m s$^{-1}$,-0.3204879172,0.0000219885,-0.0000027233,-0.0000247118,4
2011-05-02 00:00:00,Middle,681,681,159.0961703993,-31.3928805341,-4.7865343094,Vz,Surface,m s$^{-1}$,-0.3671420618,0.0000196371,-0.0000077239,-0.0000273610,4
2011-05-02 01:00:00,Middle,681,681,159.0961703993,-31.3928805341,-4.7865343094,Vz,Surface,m s$^{-1}$,-0.4324392365,0.0000181285,-0.0000109957,-0.0000291242,4
2011-05-02 02:00:00,Middle,681,681,159.0961703993,-31.3928805341,-4.7865343094,Vz,Surface,m s$^{-1}$,-0.4963864220,0.0000199785,-0.0000091808,-0.0000291593,4
2011-05-02 03:00:00,Middle,681,681,159.0961703993,-31.3928805341,-4.7865343094,Vz,Surface,m s$^{-1}$,-0.5465842432,0.0000250106,-0.0000123481,-0.0000373587,4
2011-05-02 04:00:00,Middle,681,681,159.0961703993,-31.3928805341,-4.7865343094,Vz,Surface,m s$^{-1}$,-0.5818363016,0.0000315074,-0.0000075163,-0.0000390237,4
2011-05-02 05:00:00,Middle,681,681,159.0961703993,-31.3928805341,-4.7865343094,Vz,Surface,m s$^{-1}$,-0.5857881148,0.0000328952,0.0000005131,-0.0000323822,4
2011-05-02 06:00:00,Middle,681,681,159.0961703993,-31.3928805341,-4.7865343094,Vz,Surface,m s$^{-1}$,-0.5585326372,0.0000324058,0.0000063581,-0.0000260476,4
2011-05-02 07:00:00,Middle,681,681,159.0961703993,-31.3928805341,-4.7865343094,Vz,Surface,m s$^{-1}$,-0.5016006304,0.0000365925,0.0000129311,-0.0000236614,4
2011-05-02 08:00:00,Middle,681,681,159.0961703993,-31.3928805341,-4.7865343094,Vz,Surface,m s$^{-1}$,-0.4322609759,0.0000347870,0.0000115143,-0.0000232727,4
2011-05-02 09:00:00,Middle,681,681,159.0961703993,-31.3928805341,-4.7865343094,Vz,Surface,m s$^{-1}$,-0.3712620865,0.0000323954,0.0000083930,-0.0000240024,4
2011-05-02 10:00:00,Middle,681,681,159.0961703993,-31.3928805341,-4.7865343094,Vz,Surface,m s$^{-1}$,-0.3284163248,0.0000278501,0.0000051809,-0.0000226692,4
2011-05-02 11:00:00,Middle,681,681,159.0961703993,-31.3928805341,-4.7865343094,Vz,Surface,m s$^{-1}$,-0.3146321932,0.0000217839,0.0000023138,-0.0000194702,4
2011-05-02 12:00:00,Middle,681,681,159.0961703993,-31.3928805341,-4.7865343094,Vz,Surface,m s$^{-1}$,-0.3317347454,0.0000162583,-0.0000032251,-0.0000194834,4
2011-05-02 13:00:00,Middle,681,681,159.0961703993,-31.3928805341,-4.7865343094,Vz,Surface,m s$^{-1}$,-0.3763659970,0.0000126387,-0.0000075430,-0.0000201817,4
2011-05-02 14:00:00,Middle,681,681,159.0961703993,-31.3928805341,-4.7865343094,Vz,Surface,m s$^{-1}$,-0.4355632892,0.0000105662,-0.0000078258,-0.0000183920,4
2011-05-02 15:00:00,Middle,681,681,159.0961703993,-31.3928805341,-4.7865343094,Vz,Surface,m s$^{-1}$,-0.4877435586,0.0000132523,-0.0000049868,-0.0000182391,4
2011-05-02 16:00:00,Middle,681,681,159.0961703993,-31.3928805341,-4.7865343094,Vz,Surface,m s$^{-1}$,-0.5214240615,0.0000188899,-0.0000046813,-0.0000235712,4
2011-05-02 17:00:00,Middle,681,681,159.0961703993,-31.3928805341,-4.7865343094,Vz,Surface,m s$^{-1}$,-0.5416649446,0.0000231059,-0.0000022633,-0.0000253692,4
2011-05-02 18:00:00,Middle,681,681,159.0961703993,-31.3928805341,-4.7865343094,Vz,Surface,m s$^{-1}$,-0.5294357014,0.0000270105,0.0000045713,-0.0000224391,4
2011-05-02 19:00:00,Middle,681,681,159.0961703993,-31.3928805341,-4.7865343094,Vz,Surface,m s$^{-1}$,-0.4788485709,0.0000363948,0.0000126567,-0.0000237381,4
2011-05-02 20:00:00,Middle,681,681,159.0961703993,-31.3928805341,-4.7865343094,Vz,Surface,m s$^{-1}$,-0.4206621890,0.0000331141,0.0000107675,-0.0000223466,4
2011-05-02 21:00:00,Middle,681,681,159.0961703993,-31.3928805341,-4.7865343094,Vz,Surface,m s$^{-1}$,-0.3608961538,0.0000337373,0.0000081423,-0.0000255949,4
2011-05-02 22:00:00,Middle,681,681,159.0961703993,-31.3928805341,-4.7865343094,Vz,Surface,m s$^{-1}$,-0.3178997058,0.0000277336,0.0000042431,-0.0000234904,4
2011-05-02 23:00:00,Middle,681,681,159.0961703993,-31.3928805341,-4.7865343094,Vz,Surface,m s$^{-1}$,-0.3048016420,0.0000225986,0.0000011816,-0.0000214170,4
2011-05-03 00:00:00,Middle,681,681,159.0961703993,-31.3928805341,-4.7865343094,Vz,Surface,m s$^{-1}$,-0.3295968810,0.0000171755,-0.0000047704,-0.0000219459,4
2011-05-03 01:00:00,Middle,681,681,159.0961703993,-31.3928805341,-4.7865343094,Vz,Surface,m s$^{-1}$,-0.3784222169,0.0000098402,-0.0000069486,-0.0000167888,4
2011-05-03 02:00:00,Middle,681,681,159.0961703993,-31.3928805341,-4.7865343094,Vz,Surface,m s$^{-1}$,-0.4426400664,0.0000100381,-0.0000098277,-0.0000198658,4
2011-05-03 03:00:00,Middle,681,681,159.0961703993,-31.3928805341,-4.7865343094,Vz,Surface,m s$^{-1}$,-0.5072094977,0.0000151154,-0.0000112732,-0.0000263886,4
2011-05-03 04:00:00,Middle,681,681,159.0961703993,-31.3928805341,-4.7865343094,Vz,Surface,m s$^{-1}$,-0.5569071654,0.0000227616,-0.0000117521,-0.0000345138,4
2011-05-03 05:00:00,Middle,681,681,159.0961703993,-31.3928805341,-4.7865343094,Vz,Surface,m s$^{-1}$,-0.6000830636,0.0000305628,-0.0000099327,-0.0000404955,4
2011-05-03 06:00:00,Middle,681,681,159.0961703993,-31.3928805341,-4.7865343094,Vz,Surface,m s$^{-1}$,-0.5997173805,0.0000314639,0.0000014802,-0.0000299837,4
2011-05-03 07:00:00,Middle,681,681,159.0961703993,-31.3928805341,-4.7865343094,Vz,Surface,m s$^{-1}$,-0.5583746669,0.0000373314,0.0000097599,-0.0000275715,4
2011-05-03 08:00:00,Middle,681,681,159.0961703993,-31.3928805341,-4.7865343094,Vz,Surface,m s$^{-1}$,-0.5019620680,0.0000354755,0.0000124800,-0.0000229954,4
2011-05-03 09:00:00,Middle,681,681,159.0961703993,-31.3928805341,-4.7865343094,Vz,Surface,m s$^{-1}$,-0.4250057052,0.0000376027,0.0000125264,-0.0000250763,4
2011-05-03 10:00:00,Middle,681,681,159.0961703993,-31.3928805341,-4.7865343094,Vz,Surface,m s$^{-1}$,-0.3599979539,0.0000304668,0.0000089803,-0.0000214865,4
2011-05-03 11:00:00,Middle,681,681,159.0961703993,-31.3928805341,-4.7865343094,Vz,Surface,m s$^{-1}$,-0.3192897881,0.0000297774,0.0000049054,-0.0000248720,4
2011-05-03 12:00:00,Middle,681,681,159.0961703993,-31.3928805341,-4.7865343094,Vz,Surface,m s$^{-1}$,-0.3120318186,0.0000238249,0.0000009381,-0.0000228868,4
2011-05-03 13:00:00,Middle,681,681,159.0961703993,-31.3928805341,-4.7865343094,Vz,Surface,m s$^{-1}$,-0.3412012042,0.0000188300,-0.0000036566,-0.0000224867,4
2011-05-03 14:00:00,Middle,681,681,159.0961703993,-31.3928805341,-4.7865343094,Vz,Surface,m s$^{-1}$,-0.3860101427,0.0000105072,-0.0000035343,-0.0000140416,4
2011-05-03 15:00:00,Middle,681,681,159.0961703993,-31.3928805341,-4.7865343094,Vz,Surface,m s$^{-1}$,-0.4451668974,0.0000125014,-0.0000008554,-0.0000133568,4
2011-05-03 16:00:00,Middle,681,681,159.0961703993,-31.3928805341,-4.7865343094,Vz,Surface,m s$^{-1}$,-0.4971618885,0.0000169095,-0.0000003269,-0.0000172363,4
2011-05-03 17:00:00,Middle,681,681,159.0961703993,-31.3928805341,-4.7865343094,Vz,Surface,m s$^{-1}$,-0.5386419147,0.0000255268,-0.0000079561,-0.0000334829,4
2011-05-03 18:00:00,Middle,681,681,159.0961703993,-31.3928805341,-4.7865343094,Vz,Surface,m s$^{-1}$,-0.5471541436,0.0000338594,-0.0000062896,-0.0000401490,4
2011-05-03 19:00:00,Middle,681,681,159.0961703993,-31.3928805341,-4.7865343094,Vz,Surface,m s$^{-1}$,-0.5247880598,0.0000351415,-0.0000080120,-0.0000431535,4
2011-05-03 20:00:00,Middle,681,681,159.0961703993,-31.3928805341,-4.7865343094,Vz,Surface,m s$^{-1}$,-0.4814257827,0.0000380639,0.0000004453,-0.0000376185,4
2011-05-03 21:00:00,Middle,681,681,159.0961703993,-31.3928805341,-4.7865343094,Vz,Surface,m s$^{-1}$,-0.4112183927,0.0000416793,0.0000134798,-0.0000281995,4
2011-05-03 22:00:00,Middle,681,681,159.0961703993,-31.3928805341,-4.7865343094,Vz,Surface,m s$^{-1}$,-0.3512028319,0.0000332329,0.0000182665,-0.0000149663,4
2011-05-03 23:00:00,Middle,681,681,159.0961703993,-31.3928805341,-4.7865343094,Vz,Surface,m s$^{-1}$,-0.3081583845,0.0000323516,0.0000167029,-0.0000156487,4
2011-05-04 00:00:00,Middle,681,681,159.0961703993,-31.3928805341,-4.7865343094,Vz,Surface,m s$^{-1}$,-0.3028474778,0.0000274191,0.0000007265,-0.0000266926,4
2011-05-04 01:00:00,Middle,681,681,159.0961703993,-31.3928805341,-4.7865343094,Vz,Surface,m s$^{-1}$,-0.3310543791,0.0000222190,-0.0000242750,-0.0000464940,4
2011-05-04 02:00:00,Middle,681,681,159.0961703993,-31.3928805341,-4.7865343094,Vz,Surface,m s$^{-1}$,-0.3846168163,0.0000166191,-0.0000524038,-0.0000690229,4
2011-05-04 03:00:00,Middle,681,681,159.0961703993,-31.3928805341,-4.7865343094,Vz,Surface,m s$^{-1}$,-0.4610882496,0.0000168314,-0.0000739804,-0.0000908118,4
2011-05-04 04:00:00,Middle,681,681,159.0961703993,-31.3928805341,-4.7865343094,Vz,Surface,m s$^{-1}$,-0.5266024140,0.0000237948,-0.0000756169,-0.0000994118,4
2011-05-04 05:00:00,Middle,681,681,159.0961703993,-31.3928805341,-4.7865343094,Vz,Surface,m s$^{-1}$,-0.5757738018,0.0000334165,-0.0000608590,-0.0000942756,4
2011-05-04 06:00:00,Middle,681,681,159.0961703993,-31.3928805341,-4.7865343094,Vz,Surface,m s$^{-1}$,-0.6111985437,0.0000399052,-0.0000452477,-0.0000851530,4
2011-05-04 07:00:00,Middle,681,681,159.0961703993,-31.3928805341,-4.7865343094,Vz,Surface,m s$^{-1}$,-0.6063819954,0.0000370357,-0.0000230899,-0.0000601256,4
2011-05-04 08:00:00,Middle,681,681,159.0961703993,-31.3928805341,-4.7865343094,Vz,Surface,m s$^{-1}$,-0.5601176765,0.0000450940,-0.0000175069,-0.0000626009,4
2011-05-04 09:00:00,Middle,681,681,159.0961703993,-31.3928805341,-4.7865343094,Vz,Surface,m s$^{-1}$,-0.4836241312,0.0000442994,-0.0000244670,-0.0000687665,4
2011-05-04 10:00:00,Middle,681,681,159.0961703993,-31.3928805341,-4.7865343094,Vz,Surface,m s$^{-1}$,-0.4019516474,0.0000370136,-0.0000390157,-0.0000760292,4
2011-05-04 11:00:00,Middle,681,681,159.0961703993,-31.3928805341,-4.7865343094,Vz,Surface,m s$^{-1}$,-0.3382014772,0.0000352352,-0.0000529654,-0.0000882006,4
2011-05-04 12:00:00,Middle,681,681,159.0961703993,-31.3928805341,-4.7865343094,Vz,Surface,m s$^{-1}$,-0.3039104947,0.0000376893,-0.0000694621,-0.0001071515,4
2011-05-04 13:00:00,Middle,681,681,159.0961703993,-31.3928805341,-4.7865343094,Vz,Surface,m s$^{-1}$,-0.3048531450,0.0000290391,-0.0000656203,-0.0000946594,4
2011-05-04 14:00:00,Middle,681,681,159.0961703993,-31.3928805341,-4.7865343094,Vz,Surface,m s$^{-1}$,-0.3375291111,0.0000139163,-0.0000549923,-0.0000689086,4
2011-05-04 15:00:00,Middle,681,681,159.0961703993,-31.3928805341,-4.7865343094,Vz,Surface,m s$^{-1}$,-0.3969362513,0.0000081989,-0.0000523249,-0.0000605238,4
2011-05-04 16:00:00,Middle,681,681,159.0961703993,-31.3928805341,-4.7865343094,Vz,Surface,m s$^{-1}$,-0.4558965996,0.0000120514,-0.0000496275,-0.0000616789,4
2011-05-04 17:00:00,Middle,681,681,159.0961703993,-31.3928805341,-4.7865343094,Vz,Surface,m s$^{-1}$,-0.5078438162,0.0000213686,-0.0000465067,-0.0000678753,4
2011-05-04 18:00:00,Middle,681,681,159.0961703993,-31.3928805341,-4.7865343094,Vz,Surface,m s$^{-1}$,-0.5480369296,0.0000256493,-0.0000405966,-0.0000662459,4
2011-05-04 19:00:00,Middle,681,681,159.0961703993,-31.3928805341,-4.7865343094,Vz,Surface,m s$^{-1}$,-0.5644025610,0.0000301268,-0.0000287809,-0.0000589077,4
2011-05-04 20:00:00,Middle,681,681,159.0961703993,-31.3928805341,-4.7865343094,Vz,Surface,m s$^{-1}$,-0.5381328322,0.0000380869,-0.0000138174,-0.0000519043,4
2011-05-04 21:00:00,Middle,681,681,159.0961703993,-31.3928805341,-4.7865343094,Vz,Surface,m s$^{-1}$,-0.4801689039,0.0000420816,-0.0000122608,-0.0000543423,4
2011-05-04 22:00:00,Middle,681,681,159.0961703993,-31.3928805341,-4.7865343094,Vz,Surface,m s$^{-1}$,-0.4184147023,0.0000373743,-0.0000145142,-0.0000518885,4
2011-05-04 23:00:00,Middle,681,681,159.0961703993,-31.3928805341,-4.7865343094,Vz,Surface,m s$^{-1}$,-0.3614110977,0.0000355840,-0.0000177648,-0.0000533488,4
2011-05-05 00:00:00,Middle,681,681,159.0961703993,-31.3928805341,-4.7865343094,Vz,Surface,m s$^{-1}$,-0.3245797563,0.0000304426,-0.0000186729,-0.0000491154,4
2011-05-05 01:00:00,Middle,681,681,159.0961703993,-31.3928805341,-4.7865343094,Vz,Surface,m s$^{-1}$,-0.3238787133,0.0000268265,-0.0000247706,-0.0000515971,4
2011-05-05 02:00:00,Middle,681,681,159.0961703993,-31.3928805341,-4.7865343094,Vz,Surface,m s$^{-1}$,-0.3562404583,0.0000225053,-0.0000359563,-0.0000584615,4
2011-05-05 03:00:00,Middle,681,681,159.0961703993,-31.3928805341,-4.7865343094,Vz,Surface,m s$^{-1}$,-0.4148252519,0.0000183914,-0.0000452237,-0.0000636152,4
2011-05-05 04:00:00,Middle,681,681,159.0961703993,-31.3928805341,-4.7865343094,Vz,Surface,m s$^{-1}$,-0.4880506297,0.0000200022,-0.0000530314,-0.0000730336,4
2011-05-05 05:00:00,Middle,681,681,159.0961703993,-31.3928805341,-4.7865343094,Vz,Surface,m s$^{-1}$,-0.5557174343,0.0000295472,-0.0000504098,-0.0000799571,4
2011-05-05 06:00:00,Middle,681,681,159.0961703993,-31.3928805341,-4.7865343094,Vz,Surface,m s$^{-1}$,-0.6033859274,0.0000372110,-0.0000409195,-0.0000781306,4
2011-05-05 07:00:00,Middle,681,681,159.0961703993,-31.3928805341,-4.7865343094,Vz,Surface,m s$^{-1}$,-0.6245174669,0.0000449245,-0.0000228662,-0.0000677907,4
2011-05-05 08:00:00,Middle,681,681,159.0961703993,-31.3928805341,-4.7865343094,Vz,Surface,m s$^{-1}$,-0.6032091751,0.0000383678,-0.0000055079,-0.0000438758,4
2011-05-05 09:00:00,Middle,681,681,159.0961703993,-31.3928805341,-4.7865343094,Vz,Surface,m s$^{-1}$,-0.5589616903,0.0000419698,0.0000006039,-0.0000413659,4
2011-05-05 10:00:00,Middle,681,681,159.0961703993,-31.3928805341,-4.7865343094,Vz,Surface,m s$^{-1}$,-0.4819514433,0.0000457718,0.0000002000,-0.0000455718,4
2011-05-05 11:00:00,Middle,681,681,159.0961703993,-31.3928805341,-4.7865343094,Vz,Surface,m s$^{-1}$,-0.4018821034,0.0000351858,0.0000013311,-0.0000338547,4
2011-05-05 12:00:00,Middle,681,681,159.0961703993,-31.3928805341,-4.7865343094,Vz,Surface,m s$^{-1}$,-0.3392506768,0.0000331808,0.0000067037,-0.0000264771,4
2011-05-05 13:00:00,Middle,681,681,159.0961703993,-31.3928805341,-4.7865343094,Vz,Surface,m s$^{-1}$,-0.3051470139,0.0000333373,0.0000090490,-0.0000242883,4
2011-05-05 14:00:00,Middle,681,681,159.0961703993,-31.3928805341,-4.7865343094,Vz,Surface,m s$^{-1}$,-0.3023244992,0.0000280951,0.0000046935,-0.0000234016,4
2011-05-05 15:00:00,Middle,681,681,159.0961703993,-31.3928805341,-4.7865343094,Vz,Surface,m s$^{-1}$,-0.3430796744,0.0000223329,-0.0000133247,-0.0000356576,4
2011-05-05 16:00:00,Middle,681,681,159.0961703993,-31.3928805341,-4.7865343094,Vz,Surface,m s$^{-1}$,-0.4118940434,0.0000162905,-0.0000258689,-0.0000421594,4
2011-05-05 17:00:00,Middle,681,681,159.0961703993,-31.3928805341,-4.7865343094,Vz,Surface,m s$^{-1}$,-0.4732879100,0.0000210127,-0.0000285953,-0.0000496080,4
2011-05-05 18:00:00,Middle,681,681,159.0961703993,-31.3928805341,-4.7865343094,Vz,Surface,m s$^{-1}$,-0.5246039246,0.0000305000,-0.0000305470,-0.0000610469,4
2011-05-05 19:00:00,Middle,681,681,159.0961703993,-31.3928805341,-4.7865343094,Vz,Surface,m s$^{-1}$,-0.5583257323,0.0000343462,-0.0000211498,-0.0000554960,4
2011-05-05 20:00:00,Middle,681,681,159.0961703993,-31.3928805341,-4.7865343094,Vz,Surface,m s$^{-1}$,-0.5547357489,0.0000350544,-0.0000040419,-0.0000390962,4
2011-05-05 21:00:00,Middle,681,681,159.0961703993,-31.3928805341,-4.7865343094,Vz,Surface,m s$^{-1}$,-0.5159517681,0.0000406992,0.0000033704,-0.0000373288,4
2011-05-05 22:00:00,Middle,681,681,159.0961703993,-31.3928805341,-4.7865343094,Vz,Surface,m s$^{-1}$,-0.4505655399,0.0000416723,0.0000045003,-0.0000371719,4
2011-05-05 23:00:00,Middle,681,681,159.0961703993,-31.3928805341,-4.7865343094,Vz,Surface,m s$^{-1}$,-0.3858263439,0.0000364110,0.0000105325,-0.0000258785,4
2011-05-06 00:00:00,Middle,681,681,159.0961703993,-31.3928805341,-4.7865343094,Vz,Surface,m s$^{-1}$,-0.3313320016,0.0000330040,0.0000154202,-0.0000175838,4
2011-05-06 01:00:00,Middle,681,681,159.0961703993,-31.3928805341,-4.7865343094,Vz,Surface,m s$^{-1}$,-0.2927545445,0.0000331741,0.0000166234,-0.0000165508,4
2011-05-06 02:00:00,Middle,681,681,159.0961703993,-31.3928805341,-4.7865343094,Vz,Surface,m s$^{-1}$,-0.3011280672,0.0000261396,0.0000089330,-0.0000172065,4
2011-05-06 03:00:00,Middle,681,681,159.0961703993,-31.3928805341,-4.7865343094,Vz,Surface,m s$^{-1}$,-0.3507460557,0.0000207475,-0.0000076925,-0.0000284400,4
2011-05-06 04:00:00,Middle,681,681,159.0961703993,-31.3928805341,-4.7865343094,Vz,Surface,m s$^{-1}$,-0.4224540296,0.0000200213,-0.0000173965,-0.0000374178,4
2011-05-06 05:00:00,Middle,681,681,159.0961703993,-31.3928805341,-4.7865343094,Vz,Surface,m s$^{-1}$,-0.5039663796,0.0000249470,-0.0000270458,-0.0000519928,4
2011-05-06 06:00:00,Middle,681,681,159.0961703993,-31.3928805341,-4.7865343094,Vz,Surface,m s$^{-1}$,-0.5840670442,0.0000358934,-0.0000282618,-0.0000641552,4
2011-05-06 07:00:00,Middle,681,681,159.0961703993,-31.3928805341,-4.7865343094,Vz,Surface,m s$^{-1}$,-0.6256597145,0.0000420247,-0.0000161919,-0.0000582166,4
2011-05-06 08:00:00,Middle,681,681,159.0961703993,-31.3928805341,-4.7865343094,Vz,Surface,m s$^{-1}$,-0.6420645721,0.0000426769,-0.0000041755,-0.0000468523,4
2011-05-06 09:00:00,Middle,681,681,159.0961703993,-31.3928805341,-4.7865343094,Vz,Surface,m s$^{-1}$,-0.6079261791,0.0000414415,0.0000101823,-0.0000312592,4
2011-05-06 10:00:00,Middle,681,681,159.0961703993,-31.3928805341,-4.7865343094,Vz,Surface,m s$^{-1}$,-0.5311345854,0.0000493777,0.0000197341,-0.0000296437,4
2011-05-06 11:00:00,Middle,681,681,159.0961703993,-31.3928805341,-4.7865343094,Vz,Surface,m s$^{-1}$,-0.4495937189,0.0000366748,0.0000189716,-0.0000177031,4
2011-05-06 12:00:00,Middle,681,681,159.0961703993,-31.3928805341,-4.7865343094,Vz,Surface,m s$^{-1}$,-0.3640019297,0.0000336242,0.0000214097,-0.0000122145,4
2011-05-06 13:00:00,Middle,681,681,159.0961703993,-31.3928805341,-4.7865343094,Vz,Surface,m s$^{-1}$,-0.2952701785,0.0000323026,0.0000228318,-0.0000094708,4
2011-05-06 14:00:00,Middle,681,681,159.0961703993,-31.3928805341,-4.7865343094,Vz,Surface,m s$^{-1}$,-0.2732709363,0.0000317378,0.0000220156,-0.0000097222,4
2011-05-06 15:00:00,Middle,681,681,159.0961703993,-31.3928805341,-4.7865343094,Vz,Surface,m s$^{-1}$,-0.2861390164,0.0000257462,0.0000086707,-0.0000170755,4
2011-05-06 16:00:00,Middle,681,681,159.0961703993,-31.3928805341,-4.7865343094,Vz,Surface,m s$^{-1}$,-0.3409274728,0.0000229041,-0.0000051986,-0.0000281026,4
2011-05-06 17:00:00,Middle,681,681,159.0961703993,-31.3928805341,-4.7865343094,Vz,Surface,m s$^{-1}$,-0.4093834877,0.0000181390,-0.0000118484,-0.0000299874,4
2011-05-06 18:00:00,Middle,681,681,159.0961703993,-31.3928805341,-4.7865343094,Vz,Surface,m s$^{-1}$,-0.4717267995,0.0000281365,-0.0000118989,-0.0000400354,4
2011-05-06 19:00:00,Middle,681,681,159.0961703993,-31.3928805341,-4.7865343094,Vz,Surface,m s$^{-1}$,-0.5304581499,0.0000330974,-0.0000175999,-0.0000506973,4
2011-05-06 20:00:00,Middle,681,681,159.0961703993,-31.3928805341,-4.7865343094,Vz,Surface,m s$^{-1}$,-0.5687324464,0.0000386382,-0.0000096321,-0.0000482703,4
2011-05-06 21:00:00,Middle,681,681,159.0961703993,-31.3928805341,-4.7865343094,Vz,Surface,m s$^{-1}$,-0.5552753509,0.0000372834,0.0000054698,-0.0000318135,4
2011-05-06 22:00:00,Middle,681,681,159.0961703993,-31.3928805341,-4.7865343094,Vz,Surface,m s$^{-1}$,-0.4989204407,0.0000440222,0.0000156119,-0.0000284103,4
2011-05-06 23:00:00,Middle,681,681,159.0961703993,-31.3928805341,-4.7865343094,Vz,Surface,m s$^{-1}$,-0.4275087079,0.0000381920,0.0000171925,-0.0000209995,4
2011-05-07 00:00:00,Middle,681,681,159.0961703993,-31.3928805341,-4.7865343094,Vz,Surface,m s$^{-1}$,-0.3519982226,0.0000331399,0.0000193284,-0.0000138116,4
2011-05-01 01:00:00,Middle,681,681,159.0961703993,-31.3928805341,-4.7865343094,Water level,2D,m,,0.0348701477,0.0169820967,-0.0178880510,4
2011-05-01 02:00:00,Middle,681,681,159.0961703993,-31.3928805341,-4.7865343094,Water level,2D,m,,-0.0875878334,-0.0493342667,0.0382535668,4
2011-05-01 03:00:00,Middle,681,681,159.0961703993,-31.3928805341,-4.7865343094,Water level,2D,m,,-0.0751743317,-0.0918484224,-0.0166740907,4
2011-05-01 04:00:00,Middle,681,681,159.0961703993,-31.3928805341,-4.7865343094,Water level,2D,m,,-0.1040539742,-0.1031618471,0.0008921270,4
2011-05-01 05:00:00,Middle,681,681,159.0961703993,-31.3928805341,-4.7865343094,Water level,2D,m,,-0.0785050392,-0.0605411034,0.0179639358,4
2011-05-01 06:00:00,Middle,681,681,159.0961703993,-31.3928805341,-4.7865343094,Water level,2D,m,,-0.0170407295,-0.0098749411,0.0071657885,4
2011-05-01 07:00:00,Middle,681,681,159.0961703993,-31.3928805341,-4.7865343094,Water level,2D,m,,0.0422935486,0.0571973536,0.0149038050,4
2011-05-01 08:00:00,Middle,681,681,159.0961703993,-31.3928805341,-4.7865343094,Water level,2D,m,,0.1003718376,0.1165476987,0.0161758611,4
2011-05-01 09:00:00,Middle,681,681,159.0961703993,-31.3928805341,-4.7865343094,Water level,2D,m,,0.1420183182,0.1628516574,0.0208333393,4
2011-05-01 10:00:00,Middle,681,681,159.0961703993,-31.3928805341,-4.7865343094,Water level,2D,m,,0.1512150764,0.1797419563,0.0285268798,4
2011-05-01 11:00:00,Middle,681,681,159.0961703993,-31.3928805341,-4.7865343094,Water level,2D,m,,0.1415977478,0.1729675871,0.0313698393,4
2011-05-01 12:00:00,Middle,681,681,159.0961703993,-31.3928805341,-4.7865343094,Water level,2D,m,,0.0956821442,0.1350526514,0.0393705072,4
2011-05-01 13:00:00,Middle,681,681,159.0961703993,-31.3928805341,-4.7865343094,Water level,2D,m,,0.0314955711,0.0777688636,0.0462732924,4
2011-05-01 14:00:00,Middle,681,681,159.0961703993,-31.3928805341,-4.7865343094,Water level,2D,m,,-0.0170021057,0.0245283033,0.0415304090,4
2011-05-01 15:00:00,Middle,681,681,159.0961703993,-31.3928805341,-4.7865343094,Water level,2D,m,,-0.0582175255,-0.0174996029,0.0407179226,4
2011-05-01 16:00:00,Middle,681,681,159.0961703993,-31.3928805341,-4.7865343094,Water level,2D,m,,-0.0710301399,-0.0367090556,0.0343210843,4
2011-05-01 17:00:00,Middle,681,681,159.0961703993,-31.3928805341,-4.7865343094,Water level,2D,m,,-0.0589766502,-0.0283119768,0.0306646734,4
2011-05-01 18:00:00,Middle,681,681,159.0961703993,-31.3928805341,-4.7865343094,Water level,2D,m,,-0.0146374702,0.0130621739,0.0276996441,4
2011-05-01 19:00:00,Middle,681,681,159.0961703993,-31.3928805341,-4.7865343094,Water level,2D,m,,0.0515232086,0.0742555320,0.0227323234,4
2011-05-01 20:00:00,Middle,681,681,159.0961703993,-31.3928805341,-4.7865343094,Water level,2D,m,,0.1061081886,0.1313076599,0.0251994713,4
2011-05-01 21:00:00,Middle,681,681,159.0961703993,-31.3928805341,-4.7865343094,Water level,2D,m,,0.1597676277,0.1829627121,0.0231950844,4
2011-05-01 22:00:00,Middle,681,681,159.0961703993,-31.3928805341,-4.7865343094,Water level,2D,m,,0.1788783073,0.2097357301,0.0308574228,4
2011-05-01 23:00:00,Middle,681,681,159.0961703993,-31.3928805341,-4.7865343094,Water level,2D,m,,0.1613373756,0.1976867899,0.0363494142,4
2011-05-02 00:00:00,Middle,681,681,159.0961703993,-31.3928805341,-4.7865343094,Water level,2D,m,,0.1113281250,0.1543877514,0.0430596264,4
2011-05-02 01:00:00,Middle,681,681,159.0961703993,-31.3928805341,-4.7865343094,Water level,2D,m,,0.0432567596,0.0918647673,0.0486080077,4
2011-05-02 02:00:00,Middle,681,681,159.0961703993,-31.3928805341,-4.7865343094,Water level,2D,m,,-0.0203576088,0.0275847647,0.0479423735,4
2011-05-02 03:00:00,Middle,681,681,159.0961703993,-31.3928805341,-4.7865343094,Water level,2D,m,,-0.0681738853,-0.0249946010,0.0431792843,4
2011-05-02 04:00:00,Middle,681,681,159.0961703993,-31.3928805341,-4.7865343094,Water level,2D,m,,-0.1017580032,-0.0619145999,0.0398434033,4
2011-05-02 05:00:00,Middle,681,681,159.0961703993,-31.3928805341,-4.7865343094,Water level,2D,m,,-0.1017670631,-0.0698091664,0.0319578967,4
2011-05-02 06:00:00,Middle,681,681,159.0961703993,-31.3928805341,-4.7865343094,Water level,2D,m,,-0.0731191635,-0.0439461109,0.0291730526,4
2011-05-02 07:00:00,Middle,681,681,159.0961703993,-31.3928805341,-4.7865343094,Water level,2D,m,,-0.0140357018,0.0108344409,0.0248701427,4
2011-05-02 08:00:00,Middle,681,681,159.0961703993,-31.3928805341,-4.7865343094,Water level,2D,m,,0.0574693680,0.0780086803,0.0205393123,4
2011-05-02 09:00:00,Middle,681,681,159.0961703993,-31.3928805341,-4.7865343094,Water level,2D,m,,0.1174230576,0.1400527695,0.0226297120,4
2011-05-02 10:00:00,Middle,681,681,159.0961703993,-31.3928805341,-4.7865343094,Water level,2D,m,,0.1585025787,0.1846647717,0.0261621930,4
2011-05-02 11:00:00,Middle,681,681,159.0961703993,-31.3928805341,-4.7865343094,Water level,2D,m,,0.1696271896,0.2011084240,0.0314812344,4
2011-05-02 12:00:00,Middle,681,681,159.0961703993,-31.3928805341,-4.7865343094,Water level,2D,m,,0.1501178741,0.1864126351,0.0362947610,4
2011-05-02 13:00:00,Middle,681,681,159.0961703993,-31.3928805341,-4.7865343094,Water level,2D,m,,0.1022648811,0.1450031249,0.0427382438,4
2011-05-02 14:00:00,Middle,681,681,159.0961703993,-31.3928805341,-4.7865343094,Water level,2D,m,,0.0406303406,0.0882430810,0.0476127404,4
2011-05-02 15:00:00,Middle,681,681,159.0961703993,-31.3928805341,-4.7865343094,Water level,2D,m,,-0.0099911690,0.0345040518,0.0444952207,4
2011-05-02 16:00:00,Middle,681,681,159.0961703993,-31.3928805341,-4.7865343094,Water level,2D,m,,-0.0410466194,-0.0018015036,0.0392451158,4
2011-05-02 17:00:00,Middle,681,681,159.0961703993,-31.3928805341,-4.7865343094,Water level,2D,m,,-0.0600447655,-0.0232851237,0.0367596418,4
2011-05-02 18:00:00,Middle,681,681,159.0961703993,-31.3928805341,-4.7865343094,Water level,2D,m,,-0.0453343391,-0.0135370636,0.0317972755,4
2011-05-02 19:00:00,Middle,681,681,159.0961703993,-31.3928805341,-4.7865343094,Water level,2D,m,,0.0083847046,0.0339181535,0.0255334489,4
2011-05-02 20:00:00,Middle,681,681,159.0961703993,-31.3928805341,-4.7865343094,Water level,2D,m,,0.0661892891,0.0924863329,0.0262970438,4
2011-05-02 21:00:00,Middle,681,681,159.0961703993,-31.3928805341,-4.7865343094,Water level,2D,m,,0.1278734207,0.1503342716,0.0224608509,4
2011-05-02 22:00:00,Middle,681,681,159.0961703993,-31.3928805341,-4.7865343094,Water level,2D,m,,0.1683411598,0.1958594286,0.0275182688,4
2011-05-02 23:00:00,Middle,681,681,159.0961703993,-31.3928805341,-4.7865343094,Water level,2D,m,,0.1789216995,0.2114750165,0.0325533169,4
2011-05-03 00:00:00,Middle,681,681,159.0961703993,-31.3928805341,-4.7865343094,Water level,2D,m,,0.1512913704,0.1895148676,0.0382234972,4
2011-05-03 01:00:00,Middle,681,681,159.0961703993,-31.3928805341,-4.7865343094,Water level,2D,m,,0.0995635986,0.1435919676,0.0440283690,4
2011-05-03 02:00:00,Middle,681,681,159.0961703993,-31.3928805341,-4.7865343094,Water level,2D,m,,0.0328683853,0.0818514818,0.0489830965,4
2011-05-03 03:00:00,Middle,681,681,159.0961703993,-31.3928805341,-4.7865343094,Water level,2D,m,,-0.0319948196,0.0175758243,0.0495706439,4
2011-05-03 04:00:00,Middle,681,681,159.0961703993,-31.3928805341,-4.7865343094,Water level,2D,m,,-0.0786504745,-0.0351638563,0.0434866183,4
2011-05-03 05:00:00,Middle,681,681,159.0961703993,-31.3928805341,-4.7865343094,Water level,2D,m,,-0.1217074394,-0.0784586879,0.0432487516,4
2011-05-03 06:00:00,Middle,681,681,159.0961703993,-31.3928805341,-4.7865343094,Water level,2D,m,,-0.1155490875,-0.0838856735,0.0316634140,4
2011-05-03 07:00:00,Middle,681,681,159.0961703993,-31.3928805341,-4.7865343094,Water level,2D,m,,-0.0715198517,-0.0452294821,0.0262903696,4
2011-05-03 08:00:00,Middle,681,681,159.0961703993,-31.3928805341,-4.7865343094,Water level,2D,m,,-0.0154781342,0.0115539981,0.0270321323,4
2011-05-03 09:00:00,Middle,681,681,159.0961703993,-31.3928805341,-4.7865343094,Water level,2D,m,,0.0664663315,0.0835222582,0.0170559267,4
2011-05-03 10:00:00,Middle,681,681,159.0961703993,-31.3928805341,-4.7865343094,Water level,2D,m,,0.1289982796,0.1510058126,0.0220075330,4
2011-05-03 11:00:00,Middle,681,681,159.0961703993,-31.3928805341,-4.7865343094,Water level,2D,m,,0.1668920517,0.1945283721,0.0276363204,4
2011-05-03 12:00:00,Middle,681,681,159.0961703993,-31.3928805341,-4.7865343094,Water level,2D,m,,0.1717925072,0.2041438556,0.0323513485,4
2011-05-03 13:00:00,Middle,681,681,159.0961703993,-31.3928805341,-4.7865343094,Water level,2D,m,,0.1386184692,0.1789791225,0.0403606532,4
2011-05-03 14:00:00,Middle,681,681,159.0961703993,-31.3928805341,-4.7865343094,Water level,2D,m,,0.0929002762,0.1350794384,0.0421791622,4
2011-05-03 15:00:00,Middle,681,681,159.0961703993,-31.3928805341,-4.7865343094,Water level,2D,m,,0.0305423737,0.0791238315,0.0485814578,4
2011-05-03 16:00:00,Middle,681,681,159.0961703993,-31.3928805341,-4.7865343094,Water level,2D,m,,-0.0195808411,0.0252570641,0.0448379052,4
2011-05-03 17:00:00,Middle,681,681,159.0961703993,-31.3928805341,-4.7865343094,Water level,2D,m,,-0.0598607063,-0.0174231232,0.0424375832,4
2011-05-03 18:00:00,Middle,681,681,159.0961703993,-31.3928805341,-4.7865343094,Water level,2D,m,,-0.0644030571,-0.0299052300,0.0344978271,4
2011-05-03 19:00:00,Middle,681,681,159.0961703993,-31.3928805341,-4.7865343094,Water level,2D,m,,-0.0397281647,-0.0098479549,0.0298802097,4
2011-05-03 20:00:00,Middle,681,681,159.0961703993,-31.3928805341,-4.7865343094,Water level,2D,m,,0.0036487579,0.0334996766,0.0298509187,4
2011-05-03 21:00:00,Middle,681,681,159.0961703993,-31.3928805341,-4.7865343094,Water level,2D,m,,0.0789070129,0.0986562017,0.0197491887,4
2011-05-03 22:00:00,Middle,681,681,159.0961703993,-31.3928805341,-4.7865343094,Water level,2D,m,,0.1365275383,0.1610667980,0.0245392597,4
2011-05-03 23:00:00,Middle,681,681,159.0961703993,-31.3928805341,-4.7865343094,Water level,2D,m,,0.1784415245,0.2052417065,0.0268001820,4
2011-05-04 00:00:00,Middle,681,681,159.0961703993,-31.3928805341,-4.7865343094,Water level,2D,m,,0.1802382469,0.2140667975,0.0338285505,4
2011-05-04 01:00:00,Middle,681,681,159.0961703993,-31.3928805341,-4.7865343094,Water level,2D,m,,0.1495156288,0.1883756130,0.0388599842,4
2011-05-04 02:00:00,Middle,681,681,159.0961703993,-31.3928805341,-4.7865343094,Water level,2D,m,,0.0930414200,0.1377249474,0.0446835274,4
2011-05-04 03:00:00,Middle,681,681,159.0961703993,-31.3928805341,-4.7865343094,Water level,2D,m,,0.0119047165,0.0659187844,0.0540140679,4
2011-05-04 04:00:00,Middle,681,681,159.0961703993,-31.3928805341,-4.7865343094,Water level,2D,m,,-0.0507621765,-0.0024426515,0.0483195250,4
2011-05-04 05:00:00,Middle,681,681,159.0961703993,-31.3928805341,-4.7865343094,Water level,2D,m,,-0.0978903770,-0.0536572267,0.0442331504,4
2011-05-04 06:00:00,Middle,681,681,159.0961703993,-31.3928805341,-4.7865343094,Water level,2D,m,,-0.1325097084,-0.0898873790,0.0426223294,4
2011-05-04 07:00:00,Middle,681,681,159.0961703993,-31.3928805341,-4.7865343094,Water level,2D,m,,-0.1225337982,-0.0902301926,0.0323036056,4
2011-05-04 08:00:00,Middle,681,681,159.0961703993,-31.3928805341,-4.7865343094,Water level,2D,m,,-0.0737218857,-0.0465134673,0.0272084184,4
2011-05-04 09:00:00,Middle,681,681,159.0961703993,-31.3928805341,-4.7865343094,Water level,2D,m,,0.0063652992,0.0263864384,0.0200211392,4
2011-05-04 10:00:00,Middle,681,681,159.0961703993,-31.3928805341,-4.7865343094,Water level,2D,m,,0.0895142555,0.1065824497,0.0170681941,4
2011-05-04 11:00:00,Middle,681,681,159.0961703993,-31.3928805341,-4.7865343094,Water level,2D,m,,0.1497130394,0.1738840061,0.0241709667,4
2011-05-04 12:00:00,Middle,681,681,159.0961703993,-31.3928805341,-4.7865343094,Water level,2D,m,,0.1824975014,0.2096815092,0.0271840079,4
2011-05-04 13:00:00,Middle,681,681,159.0961703993,-31.3928805341,-4.7865343094,Water level,2D,m,,0.1775884628,0.2127052472,0.0351167844,4
2011-05-04 14:00:00,Middle,681,681,159.0961703993,-31.3928805341,-4.7865343094,Water level,2D,m,,0.1423983574,0.1825434204,0.0401450630,4
2011-05-04 15:00:00,Middle,681,681,159.0961703993,-31.3928805341,-4.7865343094,Water level,2D,m,,0.0788054466,0.1273220508,0.0485166042,4
2011-05-04 16:00:00,Middle,681,681,159.0961703993,-31.3928805341,-4.7865343094,Water level,2D,m,,0.0201406479,0.0680661529,0.0479255050,4
2011-05-04 17:00:00,Middle,681,681,159.0961703993,-31.3928805341,-4.7865343094,Water level,2D,m,,-0.0313429832,0.0156553509,0.0469983342,4
2011-05-04 18:00:00,Middle,681,681,159.0961703993,-31.3928805341,-4.7865343094,Water level,2D,m,,-0.0700674057,-0.0260064535,0.0440609522,4
2011-05-04 19:00:00,Middle,681,681,159.0961703993,-31.3928805341,-4.7865343094,Water level,2D,m,,-0.0836148262,-0.0451902959,0.0384245303,4
2011-05-04 20:00:00,Middle,681,681,159.0961703993,-31.3928805341,-4.7865343094,Water level,2D,m,,-0.0535454750,-0.0227201895,0.0308252856,4
2011-05-04 21:00:00,Middle,681,681,159.0961703993,-31.3928805341,-4.7865343094,Water level,2D,m,,0.0060477257,0.0336144665,0.0275667408,4
2011-05-04 22:00:00,Middle,681,681,159.0961703993,-31.3928805341,-4.7865343094,Water level,2D,m,,0.0684561729,0.0947144226,0.0262582496,4
2011-05-04 23:00:00,Middle,681,681,159.0961703993,-31.3928805341,-4.7865343094,Water level,2D,m,,0.1259779930,0.1511998116,0.0252218186,4
2011-05-05 00:00:00,Middle,681,681,159.0961703993,-31.3928805341,-4.7865343094,Water level,2D,m,,0.1608352661,0.1900052213,0.0291699551,4
2011-05-05 01:00:00,Middle,681,681,159.0961703993,-31.3928805341,-4.7865343094,Water level,2D,m,,0.1577243805,0.1945181930,0.0367938125,4
2011-05-05 02:00:00,Middle,681,681,159.0961703993,-31.3928805341,-4.7865343094,Water level,2D,m,,0.1230096817,0.1645094018,0.0414997201,4
2011-05-05 03:00:00,Middle,681,681,159.0961703993,-31.3928805341,-4.7865343094,Water level,2D,m,,0.0598082542,0.1105412420,0.0507329877,4
2011-05-05 04:00:00,Middle,681,681,159.0961703993,-31.3928805341,-4.7865343094,Water level,2D,m,,-0.0158824921,0.0397812327,0.0556637248,4
2011-05-05 05:00:00,Middle,681,681,159.0961703993,-31.3928805341,-4.7865343094,Water level,2D,m,,-0.0830421448,-0.0283927238,0.0546494210,4
2011-05-05 06:00:00,Middle,681,681,159.0961703993,-31.3928805341,-4.7865343094,Water level,2D,m,,-0.1270456314,-0.0797262234,0.0473194080,4
2011-05-05 07:00:00,Middle,681,681,159.0961703993,-31.3928805341,-4.7865343094,Water level,2D,m,,-0.1460380554,-0.1029968784,0.0430411771,4
2011-05-05 08:00:00,Middle,681,681,159.0961703993,-31.3928805341,-4.7865343094,Water level,2D,m,,-0.1194047928,-0.0870135573,0.0323912355,4
2011-05-05 09:00:00,Middle,681,681,159.0961703993,-31.3928805341,-4.7865343094,Water level,2D,m,,-0.0759906769,-0.0419327036,0.0340579733,4
2011-05-05 10:00:00,Middle,681,681,159.0961703993,-31.3928805341,-4.7865343094,Water level,2D,m,,0.0072236061,0.0288735073,0.0216499012,4
2011-05-05 11:00:00,Middle,681,681,159.0961703993,-31.3928805341,-4.7865343094,Water level,2D,m,,0.0877938271,0.1084419662,0.0206481392,4
2011-05-05 12:00:00,Middle,681,681,159.0961703993,-31.3928805341,-4.7865343094,Water level,2D,m,,0.1476244926,0.1738741538,0.0262496611,4
2011-05-05 13:00:00,Middle,681,681,159.0961703993,-31.3928805341,-4.7865343094,Water level,2D,m,,0.1791858673,0.2105201049,0.0313342376,4
2011-05-05 14:00:00,Middle,681,681,159.0961703993,-31.3928805341,-4.7865343094,Water level,2D,m,,0.1788930893,0.2164579123,0.0375648230,4
2011-05-05 15:00:00,Middle,681,681,159.0961703993,-31.3928805341,-4.7865343094,Water level,2D,m,,0.1335153580,0.1803252933,0.0468099353,4
2011-05-05 16:00:00,Middle,681,681,159.0961703993,-31.3928805341,-4.7865343094,Water level,2D,m,,0.0600123405,0.1161995727,0.0561872322,4
2011-05-05 17:00:00,Middle,681,681,159.0961703993,-31.3928805341,-4.7865343094,Water level,2D,m,,0.0009140968,0.0525100831,0.0515959863,4
2011-05-05 18:00:00,Middle,681,681,159.0961703993,-31.3928805341,-4.7865343094,Water level,2D,m,,-0.0499072075,0.0006993582,0.0506065657,4
2011-05-05 19:00:00,Middle,681,681,159.0961703993,-31.3928805341,-4.7865343094,Water level,2D,m,,-0.0815224648,-0.0351289999,0.0463934649,4
2011-05-05 20:00:00,Middle,681,681,159.0961703993,-31.3928805341,-4.7865343094,Water level,2D,m,,-0.0736970901,-0.0357744077,0.0379226825,4
2011-05-05 21:00:00,Middle,681,681,159.0961703993,-31.3928805341,-4.7865343094,Water level,2D,m,,-0.0327372551,0.0008337188,0.0335709739,4
2011-05-05 22:00:00,Middle,681,681,159.0961703993,-31.3928805341,-4.7865343094,Water level,2D,m,,0.0348715782,0.0639973420,0.0291257638,4
2011-05-05 23:00:00,Middle,681,681,159.0961703993,-31.3928805341,-4.7865343094,Water level,2D,m,,0.1002578735,0.1280894386,0.0278315651,4
2011-05-06 00:00:00,Middle,681,681,159.0961703993,-31.3928805341,-4.7865343094,Water level,2D,m,,0.1534519196,0.1838840772,0.0304321577,4
2011-05-06 01:00:00,Middle,681,681,159.0961703993,-31.3928805341,-4.7865343094,Water level,2D,m,,0.1915426254,0.2229482855,0.0314056601,4
2011-05-06 02:00:00,Middle,681,681,159.0961703993,-31.3928805341,-4.7865343094,Water level,2D,m,,0.1771707535,0.2205731122,0.0434023587,4
2011-05-06 03:00:00,Middle,681,681,159.0961703993,-31.3928805341,-4.7865343094,Water level,2D,m,,0.1242241859,0.1742837026,0.0500595166,4
2011-05-06 04:00:00,Middle,681,681,159.0961703993,-31.3928805341,-4.7865343094,Water level,2D,m,,0.0480685234,0.1070234173,0.0589548939,4
2011-05-06 05:00:00,Middle,681,681,159.0961703993,-31.3928805341,-4.7865343094,Water level,2D,m,,-0.0341463089,0.0262135497,0.0603598586,4
2011-05-06 06:00:00,Middle,681,681,159.0961703993,-31.3928805341,-4.7865343094,Water level,2D,m,,-0.1143460274,-0.0537880610,0.0605579663,4
2011-05-06 07:00:00,Middle,681,681,159.0961703993,-31.3928805341,-4.7865343094,Water level,2D,m,,-0.1489419937,-0.1023774354,0.0465645584,4
2011-05-06 08:00:00,Middle,681,681,159.0961703993,-31.3928805341,-4.7865343094,Water level,2D,m,,-0.1642045975,-0.1199245468,0.0442800507,4
2011-05-06 09:00:00,Middle,681,681,159.0961703993,-31.3928805341,-4.7865343094,Water level,2D,m,,-0.1247687340,-0.0910836242,0.0336851097,4
2011-05-06 10:00:00,Middle,681,681,159.0961703993,-31.3928805341,-4.7865343094,Water level,2D,m,,-0.0437784195,-0.0184907512,0.0252876683,4
2011-05-06 11:00:00,Middle,681,681,159.0961703993,-31.3928805341,-4.7865343094,Water level,2D,m,,0.0384502411,0.0623623212,0.0239120801,4
2011-05-06 12:00:00,Middle,681,681,159.0961703993,-31.3928805341,-4.7865343094,Water level,2D,m,,0.1253166199,0.1466795208,0.0213629009,4
2011-05-06 13:00:00,Middle,681,681,159.0961703993,-31.3928805341,-4.7865343094,Water level,2D,m,,0.1914267540,0.2180328890,0.0266061350,4
2011-05-06 14:00:00,Middle,681,681,159.0961703993,-31.3928805341,-4.7865343094,Water level,2D,m,,0.2069630623,0.2464950652,0.0395320029,4
2011-05-06 15:00:00,Middle,681,681,159.0961703993,-31.3928805341,-4.7865343094,Water level,2D,m,,0.1924142838,0.2353076834,0.0428933997,4
2011-05-06 16:00:00,Middle,681,681,159.0961703993,-31.3928805341,-4.7865343094,Water level,2D,m,,0.1314244270,0.1867206274,0.0552962004,4
2011-05-06 17:00:00,Middle,681,681,159.0961703993,-31.3928805341,-4.7865343094,Water level,2D,m,,0.0617070198,0.1195260048,0.0578189850,4
2011-05-06 18:00:00,Middle,681,681,159.0961703993,-31.3928805341,-4.7865343094,Water level,2D,m,,0.0006680489,0.0558783521,0.0552103033,4
2011-05-06 19:00:00,Middle,681,681,159.0961703993,-31.3928805341,-4.7865343094,Water level,2D,m,,-0.0585618019,-0.0023544979,0.0562073040,4
2011-05-06 20:00:00,Middle,681,681,159.0961703993,-31.3928805341,-4.7865343094,Water level,2D,m,,-0.0938744545,-0.0435904383,0.0502840162,4
2011-05-06 21:00:00,Middle,681,681,159.0961703993,-31.3928805341,-4.7865343094,Water level,2D,m,,-0.0736241341,-0.0369265678,0.0366975662,4
2011-05-06 22:00:00,Middle,681,681,159.0961703993,-31.3928805341,-4.7865343094,Water level,2D,m,,-0.0149898529,0.0171489715,0.0321388244,4
2011-05-06 23:00:00,Middle,681,681,159.0961703993,-31.3928805341,-4.7865343094,Water level,2D,m,,0.0574302673,0.0875523169,0.0301220496,4
2011-05-07 00:00:00,Middle,681,681,159.0961703993,-31.3928805341,-4.7865343094,Water level,2D,m,,0.1347017288,0.1613018259,0.0266000971,4
