time_aest,location,element_id,tuflow_cell_number,x,y,bed_elevation_m,variable,level,unit,target_z_m,tuflow,schism,schism_minus_tuflow,schism_valid_nodes
2011-05-01 01:00:00,Upper,113,113,159.1259612203,-31.4329771431,-3.9888591766,Salinity,Mid-depth,psu,-1.9445920063,10.0000942040,10.0000000000,-0.0000942040,4
2011-05-01 02:00:00,Upper,113,113,159.1259612203,-31.4329771431,-3.9888591766,Salinity,Mid-depth,psu,-2.0251089421,9.8409575520,10.0000000000,0.1590424480,4
2011-05-01 03:00:00,Upper,113,113,159.1259612203,-31.4329771431,-3.9888591766,Salinity,Mid-depth,psu,-2.0278679774,9.8919632112,9.9998748807,0.1079116695,4
2011-05-01 04:00:00,Upper,113,113,159.1259612203,-31.4329771431,-3.9888591766,Salinity,Mid-depth,psu,-2.0450220531,9.5545472161,9.9914406456,0.4368934295,4
2011-05-01 05:00:00,Upper,113,113,159.1259612203,-31.4329771431,-3.9888591766,Salinity,Mid-depth,psu,-2.0257286438,9.3249537159,9.9156842597,0.5907305438,4
2011-05-01 06:00:00,Upper,113,113,159.1259612203,-31.4329771431,-3.9888591766,Salinity,Mid-depth,psu,-2.0025266777,8.8972170410,9.5283446014,0.6311275604,4
2011-05-01 07:00:00,Upper,113,113,159.1259612203,-31.4329771431,-3.9888591766,Salinity,Mid-depth,psu,-1.9684411247,8.4833809527,8.7281382782,0.2447573255,4
2011-05-01 08:00:00,Upper,113,113,159.1259612203,-31.4329771431,-3.9888591766,Salinity,Mid-depth,psu,-1.9385963729,8.2378819506,7.5147731996,-0.7231087510,4
2011-05-01 09:00:00,Upper,113,113,159.1259612203,-31.4329771431,-3.9888591766,Salinity,Mid-depth,psu,-1.9137060674,8.0272547339,6.2831179765,-1.7441367574,4
2011-05-01 10:00:00,Upper,113,113,159.1259612203,-31.4329771431,-3.9888591766,Salinity,Mid-depth,psu,-1.9048410655,7.7329687570,5.2032395889,-2.5297291681,4
2011-05-01 11:00:00,Upper,113,113,159.1259612203,-31.4329771431,-3.9888591766,Salinity,Mid-depth,psu,-1.9077938822,7.4166038438,4.3937155252,-3.0228883186,4
2011-05-01 12:00:00,Upper,113,113,159.1259612203,-31.4329771431,-3.9888591766,Salinity,Mid-depth,psu,-1.9246805008,7.0136248253,3.8252795784,-3.1883452469,4
2011-05-01 13:00:00,Upper,113,113,159.1259612203,-31.4329771431,-3.9888591766,Salinity,Mid-depth,psu,-1.9563806855,6.6085346695,3.3936802520,-3.2148544175,4
2011-05-01 14:00:00,Upper,113,113,159.1259612203,-31.4329771431,-3.9888591766,Salinity,Mid-depth,psu,-1.9826495491,6.2157452798,3.0382717410,-3.1774735387,4
2011-05-01 15:00:00,Upper,113,113,159.1259612203,-31.4329771431,-3.9888591766,Salinity,Mid-depth,psu,-2.0043129338,5.8389114861,2.7334573654,-3.1054541207,4
2011-05-01 16:00:00,Upper,113,113,159.1259612203,-31.4329771431,-3.9888591766,Salinity,Mid-depth,psu,-2.0157193118,5.6104610559,2.4916349646,-3.1188260914,4
2011-05-01 17:00:00,Upper,113,113,159.1259612203,-31.4329771431,-3.9888591766,Salinity,Mid-depth,psu,-2.0104816165,5.4743300192,2.3074505125,-3.1668795067,4
2011-05-01 18:00:00,Upper,113,113,159.1259612203,-31.4329771431,-3.9888591766,Salinity,Mid-depth,psu,-1.9927460754,5.3720593488,2.1592960955,-3.2127632533,4
2011-05-01 19:00:00,Upper,113,113,159.1259612203,-31.4329771431,-3.9888591766,Salinity,Mid-depth,psu,-1.9574977487,5.2893486897,2.0442054816,-3.2451432081,4
2011-05-01 20:00:00,Upper,113,113,159.1259612203,-31.4329771431,-3.9888591766,Salinity,Mid-depth,psu,-1.9303455628,5.1288625081,1.9549809654,-3.1738815427,4
2011-05-01 21:00:00,Upper,113,113,159.1259612203,-31.4329771431,-3.9888591766,Salinity,Mid-depth,psu,-1.9017026922,5.0456635079,1.9026120442,-3.1430514637,4
2011-05-01 22:00:00,Upper,113,113,159.1259612203,-31.4329771431,-3.9888591766,Salinity,Mid-depth,psu,-1.8881973271,4.9201193287,1.8959017583,-3.0242175705,4
2011-05-01 23:00:00,Upper,113,113,159.1259612203,-31.4329771431,-3.9888591766,Salinity,Mid-depth,psu,-1.8925610895,4.8275491604,1.9112745310,-2.9162746294,4
2011-05-02 00:00:00,Upper,113,113,159.1259612203,-31.4329771431,-3.9888591766,Salinity,Mid-depth,psu,-1.9151612275,4.7466709533,1.8987948416,-2.8478761116,4
2011-05-02 01:00:00,Upper,113,113,159.1259612203,-31.4329771431,-3.9888591766,Salinity,Mid-depth,psu,-1.9466194102,4.7172671626,1.8411848406,-2.8760823219,4
2011-05-02 02:00:00,Upper,113,113,159.1259612203,-31.4329771431,-3.9888591766,Salinity,Mid-depth,psu,-1.9810451344,4.8504508879,1.7630798439,-3.0873710440,4
2011-05-02 03:00:00,Upper,113,113,159.1259612203,-31.4329771431,-3.9888591766,Salinity,Mid-depth,psu,-2.0064388374,5.1194668987,1.6723891895,-3.4470777091,4
2011-05-02 04:00:00,Upper,113,113,159.1259612203,-31.4329771431,-3.9888591766,Salinity,Mid-depth,psu,-2.0268170825,5.5164050272,1.5978784085,-3.9185266187,4
2011-05-02 05:00:00,Upper,113,113,159.1259612203,-31.4329771431,-3.9888591766,Salinity,Mid-depth,psu,-2.0314894116,6.0614591938,1.5391826696,-4.5222765243,4
2011-05-02 06:00:00,Upper,113,113,159.1259612203,-31.4329771431,-3.9888591766,Salinity,Mid-depth,psu,-2.0194999086,6.4455082874,1.4813934818,-4.9641148056,4
2011-05-02 07:00:00,Upper,113,113,159.1259612203,-31.4329771431,-3.9888591766,Salinity,Mid-depth,psu,-1.9919146331,6.7624537636,1.4255100323,-5.3369437313,4
2011-05-02 08:00:00,Upper,113,113,159.1259612203,-31.4329771431,-3.9888591766,Salinity,Mid-depth,psu,-1.9559740201,7.0273505203,1.3823125747,-5.6450379457,4
2011-05-02 09:00:00,Upper,113,113,159.1259612203,-31.4329771431,-3.9888591766,Salinity,Mid-depth,psu,-1.9240275237,7.2181138347,1.3608468713,-5.8572669634,4
2011-05-02 10:00:00,Upper,113,113,159.1259612203,-31.4329771431,-3.9888591766,Salinity,Mid-depth,psu,-1.9008776972,7.3185649350,1.3777615875,-5.9408033474,4
2011-05-02 11:00:00,Upper,113,113,159.1259612203,-31.4329771431,-3.9888591766,Salinity,Mid-depth,psu,-1.8917012132,7.3753749887,1.4429633669,-5.9324116218,4
2011-05-02 12:00:00,Upper,113,113,159.1259612203,-31.4329771431,-3.9888591766,Salinity,Mid-depth,psu,-1.8984998403,7.4085040583,1.5053709128,-5.9031331456,4
2011-05-02 13:00:00,Upper,113,113,159.1259612203,-31.4329771431,-3.9888591766,Salinity,Mid-depth,psu,-1.9189667071,7.4044440925,1.5066485682,-5.8977955243,4
2011-05-02 14:00:00,Upper,113,113,159.1259612203,-31.4329771431,-3.9888591766,Salinity,Mid-depth,psu,-1.9492847545,7.4272932209,1.4656460279,-5.9616471930,4
2011-05-02 15:00:00,Upper,113,113,159.1259612203,-31.4329771431,-3.9888591766,Salinity,Mid-depth,psu,-1.9769168323,7.4771655829,1.4253693709,-6.0517962121,4
2011-05-02 16:00:00,Upper,113,113,159.1259612203,-31.4329771431,-3.9888591766,Salinity,Mid-depth,psu,-1.9959807576,7.6067270845,1.3818080090,-6.2249190755,4
2011-05-02 17:00:00,Upper,113,113,159.1259612203,-31.4329771431,-3.9888591766,Salinity,Mid-depth,psu,-2.0062746641,7.7480183356,1.3405056266,-6.4075127091,4
2011-05-02 18:00:00,Upper,113,113,159.1259612203,-31.4329771431,-3.9888591766,Salinity,Mid-depth,psu,-2.0052275321,8.0391664746,1.3026882902,-6.7364781844,4
2011-05-02 19:00:00,Upper,113,113,159.1259612203,-31.4329771431,-3.9888591766,Salinity,Mid-depth,psu,-1.9790128424,8.4003512164,1.2618667030,-7.1384845134,4
2011-05-02 20:00:00,Upper,113,113,159.1259612203,-31.4329771431,-3.9888591766,Salinity,Mid-depth,psu,-1.9495566182,8.5270222203,1.2285581566,-7.2984640637,4
2011-05-02 21:00:00,Upper,113,113,159.1259612203,-31.4329771431,-3.9888591766,Salinity,Mid-depth,psu,-1.9186072266,8.8102750713,1.2072811368,-7.6029939346,4
2011-05-02 22:00:00,Upper,113,113,159.1259612203,-31.4329771431,-3.9888591766,Salinity,Mid-depth,psu,-1.8952421542,8.8140706542,1.2153722325,-7.5986984218,4
2011-05-02 23:00:00,Upper,113,113,159.1259612203,-31.4329771431,-3.9888591766,Salinity,Mid-depth,psu,-1.8866514229,8.8030687389,1.2679920351,-7.5350767038,4
2011-05-03 00:00:00,Upper,113,113,159.1259612203,-31.4329771431,-3.9888591766,Salinity,Mid-depth,psu,-1.8958735472,8.7098740819,1.3335369018,-7.3763371800,4
2011-05-03 01:00:00,Upper,113,113,159.1259612203,-31.4329771431,-3.9888591766,Salinity,Mid-depth,psu,-1.9209073408,8.6339250381,1.3550574093,-7.2788676288,4
2011-05-03 02:00:00,Upper,113,113,159.1259612203,-31.4329771431,-3.9888591766,Salinity,Mid-depth,psu,-1.9511046673,8.5998136097,1.3258104273,-7.2740031824,4
2011-05-03 03:00:00,Upper,113,113,159.1259612203,-31.4329771431,-3.9888591766,Salinity,Mid-depth,psu,-1.9864733804,8.4411896892,1.2882830220,-7.1529066672,4
2011-05-03 04:00:00,Upper,113,113,159.1259612203,-31.4329771431,-3.9888591766,Salinity,Mid-depth,psu,-2.0113589494,8.4932362513,1.2428804779,-7.2503557733,4
2011-05-03 05:00:00,Upper,113,113,159.1259612203,-31.4329771431,-3.9888591766,Salinity,Mid-depth,psu,-2.0344028954,8.4471344378,1.2001721785,-7.2469622593,4
2011-05-03 06:00:00,Upper,113,113,159.1259612203,-31.4329771431,-3.9888591766,Salinity,Mid-depth,psu,-2.0405567592,8.7840861284,1.1562357037,-7.6278504247,4
2011-05-03 07:00:00,Upper,113,113,159.1259612203,-31.4329771431,-3.9888591766,Salinity,Mid-depth,psu,-2.0184733801,9.0387788989,1.1011847411,-7.9375941578,4
2011-05-03 08:00:00,Upper,113,113,159.1259612203,-31.4329771431,-3.9888591766,Salinity,Mid-depth,psu,-1.9913634977,9.1646116448,1.0466722217,-8.1179394231,4
2011-05-03 09:00:00,Upper,113,113,159.1259612203,-31.4329771431,-3.9888591766,Salinity,Mid-depth,psu,-1.9524916966,9.4560729079,1.0013450825,-8.4547278254,4
2011-05-03 10:00:00,Upper,113,113,159.1259612203,-31.4329771431,-3.9888591766,Salinity,Mid-depth,psu,-1.9166640419,9.5373989896,0.9676153825,-8.5697836072,4
2011-05-03 11:00:00,Upper,113,113,159.1259612203,-31.4329771431,-3.9888591766,Salinity,Mid-depth,psu,-1.8959984889,9.4862890529,0.9678045424,-8.5184845104,4
2011-05-03 12:00:00,Upper,113,113,159.1259612203,-31.4329771431,-3.9888591766,Salinity,Mid-depth,psu,-1.8881378785,9.4088406587,1.0158316742,-8.3930089845,4
2011-05-03 13:00:00,Upper,113,113,159.1259612203,-31.4329771431,-3.9888591766,Salinity,Mid-depth,psu,-1.9026182832,9.2111708937,1.0831133303,-8.1280575634,4
2011-05-03 14:00:00,Upper,113,113,159.1259612203,-31.4329771431,-3.9888591766,Salinity,Mid-depth,psu,-1.9232403265,9.0908339260,1.0984334503,-7.9924004757,4
2011-05-03 15:00:00,Upper,113,113,159.1259612203,-31.4329771431,-3.9888591766,Salinity,Mid-depth,psu,-1.9533829147,8.8958309640,1.0667112957,-7.8291196682,4
2011-05-03 16:00:00,Upper,113,113,159.1259612203,-31.4329771431,-3.9888591766,Salinity,Mid-depth,psu,-1.9808641423,8.7595668946,1.0387556251,-7.7208112695,4
2011-05-03 17:00:00,Upper,113,113,159.1259612203,-31.4329771431,-3.9888591766,Salinity,Mid-depth,psu,-2.0024889178,8.6763314956,1.0121430040,-7.6641884915,4
2011-05-03 18:00:00,Upper,113,113,159.1259612203,-31.4329771431,-3.9888591766,Salinity,Mid-depth,psu,-2.0120616825,8.8793371342,0.9842863087,-7.8950508254,4
2011-05-03 19:00:00,Upper,113,113,159.1259612203,-31.4329771431,-3.9888591766,Salinity,Mid-depth,psu,-1.9995367890,9.1012092119,0.9466511543,-8.1545580576,4
2011-05-03 20:00:00,Upper,113,113,159.1259612203,-31.4329771431,-3.9888591766,Salinity,Mid-depth,psu,-1.9813524752,9.2471997892,0.9073800184,-8.3398197708,4
2011-05-03 21:00:00,Upper,113,113,159.1259612203,-31.4329771431,-3.9888591766,Salinity,Mid-depth,psu,-1.9443746899,9.5872242089,0.8683932597,-8.7188309492,4
2011-05-03 22:00:00,Upper,113,113,159.1259612203,-31.4329771431,-3.9888591766,Salinity,Mid-depth,psu,-1.9130988770,9.6803761546,0.8348121000,-8.8455640546,4
2011-05-03 23:00:00,Upper,113,113,159.1259612203,-31.4329771431,-3.9888591766,Salinity,Mid-depth,psu,-1.8896665087,9.7213665925,0.8304290465,-8.8909375460,4
2011-05-04 00:00:00,Upper,113,113,159.1259612203,-31.4329771431,-3.9888591766,Salinity,Mid-depth,psu,-1.8839983880,9.5994707493,0.8673970353,-8.7320737140,4
2011-05-04 01:00:00,Upper,113,113,159.1259612203,-31.4329771431,-3.9888591766,Salinity,Mid-depth,psu,-1.8971740267,9.4628450958,0.9209652318,-8.5418798640,4
2011-05-04 02:00:00,Upper,113,113,159.1259612203,-31.4329771431,-3.9888591766,Salinity,Mid-depth,psu,-1.9217527266,9.2811774021,0.9324425690,-8.3487348331,4
2011-05-04 03:00:00,Upper,113,113,159.1259612203,-31.4329771431,-3.9888591766,Salinity,Mid-depth,psu,-1.9596054097,9.0566610958,0.9058775018,-8.1507835939,4
2011-05-04 04:00:00,Upper,113,113,159.1259612203,-31.4329771431,-3.9888591766,Salinity,Mid-depth,psu,-1.9958961241,8.8881103391,0.8841002187,-8.0040101204,4
2011-05-04 05:00:00,Upper,113,113,159.1259612203,-31.4329771431,-3.9888591766,Salinity,Mid-depth,psu,-2.0205029205,8.8566260217,0.8546795651,-8.0019464567,4
2011-05-04 06:00:00,Upper,113,113,159.1259612203,-31.4329771431,-3.9888591766,Salinity,Mid-depth,psu,-2.0412516866,8.8185779894,0.8266336118,-7.9919443776,4
2011-05-04 07:00:00,Upper,113,113,159.1259612203,-31.4329771431,-3.9888591766,Salinity,Mid-depth,psu,-2.0425023110,9.0844994162,0.7920329194,-8.2924664968,4
2011-05-04 08:00:00,Upper,113,113,159.1259612203,-31.4329771431,-3.9888591766,Salinity,Mid-depth,psu,-2.0206057395,9.3081453859,0.7423283785,-8.5658170075,4
2011-05-04 09:00:00,Upper,113,113,159.1259612203,-31.4329771431,-3.9888591766,Salinity,Mid-depth,psu,-1.9820398377,9.5603939996,0.6880776147,-8.8723163849,4
2011-05-04 10:00:00,Upper,113,113,159.1259612203,-31.4329771431,-3.9888591766,Salinity,Mid-depth,psu,-1.9386646036,9.6224223117,0.6409415223,-8.9814807893,4
2011-05-04 11:00:00,Upper,113,113,159.1259612203,-31.4329771431,-3.9888591766,Salinity,Mid-depth,psu,-1.9042579491,9.5446722818,0.6003339512,-8.9443383306,4
2011-05-04 12:00:00,Upper,113,113,159.1259612203,-31.4329771431,-3.9888591766,Salinity,Mid-depth,psu,-1.8849723649,9.2948446121,0.6040827274,-8.6907618847,4
2011-05-04 13:00:00,Upper,113,113,159.1259612203,-31.4329771431,-3.9888591766,Salinity,Mid-depth,psu,-1.8857867212,9.1914541605,0.6966083676,-8.4948457929,4
2011-05-04 14:00:00,Upper,113,113,159.1259612203,-31.4329771431,-3.9888591766,Salinity,Mid-depth,psu,-1.8988409676,9.2295107934,0.8199917147,-8.4095190787,4
2011-05-04 15:00:00,Upper,113,113,159.1259612203,-31.4329771431,-3.9888591766,Salinity,Mid-depth,psu,-1.9299841139,9.1357525761,0.8536516113,-8.2821009648,4
2011-05-04 16:00:00,Upper,113,113,159.1259612203,-31.4329771431,-3.9888591766,Salinity,Mid-depth,psu,-1.9602639560,9.2116620236,0.7900032958,-8.4216587278,4
2011-05-04 17:00:00,Upper,113,113,159.1259612203,-31.4329771431,-3.9888591766,Salinity,Mid-depth,psu,-1.9881427961,9.1612403400,0.7200140677,-8.4412262722,4
2011-05-04 18:00:00,Upper,113,113,159.1259612203,-31.4329771431,-3.9888591766,Salinity,Mid-depth,psu,-2.0087010650,9.1414617185,0.6602537836,-8.4812079349,4
2011-05-04 19:00:00,Upper,113,113,159.1259612203,-31.4329771431,-3.9888591766,Salinity,Mid-depth,psu,-2.0206041379,9.2093910518,0.6252187190,-8.5841723329,4
2011-05-04 20:00:00,Upper,113,113,159.1259612203,-31.4329771431,-3.9888591766,Salinity,Mid-depth,psu,-2.0098623466,9.4812127123,0.5960206290,-8.8851920834,4
2011-05-04 21:00:00,Upper,113,113,159.1259612203,-31.4329771431,-3.9888591766,Salinity,Mid-depth,psu,-1.9808910414,9.7020411642,0.5601915089,-9.1418496553,4
2011-05-04 22:00:00,Upper,113,113,159.1259612203,-31.4329771431,-3.9888591766,Salinity,Mid-depth,psu,-1.9475854958,9.7872319675,0.5274394394,-9.2597925282,4
2011-05-04 23:00:00,Upper,113,113,159.1259612203,-31.4329771431,-3.9888591766,Salinity,Mid-depth,psu,-1.9194441563,9.9327067831,0.4998994526,-9.4328073305,4
2011-05-05 00:00:00,Upper,113,113,159.1259612203,-31.4329771431,-3.9888591766,Salinity,Mid-depth,psu,-1.8970976936,9.9047326117,0.4913311343,-9.4134014774,4
2011-05-05 01:00:00,Upper,113,113,159.1259612203,-31.4329771431,-3.9888591766,Salinity,Mid-depth,psu,-1.8962650542,9.7548626884,0.5280423087,-9.2268203797,4
2011-05-05 02:00:00,Upper,113,113,159.1259612203,-31.4329771431,-3.9888591766,Salinity,Mid-depth,psu,-1.9085911409,9.6041269238,0.5825080265,-9.0216188973,4
2011-05-05 03:00:00,Upper,113,113,159.1259612203,-31.4329771431,-3.9888591766,Salinity,Mid-depth,psu,-1.9388980780,9.3993944965,0.6121520338,-8.7872424626,4
2011-05-05 04:00:00,Upper,113,113,159.1259612203,-31.4329771431,-3.9888591766,Salinity,Mid-depth,psu,-1.9731391140,9.1459337602,0.6102461530,-8.5356876072,4
2011-05-05 05:00:00,Upper,113,113,159.1259612203,-31.4329771431,-3.9888591766,Salinity,Mid-depth,psu,-2.0118342835,8.8770175146,0.6018728962,-8.2751446184,4
2011-05-05 06:00:00,Upper,113,113,159.1259612203,-31.4329771431,-3.9888591766,Salinity,Mid-depth,psu,-2.0348085463,8.9460736122,0.5852493019,-8.3608243104,4
2011-05-05 07:00:00,Upper,113,113,159.1259612203,-31.4329771431,-3.9888591766,Salinity,Mid-depth,psu,-2.0518121598,8.9629423615,0.5701857094,-8.3927566521,4
2011-05-05 08:00:00,Upper,113,113,159.1259612203,-31.4329771431,-3.9888591766,Salinity,Mid-depth,psu,-2.0406841432,9.2870978197,0.5418770676,-8.7452207521,4
2011-05-05 09:00:00,Upper,113,113,159.1259612203,-31.4329771431,-3.9888591766,Salinity,Mid-depth,psu,-2.0211217727,9.3345693181,0.5047213263,-8.8298479918,4
2011-05-05 10:00:00,Upper,113,113,159.1259612203,-31.4329771431,-3.9888591766,Salinity,Mid-depth,psu,-1.9818944203,9.7243795473,0.4644818945,-9.2598976528,4
2011-05-05 11:00:00,Upper,113,113,159.1259612203,-31.4329771431,-3.9888591766,Salinity,Mid-depth,psu,-1.9403261296,9.8132461299,0.4305898715,-9.3826562584,4
2011-05-05 12:00:00,Upper,113,113,159.1259612203,-31.4329771431,-3.9888591766,Salinity,Mid-depth,psu,-1.9071193551,9.9288475438,0.4040939341,-9.5247536096,4
2011-05-05 13:00:00,Upper,113,113,159.1259612203,-31.4329771431,-3.9888591766,Salinity,Mid-depth,psu,-1.8878218742,9.8924059397,0.4113790263,-9.4810269134,4
2011-05-05 14:00:00,Upper,113,113,159.1259612203,-31.4329771431,-3.9888591766,Salinity,Mid-depth,psu,-1.8852387766,9.8024667168,0.4682197835,-9.3342469333,4
2011-05-05 15:00:00,Upper,113,113,159.1259612203,-31.4329771431,-3.9888591766,Salinity,Mid-depth,psu,-1.9013692667,9.5773726864,0.5418672292,-9.0355054573,4
2011-05-05 16:00:00,Upper,113,113,159.1259612203,-31.4329771431,-3.9888591766,Salinity,Mid-depth,psu,-1.9371733459,9.3319678743,0.5769487337,-8.7550191406,4
2011-05-05 17:00:00,Upper,113,113,159.1259612203,-31.4329771431,-3.9888591766,Salinity,Mid-depth,psu,-1.9693626222,9.2380748422,0.5666503806,-8.6714244617,4
2011-05-05 18:00:00,Upper,113,113,159.1259612203,-31.4329771431,-3.9888591766,Salinity,Mid-depth,psu,-1.9965818751,9.0982208604,0.5477017829,-8.5505190775,4
2011-05-05 19:00:00,Upper,113,113,159.1259612203,-31.4329771431,-3.9888591766,Salinity,Mid-depth,psu,-2.0156286807,9.1216497791,0.5283686374,-8.5932811418,4
2011-05-05 20:00:00,Upper,113,113,159.1259612203,-31.4329771431,-3.9888591766,Salinity,Mid-depth,psu,-2.0179952215,9.3635883976,0.5125037039,-8.8510846938,4
2011-05-05 21:00:00,Upper,113,113,159.1259612203,-31.4329771431,-3.9888591766,Salinity,Mid-depth,psu,-1.9986837387,9.5963463741,0.4862320357,-9.1101143383,4
2011-05-05 22:00:00,Upper,113,113,159.1259612203,-31.4329771431,-3.9888591766,Salinity,Mid-depth,psu,-1.9671263959,9.8250268417,0.4552530549,-9.3697737868,4
2011-05-05 23:00:00,Upper,113,113,159.1259612203,-31.4329771431,-3.9888591766,Salinity,Mid-depth,psu,-1.9310868442,9.9623762748,0.4250472312,-9.5373290436,4
2011-05-06 00:00:00,Upper,113,113,159.1259612203,-31.4329771431,-3.9888591766,Salinity,Mid-depth,psu,-1.9056678672,10.0120373199,0.4042891922,-9.6077481277,4
2011-05-06 01:00:00,Upper,113,113,159.1259612203,-31.4329771431,-3.9888591766,Salinity,Mid-depth,psu,-1.8815436455,10.0912390441,0.4090505011,-9.6821885430,4
2011-05-06 02:00:00,Upper,113,113,159.1259612203,-31.4329771431,-3.9888591766,Salinity,Mid-depth,psu,-1.8850677326,9.8906886795,0.4574436636,-9.4332450159,4
2011-05-06 03:00:00,Upper,113,113,159.1259612203,-31.4329771431,-3.9888591766,Salinity,Mid-depth,psu,-1.9052286958,9.7096560149,0.5114936561,-9.1981623587,4
2011-05-06 04:00:00,Upper,113,113,159.1259612203,-31.4329771431,-3.9888591766,Salinity,Mid-depth,psu,-1.9438448347,9.5081375019,0.5340716240,-8.9740658778,4
2011-05-06 05:00:00,Upper,113,113,159.1259612203,-31.4329771431,-3.9888591766,Salinity,Mid-depth,psu,-1.9810659312,9.2775518184,0.5319675679,-8.7455842505,4
2011-05-06 06:00:00,Upper,113,113,159.1259612203,-31.4329771431,-3.9888591766,Salinity,Mid-depth,psu,-2.0263655513,8.9330057769,0.5254535755,-8.4075522014,4
2011-05-06 07:00:00,Upper,113,113,159.1259612203,-31.4329771431,-3.9888591766,Salinity,Mid-depth,psu,-2.0491225547,9.1596834608,0.5120738364,-8.6476096244,4
2011-05-06 08:00:00,Upper,113,113,159.1259612203,-31.4329771431,-3.9888591766,Salinity,Mid-depth,psu,-2.0607272721,9.1541115995,0.4944396473,-8.6596719523,4
2011-05-06 09:00:00,Upper,113,113,159.1259612203,-31.4329771431,-3.9888591766,Salinity,Mid-depth,psu,-2.0472140571,9.5489074642,0.4647491543,-9.0841583100,4
2011-05-06 10:00:00,Upper,113,113,159.1259612203,-31.4329771431,-3.9888591766,Salinity,Mid-depth,psu,-2.0085220373,9.7966664319,0.4204846864,-9.3761817455,4
2011-05-06 11:00:00,Upper,113,113,159.1259612203,-31.4329771431,-3.9888591766,Salinity,Mid-depth,psu,-1.9650095695,9.8917364582,0.3794234777,-9.5123129805,4
2011-05-06 12:00:00,Upper,113,113,159.1259612203,-31.4329771431,-3.9888591766,Salinity,Mid-depth,psu,-1.9232558470,10.0741285769,0.3482464989,-9.7258820779,4
2011-05-06 13:00:00,Upper,113,113,159.1259612203,-31.4329771431,-3.9888591766,Salinity,Mid-depth,psu,-1.8840292009,10.1453206958,0.3201738109,-9.8251468848,4
2011-05-06 14:00:00,Upper,113,113,159.1259612203,-31.4329771431,-3.9888591766,Salinity,Mid-depth,psu,-1.8724277274,9.9701799648,0.3515111891,-9.6186687756,4
2011-05-06 15:00:00,Upper,113,113,159.1259612203,-31.4329771431,-3.9888591766,Salinity,Mid-depth,psu,-1.8756651703,9.8963368783,0.4672040826,-9.4291327956,4
2011-05-06 16:00:00,Upper,113,113,159.1259612203,-31.4329771431,-3.9888591766,Salinity,Mid-depth,psu,-1.9014924361,9.6057585227,0.5736759706,-9.0320825521,4
2011-05-06 17:00:00,Upper,113,113,159.1259612203,-31.4329771431,-3.9888591766,Salinity,Mid-depth,psu,-1.9365340424,9.4589678956,0.5823314581,-8.8766364375,4
2011-05-06 18:00:00,Upper,113,113,159.1259612203,-31.4329771431,-3.9888591766,Salinity,Mid-depth,psu,-1.9694851842,9.2975072972,0.5370257909,-8.7604815063,4
2011-05-06 19:00:00,Upper,113,113,159.1259612203,-31.4329771431,-3.9888591766,Salinity,Mid-depth,psu,-1.9986752589,9.1073451478,0.4990807005,-8.6082644473,4
2011-05-06 20:00:00,Upper,113,113,159.1259612203,-31.4329771431,-3.9888591766,Salinity,Mid-depth,psu,-2.0222834032,9.1228527762,0.4742404695,-8.6486123067,4
2011-05-06 21:00:00,Upper,113,113,159.1259612203,-31.4329771431,-3.9888591766,Salinity,Mid-depth,psu,-2.0199751453,9.5425183132,0.4543028651,-9.0882154481,4
2011-05-06 22:00:00,Upper,113,113,159.1259612203,-31.4329771431,-3.9888591766,Salinity,Mid-depth,psu,-1.9925447123,9.8530815631,0.4219315151,-9.4311500479,4
2011-05-06 23:00:00,Upper,113,113,159.1259612203,-31.4329771431,-3.9888591766,Salinity,Mid-depth,psu,-1.9548107866,10.0531223801,0.3877213734,-9.6654010066,4
2011-05-07 00:00:00,Upper,113,113,159.1259612203,-31.4329771431,-3.9888591766,Salinity,Mid-depth,psu,-1.9176673271,10.2780062450,0.3551604906,-9.9228457544,4
2011-05-01 01:00:00,Upper,113,113,159.1259612203,-31.4329771431,-3.9888591766,Salinity,Near-bottom,psu,-3.4888591766,10.0000782612,10.0000000000,-0.0000782612,3
2011-05-01 02:00:00,Upper,113,113,159.1259612203,-31.4329771431,-3.9888591766,Salinity,Near-bottom,psu,-3.4888591766,9.9786396272,10.0000000000,0.0213603728,3
2011-05-01 03:00:00,Upper,113,113,159.1259612203,-31.4329771431,-3.9888591766,Salinity,Near-bottom,psu,-3.4888591766,9.9740417716,9.9998576191,0.0258158475,3
2011-05-01 04:00:00,Upper,113,113,159.1259612203,-31.4329771431,-3.9888591766,Salinity,Near-bottom,psu,-3.4888591766,9.9632732491,9.9907541940,0.0274809450,3
2011-05-01 05:00:00,Upper,113,113,159.1259612203,-31.4329771431,-3.9888591766,Salinity,Near-bottom,psu,-3.4888591766,9.9493289519,9.9158438567,-0.0334850952,3
2011-05-01 06:00:00,Upper,113,113,159.1259612203,-31.4329771431,-3.9888591766,Salinity,Near-bottom,psu,-3.4888591766,9.9166298251,9.5657076499,-0.3509221752,3
2011-05-01 07:00:00,Upper,113,113,159.1259612203,-31.4329771431,-3.9888591766,Salinity,Near-bottom,psu,-3.4888591766,9.8492225479,8.8850426178,-0.9641799302,3
2011-05-01 08:00:00,Upper,113,113,159.1259612203,-31.4329771431,-3.9888591766,Salinity,Near-bottom,psu,-3.4888591766,9.7940387467,7.7942316336,-1.9998071131,3
2011-05-01 09:00:00,Upper,113,113,159.1259612203,-31.4329771431,-3.9888591766,Salinity,Near-bottom,psu,-3.4888591766,9.7673420933,6.5866189417,-3.1807231515,3
2011-05-01 10:00:00,Upper,113,113,159.1259612203,-31.4329771431,-3.9888591766,Salinity,Near-bottom,psu,-3.4888591766,9.7576274844,5.4518441020,-4.3057833824,3
2011-05-01 11:00:00,Upper,113,113,159.1259612203,-31.4329771431,-3.9888591766,Salinity,Near-bottom,psu,-3.4888591766,9.7516711742,4.5633220142,-5.1883491600,3
2011-05-01 12:00:00,Upper,113,113,159.1259612203,-31.4329771431,-3.9888591766,Salinity,Near-bottom,psu,-3.4888591766,9.7445825055,3.9255543375,-5.8190281679,3
2011-05-01 13:00:00,Upper,113,113,159.1259612203,-31.4329771431,-3.9888591766,Salinity,Near-bottom,psu,-3.4888591766,9.7339119291,3.4435748283,-6.2903371008,3
2011-05-01 14:00:00,Upper,113,113,159.1259612203,-31.4329771431,-3.9888591766,Salinity,Near-bottom,psu,-3.4888591766,9.7114393261,3.0599297129,-6.6515096132,3
2011-05-01 15:00:00,Upper,113,113,159.1259612203,-31.4329771431,-3.9888591766,Salinity,Near-bottom,psu,-3.4888591766,9.6925855070,2.7412170564,-6.9513684507,3
2011-05-01 16:00:00,Upper,113,113,159.1259612203,-31.4329771431,-3.9888591766,Salinity,Near-bottom,psu,-3.4888591766,9.6702564027,2.4817786625,-7.1884777402,3
2011-05-01 17:00:00,Upper,113,113,159.1259612203,-31.4329771431,-3.9888591766,Salinity,Near-bottom,psu,-3.4888591766,9.6551737689,2.2855568540,-7.3696169149,3
2011-05-01 18:00:00,Upper,113,113,159.1259612203,-31.4329771431,-3.9888591766,Salinity,Near-bottom,psu,-3.4888591766,9.6402422096,2.1324651462,-7.5077770634,3
2011-05-01 19:00:00,Upper,113,113,159.1259612203,-31.4329771431,-3.9888591766,Salinity,Near-bottom,psu,-3.4888591766,9.6218451712,2.0187815622,-7.6030636090,3
2011-05-01 20:00:00,Upper,113,113,159.1259612203,-31.4329771431,-3.9888591766,Salinity,Near-bottom,psu,-3.4888591766,9.6014456250,1.9274476530,-7.6739979720,3
2011-05-01 21:00:00,Upper,113,113,159.1259612203,-31.4329771431,-3.9888591766,Salinity,Near-bottom,psu,-3.4888591766,9.5735037137,1.8686404573,-7.7048632564,3
2011-05-01 22:00:00,Upper,113,113,159.1259612203,-31.4329771431,-3.9888591766,Salinity,Near-bottom,psu,-3.4888591766,9.5473587620,1.8473055063,-7.7000532557,3
2011-05-01 23:00:00,Upper,113,113,159.1259612203,-31.4329771431,-3.9888591766,Salinity,Near-bottom,psu,-3.4888591766,9.5165174711,1.8539980893,-7.6625193818,3
2011-05-02 00:00:00,Upper,113,113,159.1259612203,-31.4329771431,-3.9888591766,Salinity,Near-bottom,psu,-3.4888591766,9.4860097035,1.8516457092,-7.6343639944,3
2011-05-02 01:00:00,Upper,113,113,159.1259612203,-31.4329771431,-3.9888591766,Salinity,Near-bottom,psu,-3.4888591766,9.4628641465,1.8064408637,-7.6564232828,3
2011-05-02 02:00:00,Upper,113,113,159.1259612203,-31.4329771431,-3.9888591766,Salinity,Near-bottom,psu,-3.4888591766,9.4629011131,1.7236190996,-7.7392820135,3
2011-05-02 03:00:00,Upper,113,113,159.1259612203,-31.4329771431,-3.9888591766,Salinity,Near-bottom,psu,-3.4888591766,9.5063686955,1.6307387128,-7.8756299826,3
2011-05-02 04:00:00,Upper,113,113,159.1259612203,-31.4329771431,-3.9888591766,Salinity,Near-bottom,psu,-3.4888591766,9.6808499941,1.5460978112,-8.1347521829,3
2011-05-02 05:00:00,Upper,113,113,159.1259612203,-31.4329771431,-3.9888591766,Salinity,Near-bottom,psu,-3.4888591766,10.2565449472,1.4759260131,-8.7806189341,3
2011-05-02 06:00:00,Upper,113,113,159.1259612203,-31.4329771431,-3.9888591766,Salinity,Near-bottom,psu,-3.4888591766,11.2420407204,1.4165560240,-9.8254846963,3
2011-05-02 07:00:00,Upper,113,113,159.1259612203,-31.4329771431,-3.9888591766,Salinity,Near-bottom,psu,-3.4888591766,12.3518121727,1.3654589011,-10.9863532716,3
2011-05-02 08:00:00,Upper,113,113,159.1259612203,-31.4329771431,-3.9888591766,Salinity,Near-bottom,psu,-3.4888591766,13.4587764819,1.3264586966,-12.1323177852,3
2011-05-02 09:00:00,Upper,113,113,159.1259612203,-31.4329771431,-3.9888591766,Salinity,Near-bottom,psu,-3.4888591766,14.5007695312,1.3050647261,-13.1957048051,3
2011-05-02 10:00:00,Upper,113,113,159.1259612203,-31.4329771431,-3.9888591766,Salinity,Near-bottom,psu,-3.4888591766,15.4265101551,1.3118547992,-14.1146553559,3
2011-05-02 11:00:00,Upper,113,113,159.1259612203,-31.4329771431,-3.9888591766,Salinity,Near-bottom,psu,-3.4888591766,16.2768210139,1.3559879332,-14.9208330808,3
2011-05-02 12:00:00,Upper,113,113,159.1259612203,-31.4329771431,-3.9888591766,Salinity,Near-bottom,psu,-3.4888591766,17.0377230337,1.4172008170,-15.6205222167,3
2011-05-02 13:00:00,Upper,113,113,159.1259612203,-31.4329771431,-3.9888591766,Salinity,Near-bottom,psu,-3.4888591766,17.7200913088,1.4486054080,-16.2714859008,3
2011-05-02 14:00:00,Upper,113,113,159.1259612203,-31.4329771431,-3.9888591766,Salinity,Near-bottom,psu,-3.4888591766,18.3449600517,1.4277968280,-16.9171632237,3
2011-05-02 15:00:00,Upper,113,113,159.1259612203,-31.4329771431,-3.9888591766,Salinity,Near-bottom,psu,-3.4888591766,18.9496299433,1.3795631906,-17.5700667527,3
2011-05-02 16:00:00,Upper,113,113,159.1259612203,-31.4329771431,-3.9888591766,Salinity,Near-bottom,psu,-3.4888591766,19.5012637248,1.3302544079,-18.1710093169,3
2011-05-02 17:00:00,Upper,113,113,159.1259612203,-31.4329771431,-3.9888591766,Salinity,Near-bottom,psu,-3.4888591766,20.0046098587,1.2848263266,-18.7197835321,3
2011-05-02 18:00:00,Upper,113,113,159.1259612203,-31.4329771431,-3.9888591766,Salinity,Near-bottom,psu,-3.4888591766,20.4927694875,1.2421748956,-19.2505945919,3
2011-05-02 19:00:00,Upper,113,113,159.1259612203,-31.4329771431,-3.9888591766,Salinity,Near-bottom,psu,-3.4888591766,21.0093700815,1.2048131616,-19.8045569199,3
2011-05-02 20:00:00,Upper,113,113,159.1259612203,-31.4329771431,-3.9888591766,Salinity,Near-bottom,psu,-3.4888591766,21.4899611641,1.1759374231,-20.3140237410,3
2011-05-02 21:00:00,Upper,113,113,159.1259612203,-31.4329771431,-3.9888591766,Salinity,Near-bottom,psu,-3.4888591766,21.9711797918,1.1583771569,-20.8128026349,3
2011-05-02 22:00:00,Upper,113,113,159.1259612203,-31.4329771431,-3.9888591766,Salinity,Near-bottom,psu,-3.4888591766,22.3541836638,1.1616374706,-21.1925461932,3
2011-05-02 23:00:00,Upper,113,113,159.1259612203,-31.4329771431,-3.9888591766,Salinity,Near-bottom,psu,-3.4888591766,22.7254675912,1.1957409722,-21.5297266190,3
2011-05-03 00:00:00,Upper,113,113,159.1259612203,-31.4329771431,-3.9888591766,Salinity,Near-bottom,psu,-3.4888591766,23.0643892490,1.2511937592,-21.8131954898,3
2011-05-03 01:00:00,Upper,113,113,159.1259612203,-31.4329771431,-3.9888591766,Salinity,Near-bottom,psu,-3.4888591766,23.3469857742,1.2888273189,-22.0581584553,3
2011-05-03 02:00:00,Upper,113,113,159.1259612203,-31.4329771431,-3.9888591766,Salinity,Near-bottom,psu,-3.4888591766,23.6409750310,1.2792511379,-22.3617238931,3
2011-05-03 03:00:00,Upper,113,113,159.1259612203,-31.4329771431,-3.9888591766,Salinity,Near-bottom,psu,-3.4888591766,23.8814966804,1.2380343537,-22.6434623267,3
2011-05-03 04:00:00,Upper,113,113,159.1259612203,-31.4329771431,-3.9888591766,Salinity,Near-bottom,psu,-3.4888591766,24.1241553807,1.1885212209,-22.9356341597,3
2011-05-03 05:00:00,Upper,113,113,159.1259612203,-31.4329771431,-3.9888591766,Salinity,Near-bottom,psu,-3.4888591766,24.3140612283,1.1386008836,-23.1754603447,3
2011-05-03 06:00:00,Upper,113,113,159.1259612203,-31.4329771431,-3.9888591766,Salinity,Near-bottom,psu,-3.4888591766,24.5145321476,1.0883416609,-23.4261904867,3
2011-05-03 07:00:00,Upper,113,113,159.1259612203,-31.4329771431,-3.9888591766,Salinity,Near-bottom,psu,-3.4888591766,24.7190196033,1.0388722891,-23.6801473142,3
2011-05-03 08:00:00,Upper,113,113,159.1259612203,-31.4329771431,-3.9888591766,Salinity,Near-bottom,psu,-3.4888591766,24.9198583646,0.9910752313,-23.9287831333,3
2011-05-03 09:00:00,Upper,113,113,159.1259612203,-31.4329771431,-3.9888591766,Salinity,Near-bottom,psu,-3.4888591766,25.1679348508,0.9493155597,-24.2186192911,3
2011-05-03 10:00:00,Upper,113,113,159.1259612203,-31.4329771431,-3.9888591766,Salinity,Near-bottom,psu,-3.4888591766,25.3852615879,0.9188161861,-24.4664454018,3
2011-05-03 11:00:00,Upper,113,113,159.1259612203,-31.4329771431,-3.9888591766,Salinity,Near-bottom,psu,-3.4888591766,25.5353378349,0.9097721207,-24.6255657143,3
2011-05-03 12:00:00,Upper,113,113,159.1259612203,-31.4329771431,-3.9888591766,Salinity,Near-bottom,psu,-3.4888591766,25.7221791723,0.9339801133,-24.7881990590,3
2011-05-03 13:00:00,Upper,113,113,159.1259612203,-31.4329771431,-3.9888591766,Salinity,Near-bottom,psu,-3.4888591766,25.8427866922,0.9833642072,-24.8594224850,3
2011-05-03 14:00:00,Upper,113,113,159.1259612203,-31.4329771431,-3.9888591766,Salinity,Near-bottom,psu,-3.4888591766,25.9786078886,1.0141763605,-24.9644315282,3
2011-05-03 15:00:00,Upper,113,113,159.1259612203,-31.4329771431,-3.9888591766,Salinity,Near-bottom,psu,-3.4888591766,26.1055428444,1.0035940810,-25.1019487634,3
2011-05-03 16:00:00,Upper,113,113,159.1259612203,-31.4329771431,-3.9888591766,Salinity,Near-bottom,psu,-3.4888591766,26.2318390633,0.9723281590,-25.2595109042,3
2011-05-03 17:00:00,Upper,113,113,159.1259612203,-31.4329771431,-3.9888591766,Salinity,Near-bottom,psu,-3.4888591766,26.3415375898,0.9394096028,-25.4021279869,3
2011-05-03 18:00:00,Upper,113,113,159.1259612203,-31.4329771431,-3.9888591766,Salinity,Near-bottom,psu,-3.4888591766,26.4532067166,0.9065844681,-25.5466222484,3
2011-05-03 19:00:00,Upper,113,113,159.1259612203,-31.4329771431,-3.9888591766,Salinity,Near-bottom,psu,-3.4888591766,26.5643220911,0.8715075824,-25.6928145087,3
2011-05-03 20:00:00,Upper,113,113,159.1259612203,-31.4329771431,-3.9888591766,Salinity,Near-bottom,psu,-3.4888591766,26.6624827604,0.8361625767,-25.8263201836,3
2011-05-03 21:00:00,Upper,113,113,159.1259612203,-31.4329771431,-3.9888591766,Salinity,Near-bottom,psu,-3.4888591766,26.8051833101,0.8028852018,-26.0022981082,3
2011-05-03 22:00:00,Upper,113,113,159.1259612203,-31.4329771431,-3.9888591766,Salinity,Near-bottom,psu,-3.4888591766,26.9115741875,0.7757003860,-26.1358738015,3
2011-05-03 23:00:00,Upper,113,113,159.1259612203,-31.4329771431,-3.9888591766,Salinity,Near-bottom,psu,-3.4888591766,26.9945512534,0.7658613648,-26.2286898886,3
2011-05-04 00:00:00,Upper,113,113,159.1259612203,-31.4329771431,-3.9888591766,Salinity,Near-bottom,psu,-3.4888591766,27.0824621008,0.7830185608,-26.2994435399,3
2011-05-04 01:00:00,Upper,113,113,159.1259612203,-31.4329771431,-3.9888591766,Salinity,Near-bottom,psu,-3.4888591766,27.1081096758,0.8204946439,-26.2876150319,3
2011-05-04 02:00:00,Upper,113,113,159.1259612203,-31.4329771431,-3.9888591766,Salinity,Near-bottom,psu,-3.4888591766,27.1342870286,0.8442437187,-26.2900433100,3
2011-05-04 03:00:00,Upper,113,113,159.1259612203,-31.4329771431,-3.9888591766,Salinity,Near-bottom,psu,-3.4888591766,27.1331400779,0.8346791602,-26.2984609178,3
2011-05-04 04:00:00,Upper,113,113,159.1259612203,-31.4329771431,-3.9888591766,Salinity,Near-bottom,psu,-3.4888591766,27.1199046639,0.8091113269,-26.3107933370,3
2011-05-04 05:00:00,Upper,113,113,159.1259612203,-31.4329771431,-3.9888591766,Salinity,Near-bottom,psu,-3.4888591766,27.1198854960,0.7774714134,-26.3424140826,3
2011-05-04 06:00:00,Upper,113,113,159.1259612203,-31.4329771431,-3.9888591766,Salinity,Near-bottom,psu,-3.4888591766,27.0991066591,0.7446970805,-26.3544095787,3
2011-05-04 07:00:00,Upper,113,113,159.1259612203,-31.4329771431,-3.9888591766,Salinity,Near-bottom,psu,-3.4888591766,27.0786932286,0.7089916381,-26.3697015906,3
2011-05-04 08:00:00,Upper,113,113,159.1259612203,-31.4329771431,-3.9888591766,Salinity,Near-bottom,psu,-3.4888591766,27.0716118031,0.6670228683,-26.4045889348,3
2011-05-04 09:00:00,Upper,113,113,159.1259612203,-31.4329771431,-3.9888591766,Salinity,Near-bottom,psu,-3.4888591766,27.0997293513,0.6226570776,-26.4770722737,3
2011-05-04 10:00:00,Upper,113,113,159.1259612203,-31.4329771431,-3.9888591766,Salinity,Near-bottom,psu,-3.4888591766,27.1660251112,0.5820779177,-26.5839471935,3
2011-05-04 11:00:00,Upper,113,113,159.1259612203,-31.4329771431,-3.9888591766,Salinity,Near-bottom,psu,-3.4888591766,27.2217583018,0.5467162739,-26.6750420279,3
2011-05-04 12:00:00,Upper,113,113,159.1259612203,-31.4329771431,-3.9888591766,Salinity,Near-bottom,psu,-3.4888591766,27.2530424259,0.5382500107,-26.7147924152,3
2011-05-04 13:00:00,Upper,113,113,159.1259612203,-31.4329771431,-3.9888591766,Salinity,Near-bottom,psu,-3.4888591766,27.2594337605,0.5862859126,-26.6731478479,3
2011-05-04 14:00:00,Upper,113,113,159.1259612203,-31.4329771431,-3.9888591766,Salinity,Near-bottom,psu,-3.4888591766,27.3065384782,0.6738636420,-26.6326748361,3
2011-05-04 15:00:00,Upper,113,113,159.1259612203,-31.4329771431,-3.9888591766,Salinity,Near-bottom,psu,-3.4888591766,27.3147070151,0.7305817797,-26.5841252354,3
2011-05-04 16:00:00,Upper,113,113,159.1259612203,-31.4329771431,-3.9888591766,Salinity,Near-bottom,psu,-3.4888591766,27.3438871500,0.7124382852,-26.6314488647,3
2011-05-04 17:00:00,Upper,113,113,159.1259612203,-31.4329771431,-3.9888591766,Salinity,Near-bottom,psu,-3.4888591766,27.3780942010,0.6594544963,-26.7186397047,3
2011-05-04 18:00:00,Upper,113,113,159.1259612203,-31.4329771431,-3.9888591766,Salinity,Near-bottom,psu,-3.4888591766,27.3981432238,0.6005521387,-26.7975910850,3
2011-05-04 19:00:00,Upper,113,113,159.1259612203,-31.4329771431,-3.9888591766,Salinity,Near-bottom,psu,-3.4888591766,27.3979062026,0.5561543850,-26.8417518176,3
2011-05-04 20:00:00,Upper,113,113,159.1259612203,-31.4329771431,-3.9888591766,Salinity,Near-bottom,psu,-3.4888591766,27.4018138177,0.5227265764,-26.8790872413,3
2011-05-04 21:00:00,Upper,113,113,159.1259612203,-31.4329771431,-3.9888591766,Salinity,Near-bottom,psu,-3.4888591766,27.4199997242,0.4908591335,-26.9291405906,3
2011-05-04 22:00:00,Upper,113,113,159.1259612203,-31.4329771431,-3.9888591766,Salinity,Near-bottom,psu,-3.4888591766,27.4536215914,0.4626822611,-26.9909393304,3
2011-05-04 23:00:00,Upper,113,113,159.1259612203,-31.4329771431,-3.9888591766,Salinity,Near-bottom,psu,-3.4888591766,27.4862050923,0.4389765474,-27.0472285449,3
2011-05-05 00:00:00,Upper,113,113,159.1259612203,-31.4329771431,-3.9888591766,Salinity,Near-bottom,psu,-3.4888591766,27.5212303805,0.4272362209,-27.0939941596,3
2011-05-05 01:00:00,Upper,113,113,159.1259612203,-31.4329771431,-3.9888591766,Salinity,Near-bottom,psu,-3.4888591766,27.5157352984,0.4431278113,-27.0726074871,3
2011-05-05 02:00:00,Upper,113,113,159.1259612203,-31.4329771431,-3.9888591766,Salinity,Near-bottom,psu,-3.4888591766,27.5025182951,0.4794022612,-27.0231160339,3
2011-05-05 03:00:00,Upper,113,113,159.1259612203,-31.4329771431,-3.9888591766,Salinity,Near-bottom,psu,-3.4888591766,27.4270259050,0.5126084517,-26.9144174533,3
2011-05-05 04:00:00,Upper,113,113,159.1259612203,-31.4329771431,-3.9888591766,Salinity,Near-bottom,psu,-3.4888591766,27.3743163226,0.5232384776,-26.8510778450,3
2011-05-05 05:00:00,Upper,113,113,159.1259612203,-31.4329771431,-3.9888591766,Salinity,Near-bottom,psu,-3.4888591766,27.2817070128,0.5200545184,-26.7616524944,3
2011-05-05 06:00:00,Upper,113,113,159.1259612203,-31.4329771431,-3.9888591766,Salinity,Near-bottom,psu,-3.4888591766,27.2029931038,0.5046723467,-26.6983207571,3
2011-05-05 07:00:00,Upper,113,113,159.1259612203,-31.4329771431,-3.9888591766,Salinity,Near-bottom,psu,-3.4888591766,27.1380606375,0.4871495249,-26.6509111126,3
2011-05-05 08:00:00,Upper,113,113,159.1259612203,-31.4329771431,-3.9888591766,Salinity,Near-bottom,psu,-3.4888591766,27.1175509759,0.4625981892,-26.6549527867,3
2011-05-05 09:00:00,Upper,113,113,159.1259612203,-31.4329771431,-3.9888591766,Salinity,Near-bottom,psu,-3.4888591766,27.1168794280,0.4327241760,-26.6841552520,3
2011-05-05 10:00:00,Upper,113,113,159.1259612203,-31.4329771431,-3.9888591766,Salinity,Near-bottom,psu,-3.4888591766,27.1764232046,0.3996722592,-26.7767509454,3
2011-05-05 11:00:00,Upper,113,113,159.1259612203,-31.4329771431,-3.9888591766,Salinity,Near-bottom,psu,-3.4888591766,27.2727576047,0.3701861108,-26.9025714939,3
2011-05-05 12:00:00,Upper,113,113,159.1259612203,-31.4329771431,-3.9888591766,Salinity,Near-bottom,psu,-3.4888591766,27.3479093800,0.3469099618,-27.0009994182,3
2011-05-05 13:00:00,Upper,113,113,159.1259612203,-31.4329771431,-3.9888591766,Salinity,Near-bottom,psu,-3.4888591766,27.4034160990,0.3437748419,-27.0596412571,3
2011-05-05 14:00:00,Upper,113,113,159.1259612203,-31.4329771431,-3.9888591766,Salinity,Near-bottom,psu,-3.4888591766,27.4263400881,0.3729397804,-27.0534003077,3
2011-05-05 15:00:00,Upper,113,113,159.1259612203,-31.4329771431,-3.9888591766,Salinity,Near-bottom,psu,-3.4888591766,27.4333604452,0.4255711791,-27.0077892661,3
2011-05-05 16:00:00,Upper,113,113,159.1259612203,-31.4329771431,-3.9888591766,Salinity,Near-bottom,psu,-3.4888591766,27.3400654592,0.4693898052,-26.8706756540,3
2011-05-05 17:00:00,Upper,113,113,159.1259612203,-31.4329771431,-3.9888591766,Salinity,Near-bottom,psu,-3.4888591766,27.2692944090,0.4787839303,-26.7905104787,3
2011-05-05 18:00:00,Upper,113,113,159.1259612203,-31.4329771431,-3.9888591766,Salinity,Near-bottom,psu,-3.4888591766,27.2564985119,0.4690264681,-26.7874720437,3
2011-05-05 19:00:00,Upper,113,113,159.1259612203,-31.4329771431,-3.9888591766,Salinity,Near-bottom,psu,-3.4888591766,27.2590171118,0.4508397106,-26.8081774012,3
2011-05-05 20:00:00,Upper,113,113,159.1259612203,-31.4329771431,-3.9888591766,Salinity,Near-bottom,psu,-3.4888591766,27.2731449626,0.4322171200,-26.8409278426,3
2011-05-05 21:00:00,Upper,113,113,159.1259612203,-31.4329771431,-3.9888591766,Salinity,Near-bottom,psu,-3.4888591766,27.3059342826,0.4089470761,-26.8969872065,3
2011-05-05 22:00:00,Upper,113,113,159.1259612203,-31.4329771431,-3.9888591766,Salinity,Near-bottom,psu,-3.4888591766,27.3599482630,0.3834786469,-26.9764696161,3
2011-05-05 23:00:00,Upper,113,113,159.1259612203,-31.4329771431,-3.9888591766,Salinity,Near-bottom,psu,-3.4888591766,27.4402522259,0.3593527099,-27.0808995160,3
2011-05-06 00:00:00,Upper,113,113,159.1259612203,-31.4329771431,-3.9888591766,Salinity,Near-bottom,psu,-3.4888591766,27.4560883016,0.3408969510,-27.1151913506,3
2011-05-06 01:00:00,Upper,113,113,159.1259612203,-31.4329771431,-3.9888591766,Salinity,Near-bottom,psu,-3.4888591766,27.5142171107,0.3378667102,-27.1763504005,3
2011-05-06 02:00:00,Upper,113,113,159.1259612203,-31.4329771431,-3.9888591766,Salinity,Near-bottom,psu,-3.4888591766,27.5104127727,0.3645807429,-27.1458320298,3
2011-05-06 03:00:00,Upper,113,113,159.1259612203,-31.4329771431,-3.9888591766,Salinity,Near-bottom,psu,-3.4888591766,27.4943185644,0.4044661467,-27.0898524177,3
2011-05-06 04:00:00,Upper,113,113,159.1259612203,-31.4329771431,-3.9888591766,Salinity,Near-bottom,psu,-3.4888591766,27.3811935402,0.4354097213,-26.9457838189,3
2011-05-06 05:00:00,Upper,113,113,159.1259612203,-31.4329771431,-3.9888591766,Salinity,Near-bottom,psu,-3.4888591766,27.3088612706,0.4449302465,-26.8639310241,3
2011-05-06 06:00:00,Upper,113,113,159.1259612203,-31.4329771431,-3.9888591766,Salinity,Near-bottom,psu,-3.4888591766,27.1966481350,0.4436156385,-26.7530324965,3
2011-05-06 07:00:00,Upper,113,113,159.1259612203,-31.4329771431,-3.9888591766,Salinity,Near-bottom,psu,-3.4888591766,27.0811559812,0.4310421355,-26.6501138456,3
2011-05-06 08:00:00,Upper,113,113,159.1259612203,-31.4329771431,-3.9888591766,Salinity,Near-bottom,psu,-3.4888591766,27.0246995203,0.4141378552,-26.6105616651,3
2011-05-06 09:00:00,Upper,113,113,159.1259612203,-31.4329771431,-3.9888591766,Salinity,Near-bottom,psu,-3.4888591766,27.0062278399,0.3896778152,-26.6165500247,3
2011-05-06 10:00:00,Upper,113,113,159.1259612203,-31.4329771431,-3.9888591766,Salinity,Near-bottom,psu,-3.4888591766,27.0488518901,0.3552236029,-26.6936282872,3
2011-05-06 11:00:00,Upper,113,113,159.1259612203,-31.4329771431,-3.9888591766,Salinity,Near-bottom,psu,-3.4888591766,27.1182894817,0.3220686982,-26.7962207835,3
2011-05-06 12:00:00,Upper,113,113,159.1259612203,-31.4329771431,-3.9888591766,Salinity,Near-bottom,psu,-3.4888591766,27.2163908609,0.2944999950,-26.9218908660,3
2011-05-06 13:00:00,Upper,113,113,159.1259612203,-31.4329771431,-3.9888591766,Salinity,Near-bottom,psu,-3.4888591766,27.3134668635,0.2700614849,-27.0434053786,3
2011-05-06 14:00:00,Upper,113,113,159.1259612203,-31.4329771431,-3.9888591766,Salinity,Near-bottom,psu,-3.4888591766,27.3422539249,0.2842321755,-27.0580217494,3
2011-05-06 15:00:00,Upper,113,113,159.1259612203,-31.4329771431,-3.9888591766,Salinity,Near-bottom,psu,-3.4888591766,27.3555193872,0.3603012551,-26.9952181321,3
2011-05-06 16:00:00,Upper,113,113,159.1259612203,-31.4329771431,-3.9888591766,Salinity,Near-bottom,psu,-3.4888591766,27.3237249544,0.4425091182,-26.8812158362,3
2011-05-06 17:00:00,Upper,113,113,159.1259612203,-31.4329771431,-3.9888591766,Salinity,Near-bottom,psu,-3.4888591766,27.2437794869,0.4738305871,-26.7699488998,3
2011-05-06 18:00:00,Upper,113,113,159.1259612203,-31.4329771431,-3.9888591766,Salinity,Near-bottom,psu,-3.4888591766,27.2031101066,0.4577727547,-26.7453373519,3
2011-05-06 19:00:00,Upper,113,113,159.1259612203,-31.4329771431,-3.9888591766,Salinity,Near-bottom,psu,-3.4888591766,27.1941628284,0.4291756100,-26.7649872184,3
2011-05-06 20:00:00,Upper,113,113,159.1259612203,-31.4329771431,-3.9888591766,Salinity,Near-bottom,psu,-3.4888591766,27.1714623921,0.4024237413,-26.7690386508,3
2011-05-06 21:00:00,Upper,113,113,159.1259612203,-31.4329771431,-3.9888591766,Salinity,Near-bottom,psu,-3.4888591766,27.1721949367,0.3799775660,-26.7922173707,3
2011-05-06 22:00:00,Upper,113,113,159.1259612203,-31.4329771431,-3.9888591766,Salinity,Near-bottom,psu,-3.4888591766,27.2040297907,0.3525734270,-26.8514563637,3
2011-05-06 23:00:00,Upper,113,113,159.1259612203,-31.4329771431,-3.9888591766,Salinity,Near-bottom,psu,-3.4888591766,27.2679193677,0.3249728211,-26.9429465466,3
2011-05-07 00:00:00,Upper,113,113,159.1259612203,-31.4329771431,-3.9888591766,Salinity,Near-bottom,psu,-3.4888591766,27.3476231223,0.2989533648,-27.0486697575,3
2011-05-01 01:00:00,Upper,113,113,159.1259612203,-31.4329771431,-3.9888591766,Salinity,Surface,psu,-0.4003248360,10.0001220911,10.0000000000,-0.0001220911,4
2011-05-01 02:00:00,Upper,113,113,159.1259612203,-31.4329771431,-3.9888591766,Salinity,Surface,psu,-0.5613587075,8.9322180258,10.0000000000,1.0677819742,4
2011-05-01 03:00:00,Upper,113,113,159.1259612203,-31.4329771431,-3.9888591766,Salinity,Surface,psu,-0.5668767782,7.5680115084,9.9998746111,2.4318631027,4
2011-05-01 04:00:00,Upper,113,113,159.1259612203,-31.4329771431,-3.9888591766,Salinity,Surface,psu,-0.6011849296,5.4926483762,9.9914299348,4.4987815586,4
2011-05-01 05:00:00,Upper,113,113,159.1259612203,-31.4329771431,-3.9888591766,Salinity,Surface,psu,-0.5625981109,4.5857352068,9.9156169195,5.3298817127,4
2011-05-01 06:00:00,Upper,113,113,159.1259612203,-31.4329771431,-3.9888591766,Salinity,Surface,psu,-0.5161941787,3.8674814637,9.5281041414,5.6606226777,4
2011-05-01 07:00:00,Upper,113,113,159.1259612203,-31.4329771431,-3.9888591766,Salinity,Surface,psu,-0.4480230727,3.3306608235,8.7276034745,5.3969426509,4
2011-05-01 08:00:00,Upper,113,113,159.1259612203,-31.4329771431,-3.9888591766,Salinity,Surface,psu,-0.3883335693,2.9246940936,7.5139827942,4.5892887006,4
2011-05-01 09:00:00,Upper,113,113,159.1259612203,-31.4329771431,-3.9888591766,Salinity,Surface,psu,-0.3385529582,2.6111388966,6.2822085550,3.6710696584,4
2011-05-01 10:00:00,Upper,113,113,159.1259612203,-31.4329771431,-3.9888591766,Salinity,Surface,psu,-0.3208229543,2.3459753763,5.2024228335,2.8564474572,4
2011-05-01 11:00:00,Upper,113,113,159.1259612203,-31.4329771431,-3.9888591766,Salinity,Surface,psu,-0.3267285877,2.1514316916,4.3931512983,2.2417196067,4
2011-05-01 12:00:00,Upper,113,113,159.1259612203,-31.4329771431,-3.9888591766,Salinity,Surface,psu,-0.3605018249,1.9772762488,3.8248802034,1.8476039546,4
2011-05-01 13:00:00,Upper,113,113,159.1259612203,-31.4329771431,-3.9888591766,Salinity,Surface,psu,-0.4239021944,1.8353801037,3.3933982318,1.5580181282,4
2011-05-01 14:00:00,Upper,113,113,159.1259612203,-31.4329771431,-3.9888591766,Salinity,Surface,psu,-0.4764399215,1.7294313082,3.0380464676,1.3086151594,4
2011-05-01 15:00:00,Upper,113,113,159.1259612203,-31.4329771431,-3.9888591766,Salinity,Surface,psu,-0.5197666910,1.6075953488,2.7332743362,1.1256789874,4
2011-05-01 16:00:00,Upper,113,113,159.1259612203,-31.4329771431,-3.9888591766,Salinity,Surface,psu,-0.5425794470,1.5179077679,2.4914907467,0.9735829788,4
2011-05-01 17:00:00,Upper,113,113,159.1259612203,-31.4329771431,-3.9888591766,Salinity,Surface,psu,-0.5321040564,1.4152661161,2.3073251280,0.8920590119,4
2011-05-01 18:00:00,Upper,113,113,159.1259612203,-31.4329771431,-3.9888591766,Salinity,Surface,psu,-0.4966329742,1.3252258653,2.1591863406,0.8339604753,4
2011-05-01 19:00:00,Upper,113,113,159.1259612203,-31.4329771431,-3.9888591766,Salinity,Surface,psu,-0.4261363209,1.2240641436,2.0441005084,0.8200363647,4
2011-05-01 20:00:00,Upper,113,113,159.1259612203,-31.4329771431,-3.9888591766,Salinity,Surface,psu,-0.3718319489,1.0993893953,1.9548844786,0.8554950833,4
2011-05-01 21:00:00,Upper,113,113,159.1259612203,-31.4329771431,-3.9888591766,Salinity,Surface,psu,-0.3145462078,1.0381428769,1.9025324474,0.8643895705,4
2011-05-01 22:00:00,Upper,113,113,159.1259612203,-31.4329771431,-3.9888591766,Salinity,Surface,psu,-0.2875354776,0.9567475970,1.8958324261,0.9390848291,4
2011-05-01 23:00:00,Upper,113,113,159.1259612203,-31.4329771431,-3.9888591766,Salinity,Surface,psu,-0.2962630024,0.9056815679,1.9111934496,1.0055118817,4
2011-05-02 00:00:00,Upper,113,113,159.1259612203,-31.4329771431,-3.9888591766,Salinity,Surface,psu,-0.3414632784,0.8803256504,1.8986896037,1.0183639533,4
2011-05-02 01:00:00,Upper,113,113,159.1259612203,-31.4329771431,-3.9888591766,Salinity,Surface,psu,-0.4043796437,0.8733345125,1.8410692658,0.9677347533,4
2011-05-02 02:00:00,Upper,113,113,159.1259612203,-31.4329771431,-3.9888591766,Salinity,Surface,psu,-0.4732310922,0.8869410821,1.7629635710,0.8760224888,4
2011-05-02 03:00:00,Upper,113,113,159.1259612203,-31.4329771431,-3.9888591766,Salinity,Surface,psu,-0.5240184981,0.9203353965,1.6722795897,0.7519441932,4
2011-05-02 04:00:00,Upper,113,113,159.1259612203,-31.4329771431,-3.9888591766,Salinity,Surface,psu,-0.5647749884,0.9564200481,1.5977829750,0.6413629269,4
2011-05-02 05:00:00,Upper,113,113,159.1259612203,-31.4329771431,-3.9888591766,Salinity,Surface,psu,-0.5741196465,1.0133268753,1.5390902036,0.5257633284,4
2011-05-02 06:00:00,Upper,113,113,159.1259612203,-31.4329771431,-3.9888591766,Salinity,Surface,psu,-0.5501406406,1.0524923225,1.4812981874,0.4288058650,4
2011-05-02 07:00:00,Upper,113,113,159.1259612203,-31.4329771431,-3.9888591766,Salinity,Surface,psu,-0.4949700895,1.0797678226,1.4254143245,0.3456465019,4
2011-05-02 08:00:00,Upper,113,113,159.1259612203,-31.4329771431,-3.9888591766,Salinity,Surface,psu,-0.4230888636,1.0628292112,1.3822221126,0.3193929014,4
2011-05-02 09:00:00,Upper,113,113,159.1259612203,-31.4329771431,-3.9888591766,Salinity,Surface,psu,-0.3591958709,1.0252676973,1.3607645292,0.3354968319,4
2011-05-02 10:00:00,Upper,113,113,159.1259612203,-31.4329771431,-3.9888591766,Salinity,Surface,psu,-0.3128962178,1.0334801231,1.3776982881,0.3442181650,4
2011-05-02 11:00:00,Upper,113,113,159.1259612203,-31.4329771431,-3.9888591766,Salinity,Surface,psu,-0.2945432499,1.0332271840,1.4429023813,0.4096751973,4
2011-05-02 12:00:00,Upper,113,113,159.1259612203,-31.4329771431,-3.9888591766,Salinity,Surface,psu,-0.3081405039,1.0588571662,1.5052793562,0.4464221901,4
2011-05-02 13:00:00,Upper,113,113,159.1259612203,-31.4329771431,-3.9888591766,Salinity,Surface,psu,-0.3490742377,1.0928803942,1.5065417086,0.4136613144,4
2011-05-02 14:00:00,Upper,113,113,159.1259612203,-31.4329771431,-3.9888591766,Salinity,Surface,psu,-0.4097103323,1.1258739385,1.4655497141,0.3396757756,4
2011-05-02 15:00:00,Upper,113,113,159.1259612203,-31.4329771431,-3.9888591766,Salinity,Surface,psu,-0.4649744880,1.1931170998,1.4252832998,0.2321661999,4
2011-05-02 16:00:00,Upper,113,113,159.1259612203,-31.4329771431,-3.9888591766,Salinity,Surface,psu,-0.5031023385,1.2639008801,1.3817235011,0.1178226210,4
2011-05-02 17:00:00,Upper,113,113,159.1259612203,-31.4329771431,-3.9888591766,Salinity,Surface,psu,-0.5236901516,1.3151384342,1.3404258671,0.0252874330,4
2011-05-02 18:00:00,Upper,113,113,159.1259612203,-31.4329771431,-3.9888591766,Salinity,Surface,psu,-0.5215958875,1.3966987569,1.3026070070,-0.0940917499,4
2011-05-02 19:00:00,Upper,113,113,159.1259612203,-31.4329771431,-3.9888591766,Salinity,Surface,psu,-0.4691665081,1.4173960479,1.2617841685,-0.1556118794,4
2011-05-02 20:00:00,Upper,113,113,159.1259612203,-31.4329771431,-3.9888591766,Salinity,Surface,psu,-0.4102540597,1.3592158495,1.2284796302,-0.1307362193,4
2011-05-02 21:00:00,Upper,113,113,159.1259612203,-31.4329771431,-3.9888591766,Salinity,Surface,psu,-0.3483552766,1.3620629843,1.2072087726,-0.1548542116,4
2011-05-02 22:00:00,Upper,113,113,159.1259612203,-31.4329771431,-3.9888591766,Salinity,Surface,psu,-0.3016251317,1.3669749745,1.2153190667,-0.1516559078,4
2011-05-02 23:00:00,Upper,113,113,159.1259612203,-31.4329771431,-3.9888591766,Salinity,Surface,psu,-0.2844436691,1.3973759995,1.2679478137,-0.1294281858,4
2011-05-03 00:00:00,Upper,113,113,159.1259612203,-31.4329771431,-3.9888591766,Salinity,Surface,psu,-0.3028879179,1.4390130574,1.3334733327,-0.1055397247,4
2011-05-03 01:00:00,Upper,113,113,159.1259612203,-31.4329771431,-3.9888591766,Salinity,Surface,psu,-0.3529555049,1.5284201612,1.3549666070,-0.1734535542,4
2011-05-03 02:00:00,Upper,113,113,159.1259612203,-31.4329771431,-3.9888591766,Salinity,Surface,psu,-0.4133501579,1.5676496787,1.3257193842,-0.2419302945,4
2011-05-03 03:00:00,Upper,113,113,159.1259612203,-31.4329771431,-3.9888591766,Salinity,Surface,psu,-0.4840875842,1.6358979169,1.2881976743,-0.3477002427,4
2011-05-03 04:00:00,Upper,113,113,159.1259612203,-31.4329771431,-3.9888591766,Salinity,Surface,psu,-0.5338587223,1.6984552717,1.2427976121,-0.4556576597,4
2011-05-03 05:00:00,Upper,113,113,159.1259612203,-31.4329771431,-3.9888591766,Salinity,Surface,psu,-0.5799466142,1.7386702948,1.2000928468,-0.5385774480,4
2011-05-03 06:00:00,Upper,113,113,159.1259612203,-31.4329771431,-3.9888591766,Salinity,Surface,psu,-0.5922543417,1.8532838364,1.1561512969,-0.6971325396,4
2011-05-03 07:00:00,Upper,113,113,159.1259612203,-31.4329771431,-3.9888591766,Salinity,Surface,psu,-0.5480875836,1.8498880252,1.1010960030,-0.7487920222,4
2011-05-03 08:00:00,Upper,113,113,159.1259612203,-31.4329771431,-3.9888591766,Salinity,Surface,psu,-0.4938678189,1.7930092420,1.0465842825,-0.7464249595,4
2011-05-03 09:00:00,Upper,113,113,159.1259612203,-31.4329771431,-3.9888591766,Salinity,Surface,psu,-0.4161242165,1.7575766884,1.0012605198,-0.7563161686,4
2011-05-03 10:00:00,Upper,113,113,159.1259612203,-31.4329771431,-3.9888591766,Salinity,Surface,psu,-0.3444689072,1.6563919781,0.9675379095,-0.6888540686,4
2011-05-03 11:00:00,Upper,113,113,159.1259612203,-31.4329771431,-3.9888591766,Salinity,Surface,psu,-0.3031378012,1.6682815211,0.9677459915,-0.7005355296,4
2011-05-03 12:00:00,Upper,113,113,159.1259612203,-31.4329771431,-3.9888591766,Salinity,Surface,psu,-0.2874165804,1.6760023529,1.0157827545,-0.6602195984,4
2011-05-03 13:00:00,Upper,113,113,159.1259612203,-31.4329771431,-3.9888591766,Salinity,Surface,psu,-0.3163773897,1.7139493728,1.0830350243,-0.6309143486,4
2011-05-03 14:00:00,Upper,113,113,159.1259612203,-31.4329771431,-3.9888591766,Salinity,Surface,psu,-0.3576214763,1.7849557981,1.0983256617,-0.6866301363,4
2011-05-03 15:00:00,Upper,113,113,159.1259612203,-31.4329771431,-3.9888591766,Salinity,Surface,psu,-0.4179066528,1.7822890076,1.0666078481,-0.7156811595,4
2011-05-03 16:00:00,Upper,113,113,159.1259612203,-31.4329771431,-3.9888591766,Salinity,Surface,psu,-0.4728691080,1.8253315390,1.0386642355,-0.7866673034,4
2011-05-03 17:00:00,Upper,113,113,159.1259612203,-31.4329771431,-3.9888591766,Salinity,Surface,psu,-0.5161186590,1.8321005903,1.0120522813,-0.8200483090,4
2011-05-03 18:00:00,Upper,113,113,159.1259612203,-31.4329771431,-3.9888591766,Salinity,Surface,psu,-0.5352641884,1.8968168317,0.9841907540,-0.9126260778,4
2011-05-03 19:00:00,Upper,113,113,159.1259612203,-31.4329771431,-3.9888591766,Salinity,Surface,psu,-0.5102144014,1.8893571685,0.9465515191,-0.9428056494,4
2011-05-03 20:00:00,Upper,113,113,159.1259612203,-31.4329771431,-3.9888591766,Salinity,Surface,psu,-0.4738457738,1.8616618184,0.9072770942,-0.9543847242,4
2011-05-03 21:00:00,Upper,113,113,159.1259612203,-31.4329771431,-3.9888591766,Salinity,Surface,psu,-0.3998902031,1.8255129143,0.8682910713,-0.9572218430,4
2011-05-03 22:00:00,Upper,113,113,159.1259612203,-31.4329771431,-3.9888591766,Salinity,Surface,psu,-0.3373385775,1.7506745833,0.8347162621,-0.9159583212,4
2011-05-03 23:00:00,Upper,113,113,159.1259612203,-31.4329771431,-3.9888591766,Salinity,Surface,psu,-0.2904738407,1.7731256730,0.8303500024,-0.9427756706,4
2011-05-04 00:00:00,Upper,113,113,159.1259612203,-31.4329771431,-3.9888591766,Salinity,Surface,psu,-0.2791375993,1.7723760334,0.8673263218,-0.9050497116,4
2011-05-04 01:00:00,Upper,113,113,159.1259612203,-31.4329771431,-3.9888591766,Salinity,Surface,psu,-0.3054888767,1.8374346889,0.9208685457,-0.9165661431,4
2011-05-04 02:00:00,Upper,113,113,159.1259612203,-31.4329771431,-3.9888591766,Salinity,Surface,psu,-0.3546462767,1.8973568681,0.9323227937,-0.9650340744,4
2011-05-04 03:00:00,Upper,113,113,159.1259612203,-31.4329771431,-3.9888591766,Salinity,Surface,psu,-0.4303516427,1.9099911972,0.9057661929,-1.0042250043,4
2011-05-04 04:00:00,Upper,113,113,159.1259612203,-31.4329771431,-3.9888591766,Salinity,Surface,psu,-0.5029330716,1.9829146854,0.8839981685,-1.0989165169,4
2011-05-04 05:00:00,Upper,113,113,159.1259612203,-31.4329771431,-3.9888591766,Salinity,Surface,psu,-0.5521466644,2.0000840865,0.8545811176,-1.1455029689,4
2011-05-04 06:00:00,Upper,113,113,159.1259612203,-31.4329771431,-3.9888591766,Salinity,Surface,psu,-0.5936441965,2.0213756432,0.8265358379,-1.1948398053,4
2011-05-04 07:00:00,Upper,113,113,159.1259612203,-31.4329771431,-3.9888591766,Salinity,Surface,psu,-0.5961454454,2.0858445659,0.7919288531,-1.2939157127,4
2011-05-04 08:00:00,Upper,113,113,159.1259612203,-31.4329771431,-3.9888591766,Salinity,Surface,psu,-0.5523523023,2.0645566025,0.7422193976,-1.3223372049,4
2011-05-04 09:00:00,Upper,113,113,159.1259612203,-31.4329771431,-3.9888591766,Salinity,Surface,psu,-0.4752204987,1.9928484179,0.6879694862,-1.3048789317,4
2011-05-04 10:00:00,Upper,113,113,159.1259612203,-31.4329771431,-3.9888591766,Salinity,Surface,psu,-0.3884700306,1.8463689267,0.6408404553,-1.2055284713,4
2011-05-04 11:00:00,Upper,113,113,159.1259612203,-31.4329771431,-3.9888591766,Salinity,Surface,psu,-0.3196567216,1.7527529782,0.6002445215,-1.1525084567,4
2011-05-04 12:00:00,Upper,113,113,159.1259612203,-31.4329771431,-3.9888591766,Salinity,Surface,psu,-0.2810855531,1.7212330745,0.6040260539,-1.1172070206,4
2011-05-04 13:00:00,Upper,113,113,159.1259612203,-31.4329771431,-3.9888591766,Salinity,Surface,psu,-0.2827142658,1.7351917471,0.6965632875,-1.0386284596,4
2011-05-04 14:00:00,Upper,113,113,159.1259612203,-31.4329771431,-3.9888591766,Salinity,Surface,psu,-0.3088227585,1.7721577089,0.8198863947,-0.9522713143,4
2011-05-04 15:00:00,Upper,113,113,159.1259612203,-31.4329771431,-3.9888591766,Salinity,Surface,psu,-0.3711090511,1.8334436412,0.8534748585,-0.9799687827,4
2011-05-04 16:00:00,Upper,113,113,159.1259612203,-31.4329771431,-3.9888591766,Salinity,Surface,psu,-0.4316687355,1.9018728808,0.7898417766,-1.1120311042,4
2011-05-04 17:00:00,Upper,113,113,159.1259612203,-31.4329771431,-3.9888591766,Salinity,Surface,psu,-0.4874264155,1.9793966664,0.7198830147,-1.2595136517,4
2011-05-04 18:00:00,Upper,113,113,159.1259612203,-31.4329771431,-3.9888591766,Salinity,Surface,psu,-0.5285429534,2.0368854099,0.6601512127,-1.3767341972,4
2011-05-04 19:00:00,Upper,113,113,159.1259612203,-31.4329771431,-3.9888591766,Salinity,Surface,psu,-0.5523490991,2.0847032264,0.6251299989,-1.4595732276,4
2011-05-04 20:00:00,Upper,113,113,159.1259612203,-31.4329771431,-3.9888591766,Salinity,Surface,psu,-0.5308655165,2.1117215675,0.5959293296,-1.5157922379,4
2011-05-04 21:00:00,Upper,113,113,159.1259612203,-31.4329771431,-3.9888591766,Salinity,Surface,psu,-0.4729229061,2.0561076996,0.5600977490,-1.4960099506,4
2011-05-04 22:00:00,Upper,113,113,159.1259612203,-31.4329771431,-3.9888591766,Salinity,Surface,psu,-0.4063118150,1.9484885017,0.5273502517,-1.4211382500,4
2011-05-04 23:00:00,Upper,113,113,159.1259612203,-31.4329771431,-3.9888591766,Salinity,Surface,psu,-0.3500291359,1.8936036726,0.4998105025,-1.3937931701,4
2011-05-05 00:00:00,Upper,113,113,159.1259612203,-31.4329771431,-3.9888591766,Salinity,Surface,psu,-0.3053362107,1.8830964465,0.4912611725,-1.3918352740,4
2011-05-05 01:00:00,Upper,113,113,159.1259612203,-31.4329771431,-3.9888591766,Salinity,Surface,psu,-0.3036709317,1.8942229861,0.5279783565,-1.3662446296,4
2011-05-05 02:00:00,Upper,113,113,159.1259612203,-31.4329771431,-3.9888591766,Salinity,Surface,psu,-0.3283231051,1.9373439194,0.5824254049,-1.3549185145,4
2011-05-05 03:00:00,Upper,113,113,159.1259612203,-31.4329771431,-3.9888591766,Salinity,Surface,psu,-0.3889369793,1.9750303578,0.6120418416,-1.3629885161,4
2011-05-05 04:00:00,Upper,113,113,159.1259612203,-31.4329771431,-3.9888591766,Salinity,Surface,psu,-0.4574190514,1.9851104182,0.6101425501,-1.3749678681,4
2011-05-05 05:00:00,Upper,113,113,159.1259612203,-31.4329771431,-3.9888591766,Salinity,Surface,psu,-0.5348093904,2.0292917947,0.6017720460,-1.4275197487,4
2011-05-05 06:00:00,Upper,113,113,159.1259612203,-31.4329771431,-3.9888591766,Salinity,Surface,psu,-0.5807579160,2.0692735641,0.5851574741,-1.4841160901,4
2011-05-05 07:00:00,Upper,113,113,159.1259612203,-31.4329771431,-3.9888591766,Salinity,Surface,psu,-0.6147651429,2.1023696569,0.5700949288,-1.5322747281,4
2011-05-05 08:00:00,Upper,113,113,159.1259612203,-31.4329771431,-3.9888591766,Salinity,Surface,psu,-0.5925091097,2.1342517898,0.5417831090,-1.5924686808,4
2011-05-05 09:00:00,Upper,113,113,159.1259612203,-31.4329771431,-3.9888591766,Salinity,Surface,psu,-0.5533843687,2.0597814948,0.5046267166,-1.5551547783,4
2011-05-05 10:00:00,Upper,113,113,159.1259612203,-31.4329771431,-3.9888591766,Salinity,Surface,psu,-0.4749296640,2.0255075954,0.4643922954,-1.5611153000,4
2011-05-05 11:00:00,Upper,113,113,159.1259612203,-31.4329771431,-3.9888591766,Salinity,Surface,psu,-0.3917930826,1.8618454650,0.4305022962,-1.4313431688,4
2011-05-05 12:00:00,Upper,113,113,159.1259612203,-31.4329771431,-3.9888591766,Salinity,Surface,psu,-0.3253795336,1.8204122021,0.4040137935,-1.4163984086,4
2011-05-05 13:00:00,Upper,113,113,159.1259612203,-31.4329771431,-3.9888591766,Salinity,Surface,psu,-0.2867845718,1.8089994941,0.4113184105,-1.3976810836,4
2011-05-05 14:00:00,Upper,113,113,159.1259612203,-31.4329771431,-3.9888591766,Salinity,Surface,psu,-0.2816183766,1.8402873591,0.4681590284,-1.3721283307,4
2011-05-05 15:00:00,Upper,113,113,159.1259612203,-31.4329771431,-3.9888591766,Salinity,Surface,psu,-0.3138793567,1.8662974708,0.5417772002,-1.3245202706,4
2011-05-05 16:00:00,Upper,113,113,159.1259612203,-31.4329771431,-3.9888591766,Salinity,Surface,psu,-0.3854875151,1.9286878743,0.5768210561,-1.3518668182,4
2011-05-05 17:00:00,Upper,113,113,159.1259612203,-31.4329771431,-3.9888591766,Salinity,Surface,psu,-0.4498660677,1.9826609208,0.5665317127,-1.4161292080,4
2011-05-05 18:00:00,Upper,113,113,159.1259612203,-31.4329771431,-3.9888591766,Salinity,Surface,psu,-0.5043045736,1.9976879882,0.5475933935,-1.4500945947,4
2011-05-05 19:00:00,Upper,113,113,159.1259612203,-31.4329771431,-3.9888591766,Salinity,Surface,psu,-0.5423981847,2.0403292536,0.5282729768,-1.5120562769,4
2011-05-05 20:00:00,Upper,113,113,159.1259612203,-31.4329771431,-3.9888591766,Salinity,Surface,psu,-0.5471312664,2.1004295598,0.5124086658,-1.5880208940,4
2011-05-05 21:00:00,Upper,113,113,159.1259612203,-31.4329771431,-3.9888591766,Salinity,Surface,psu,-0.5085083008,2.0779248732,0.4861342392,-1.5917906341,4
2011-05-05 22:00:00,Upper,113,113,159.1259612203,-31.4329771431,-3.9888591766,Salinity,Surface,psu,-0.4453936152,2.0269878985,0.4551588546,-1.5718290438,4
2011-05-05 23:00:00,Upper,113,113,159.1259612203,-31.4329771431,-3.9888591766,Salinity,Surface,psu,-0.3733145118,1.9167863692,0.4249510658,-1.4918353034,4
2011-05-06 00:00:00,Upper,113,113,159.1259612203,-31.4329771431,-3.9888591766,Salinity,Surface,psu,-0.3224765577,1.9220531454,0.4042002619,-1.5178528835,4
2011-05-06 01:00:00,Upper,113,113,159.1259612203,-31.4329771431,-3.9888591766,Salinity,Surface,psu,-0.2742281144,1.9287035626,0.4089781920,-1.5197253706,4
2011-05-06 02:00:00,Upper,113,113,159.1259612203,-31.4329771431,-3.9888591766,Salinity,Surface,psu,-0.2812762886,1.9361534072,0.4573701459,-1.4787832613,4
2011-05-06 03:00:00,Upper,113,113,159.1259612203,-31.4329771431,-3.9888591766,Salinity,Surface,psu,-0.3215982151,2.0006325147,0.5113950227,-1.4892374920,4
2011-05-06 04:00:00,Upper,113,113,159.1259612203,-31.4329771431,-3.9888591766,Salinity,Surface,psu,-0.3988304928,2.0614254799,0.5339498652,-1.5274756147,4
2011-05-06 05:00:00,Upper,113,113,159.1259612203,-31.4329771431,-3.9888591766,Salinity,Surface,psu,-0.4732726858,2.0877890111,0.5318598113,-1.5559291999,4
2011-05-06 06:00:00,Upper,113,113,159.1259612203,-31.4329771431,-3.9888591766,Salinity,Surface,psu,-0.5638719260,2.1286444465,0.5253542841,-1.6032901625,4
2011-05-06 07:00:00,Upper,113,113,159.1259612203,-31.4329771431,-3.9888591766,Salinity,Surface,psu,-0.6093859327,2.2175943849,0.5119830805,-1.7056113044,4
2011-05-06 08:00:00,Upper,113,113,159.1259612203,-31.4329771431,-3.9888591766,Salinity,Surface,psu,-0.6325953677,2.2098438761,0.4943520298,-1.7154918463,4
2011-05-06 09:00:00,Upper,113,113,159.1259612203,-31.4329771431,-3.9888591766,Salinity,Surface,psu,-0.6055689376,2.2761696629,0.4646579271,-1.8115117358,4
2011-05-06 10:00:00,Upper,113,113,159.1259612203,-31.4329771431,-3.9888591766,Salinity,Surface,psu,-0.5281848979,2.1966860471,0.4204038646,-1.7762821825,4
2011-05-06 11:00:00,Upper,113,113,159.1259612203,-31.4329771431,-3.9888591766,Salinity,Surface,psu,-0.4411599623,2.0362227434,0.3793420171,-1.6568807264,4
2011-05-06 12:00:00,Upper,113,113,159.1259612203,-31.4329771431,-3.9888591766,Salinity,Surface,psu,-0.3576525173,1.9200138713,0.3481788830,-1.5718349883,4
2011-05-06 13:00:00,Upper,113,113,159.1259612203,-31.4329771431,-3.9888591766,Salinity,Surface,psu,-0.2791992251,1.8681909736,0.3201044796,-1.5480864940,4
2011-05-06 14:00:00,Upper,113,113,159.1259612203,-31.4329771431,-3.9888591766,Salinity,Surface,psu,-0.2559962781,1.8348212117,0.3514792080,-1.4833420036,4
2011-05-06 15:00:00,Upper,113,113,159.1259612203,-31.4329771431,-3.9888591766,Salinity,Surface,psu,-0.2624711639,1.8954894861,0.4671727349,-1.4283167512,4
2011-05-06 16:00:00,Upper,113,113,159.1259612203,-31.4329771431,-3.9888591766,Salinity,Surface,psu,-0.3141256956,1.9305503122,0.5735626540,-1.3569876582,4
2011-05-06 17:00:00,Upper,113,113,159.1259612203,-31.4329771431,-3.9888591766,Salinity,Surface,psu,-0.3842089082,2.0208279535,0.5821679524,-1.4386600010,4
2011-05-06 18:00:00,Upper,113,113,159.1259612203,-31.4329771431,-3.9888591766,Salinity,Surface,psu,-0.4501111918,2.0528132694,0.5368888487,-1.5159244207,4
2011-05-06 19:00:00,Upper,113,113,159.1259612203,-31.4329771431,-3.9888591766,Salinity,Surface,psu,-0.5084913411,2.0520362608,0.4989698097,-1.5530664511,4
2011-05-06 20:00:00,Upper,113,113,159.1259612203,-31.4329771431,-3.9888591766,Salinity,Surface,psu,-0.5557076297,2.1111298489,0.4741483217,-1.6369815272,4
2011-05-06 21:00:00,Upper,113,113,159.1259612203,-31.4329771431,-3.9888591766,Salinity,Surface,psu,-0.5510911139,2.2004543629,0.4542120252,-1.7462423376,4
2011-05-06 22:00:00,Upper,113,113,159.1259612203,-31.4329771431,-3.9888591766,Salinity,Surface,psu,-0.4962302480,2.1619861422,0.4218434987,-1.7401426435,4
2011-05-06 23:00:00,Upper,113,113,159.1259612203,-31.4329771431,-3.9888591766,Salinity,Surface,psu,-0.4207623965,2.0653060295,0.3876349600,-1.6776710695,4
2011-05-07 00:00:00,Upper,113,113,159.1259612203,-31.4329771431,-3.9888591766,Salinity,Surface,psu,-0.3464754775,2.0007411317,0.3550865998,-1.6456545319,4
2011-05-01 01:00:00,Upper,113,113,159.1259612203,-31.4329771431,-3.9888591766,Temperature,Mid-depth,°C,-1.9445920063,19.9668465129,19.9346807948,-0.0321657180,4
2011-05-01 02:00:00,Upper,113,113,159.1259612203,-31.4329771431,-3.9888591766,Temperature,Mid-depth,°C,-2.0251089421,19.7534811596,19.8521401572,0.0986589976,4
2011-05-01 03:00:00,Upper,113,113,159.1259612203,-31.4329771431,-3.9888591766,Temperature,Mid-depth,°C,-2.0278679774,19.7867509440,19.7716199534,-0.0151309906,4
2011-05-01 04:00:00,Upper,113,113,159.1259612203,-31.4329771431,-3.9888591766,Temperature,Mid-depth,°C,-2.0450220531,19.4095634205,19.6919126355,0.2823492150,4
2011-05-01 05:00:00,Upper,113,113,159.1259612203,-31.4329771431,-3.9888591766,Temperature,Mid-depth,°C,-2.0257286438,19.1702481738,19.5571400579,0.3868918842,4
2011-05-01 06:00:00,Upper,113,113,159.1259612203,-31.4329771431,-3.9888591766,Temperature,Mid-depth,°C,-2.0025266777,18.7265737263,19.1239827122,0.3974089859,4
2011-05-01 07:00:00,Upper,113,113,159.1259612203,-31.4329771431,-3.9888591766,Temperature,Mid-depth,°C,-1.9684411247,18.3087555457,18.3119317947,0.0031762490,4
2011-05-01 08:00:00,Upper,113,113,159.1259612203,-31.4329771431,-3.9888591766,Temperature,Mid-depth,°C,-1.9385963729,18.0658824056,17.1282389986,-0.9376434069,4
2011-05-01 09:00:00,Upper,113,113,159.1259612203,-31.4329771431,-3.9888591766,Temperature,Mid-depth,°C,-1.9137060674,17.8597202228,15.9498172429,-1.9099029800,4
2011-05-01 10:00:00,Upper,113,113,159.1259612203,-31.4329771431,-3.9888591766,Temperature,Mid-depth,°C,-1.9048410655,17.5735923465,14.9279880794,-2.6456042672,4
2011-05-01 11:00:00,Upper,113,113,159.1259612203,-31.4329771431,-3.9888591766,Temperature,Mid-depth,°C,-1.9077938822,17.2679753707,14.1659532099,-3.1020221608,4
2011-05-01 12:00:00,Upper,113,113,159.1259612203,-31.4329771431,-3.9888591766,Temperature,Mid-depth,°C,-1.9246805008,16.8756385199,13.6340836751,-3.2415548448,4
2011-05-01 13:00:00,Upper,113,113,159.1259612203,-31.4329771431,-3.9888591766,Temperature,Mid-depth,°C,-1.9563806855,16.4854080611,13.2346393013,-3.2507687598,4
2011-05-01 14:00:00,Upper,113,113,159.1259612203,-31.4329771431,-3.9888591766,Temperature,Mid-depth,°C,-1.9826495491,16.1222719715,12.9059302299,-3.2163417416,4
2011-05-01 15:00:00,Upper,113,113,159.1259612203,-31.4329771431,-3.9888591766,Temperature,Mid-depth,°C,-2.0043129338,15.7813446835,12.6192367039,-3.1621079796,4
2011-05-01 16:00:00,Upper,113,113,159.1259612203,-31.4329771431,-3.9888591766,Temperature,Mid-depth,°C,-2.0157193118,15.5880871951,12.3842694183,-3.2038177768,4
2011-05-01 17:00:00,Upper,113,113,159.1259612203,-31.4329771431,-3.9888591766,Temperature,Mid-depth,°C,-2.0104816165,15.4819540208,12.1926828059,-3.2892712149,4
2011-05-01 18:00:00,Upper,113,113,159.1259612203,-31.4329771431,-3.9888591766,Temperature,Mid-depth,°C,-1.9927460754,15.3988750114,12.0211902098,-3.3776848016,4
2011-05-01 19:00:00,Upper,113,113,159.1259612203,-31.4329771431,-3.9888591766,Temperature,Mid-depth,°C,-1.9574977487,15.3235645429,11.8745681942,-3.4489963487,4
2011-05-01 20:00:00,Upper,113,113,159.1259612203,-31.4329771431,-3.9888591766,Temperature,Mid-depth,°C,-1.9303455628,15.1651415605,11.7496015679,-3.4155399926,4
2011-05-01 21:00:00,Upper,113,113,159.1259612203,-31.4329771431,-3.9888591766,Temperature,Mid-depth,°C,-1.9017026922,15.0734056722,11.6591036960,-3.4143019762,4
2011-05-01 22:00:00,Upper,113,113,159.1259612203,-31.4329771431,-3.9888591766,Temperature,Mid-depth,°C,-1.8881973271,14.9362923328,11.6076599616,-3.3286323713,4
2011-05-01 23:00:00,Upper,113,113,159.1259612203,-31.4329771431,-3.9888591766,Temperature,Mid-depth,°C,-1.8925610895,14.8312947186,11.5754455969,-3.2558491217,4
2011-05-02 00:00:00,Upper,113,113,159.1259612203,-31.4329771431,-3.9888591766,Temperature,Mid-depth,°C,-1.9151612275,14.7395302182,11.5229096453,-3.2166205729,4
2011-05-02 01:00:00,Upper,113,113,159.1259612203,-31.4329771431,-3.9888591766,Temperature,Mid-depth,°C,-1.9466194102,14.6914808689,11.4361191178,-3.2553617511,4
2011-05-02 02:00:00,Upper,113,113,159.1259612203,-31.4329771431,-3.9888591766,Temperature,Mid-depth,°C,-1.9810451344,14.7968902453,11.3340308407,-3.4628594047,4
2011-05-02 03:00:00,Upper,113,113,159.1259612203,-31.4329771431,-3.9888591766,Temperature,Mid-depth,°C,-2.0064388374,15.0346522893,11.2272329161,-3.8074193732,4
2011-05-02 04:00:00,Upper,113,113,159.1259612203,-31.4329771431,-3.9888591766,Temperature,Mid-depth,°C,-2.0268170825,15.3848783703,11.1399631027,-4.2449152676,4
2011-05-02 05:00:00,Upper,113,113,159.1259612203,-31.4329771431,-3.9888591766,Temperature,Mid-depth,°C,-2.0314894116,15.8116906673,11.0712699753,-4.7404206920,4
2011-05-02 06:00:00,Upper,113,113,159.1259612203,-31.4329771431,-3.9888591766,Temperature,Mid-depth,°C,-2.0194999086,15.9463797414,11.0085081003,-4.9378716410,4
2011-05-02 07:00:00,Upper,113,113,159.1259612203,-31.4329771431,-3.9888591766,Temperature,Mid-depth,°C,-1.9919146331,15.9090577396,10.9528280224,-4.9562297172,4
2011-05-02 08:00:00,Upper,113,113,159.1259612203,-31.4329771431,-3.9888591766,Temperature,Mid-depth,°C,-1.9559740201,15.7815645271,10.9151042601,-4.8664602670,4
2011-05-02 09:00:00,Upper,113,113,159.1259612203,-31.4329771431,-3.9888591766,Temperature,Mid-depth,°C,-1.9240275237,15.6072296882,10.9041267243,-4.7031029639,4
2011-05-02 10:00:00,Upper,113,113,159.1259612203,-31.4329771431,-3.9888591766,Temperature,Mid-depth,°C,-1.9008776972,15.4020545880,10.9321434304,-4.4699111577,4
2011-05-02 11:00:00,Upper,113,113,159.1259612203,-31.4329771431,-3.9888591766,Temperature,Mid-depth,°C,-1.8917012132,15.2155087121,11.0054863034,-4.2100224088,4
2011-05-02 12:00:00,Upper,113,113,159.1259612203,-31.4329771431,-3.9888591766,Temperature,Mid-depth,°C,-1.8984998403,15.0595540001,11.0871214414,-3.9724325588,4
2011-05-02 13:00:00,Upper,113,113,159.1259612203,-31.4329771431,-3.9888591766,Temperature,Mid-depth,°C,-1.9189667071,14.9236237199,11.1298786354,-3.7937450845,4
2011-05-02 14:00:00,Upper,113,113,159.1259612203,-31.4329771431,-3.9888591766,Temperature,Mid-depth,°C,-1.9492847545,14.8222819464,11.1351614532,-3.6871204932,4
2011-05-02 15:00:00,Upper,113,113,159.1259612203,-31.4329771431,-3.9888591766,Temperature,Mid-depth,°C,-1.9769168323,14.7010173981,11.1217344582,-3.5792829398,4
2011-05-02 16:00:00,Upper,113,113,159.1259612203,-31.4329771431,-3.9888591766,Temperature,Mid-depth,°C,-1.9959807576,14.6124964033,11.0893288976,-3.5231675057,4
2011-05-02 17:00:00,Upper,113,113,159.1259612203,-31.4329771431,-3.9888591766,Temperature,Mid-depth,°C,-2.0062746641,14.5297520476,11.0396000509,-3.4901519967,4
2011-05-02 18:00:00,Upper,113,113,159.1259612203,-31.4329771431,-3.9888591766,Temperature,Mid-depth,°C,-2.0052275321,14.4975467657,10.9730798809,-3.5244668848,4
2011-05-02 19:00:00,Upper,113,113,159.1259612203,-31.4329771431,-3.9888591766,Temperature,Mid-depth,°C,-1.9790128424,14.4467207965,10.8994514885,-3.5472693080,4
2011-05-02 20:00:00,Upper,113,113,159.1259612203,-31.4329771431,-3.9888591766,Temperature,Mid-depth,°C,-1.9495566182,14.3546195183,10.8300632588,-3.5245562595,4
2011-05-02 21:00:00,Upper,113,113,159.1259612203,-31.4329771431,-3.9888591766,Temperature,Mid-depth,°C,-1.9186072266,14.3353435753,10.7701007133,-3.5652428620,4
2011-05-02 22:00:00,Upper,113,113,159.1259612203,-31.4329771431,-3.9888591766,Temperature,Mid-depth,°C,-1.8952421542,14.2156821551,10.7303588926,-3.4853232624,4
2011-05-02 23:00:00,Upper,113,113,159.1259612203,-31.4329771431,-3.9888591766,Temperature,Mid-depth,°C,-1.8866514229,14.0990902459,10.7194770493,-3.3796131966,4
2011-05-03 00:00:00,Upper,113,113,159.1259612203,-31.4329771431,-3.9888591766,Temperature,Mid-depth,°C,-1.8958735472,13.9799131910,10.7215627389,-3.2583504522,4
2011-05-03 01:00:00,Upper,113,113,159.1259612203,-31.4329771431,-3.9888591766,Temperature,Mid-depth,°C,-1.9209073408,13.8938478590,10.7039907978,-3.1898570612,4
2011-05-03 02:00:00,Upper,113,113,159.1259612203,-31.4329771431,-3.9888591766,Temperature,Mid-depth,°C,-1.9511046673,13.8250107279,10.6592607415,-3.1657499863,4
2011-05-03 03:00:00,Upper,113,113,159.1259612203,-31.4329771431,-3.9888591766,Temperature,Mid-depth,°C,-1.9864733804,13.7082105011,10.6040511025,-3.1041593985,4
2011-05-03 04:00:00,Upper,113,113,159.1259612203,-31.4329771431,-3.9888591766,Temperature,Mid-depth,°C,-2.0113589494,13.6377296709,10.5424149218,-3.0953147491,4
2011-05-03 05:00:00,Upper,113,113,159.1259612203,-31.4329771431,-3.9888591766,Temperature,Mid-depth,°C,-2.0344028954,13.5403676993,10.4833349495,-3.0570327498,4
2011-05-03 06:00:00,Upper,113,113,159.1259612203,-31.4329771431,-3.9888591766,Temperature,Mid-depth,°C,-2.0405567592,13.5667111138,10.4271600958,-3.1395510180,4
2011-05-03 07:00:00,Upper,113,113,159.1259612203,-31.4329771431,-3.9888591766,Temperature,Mid-depth,°C,-2.0184733801,13.5553394289,10.3778355927,-3.1775038362,4
2011-05-03 08:00:00,Upper,113,113,159.1259612203,-31.4329771431,-3.9888591766,Temperature,Mid-depth,°C,-1.9913634977,13.5381707557,10.3493583686,-3.1888123870,4
2011-05-03 09:00:00,Upper,113,113,159.1259612203,-31.4329771431,-3.9888591766,Temperature,Mid-depth,°C,-1.9524916966,13.6084197384,10.3497452225,-3.2586745160,4
2011-05-03 10:00:00,Upper,113,113,159.1259612203,-31.4329771431,-3.9888591766,Temperature,Mid-depth,°C,-1.9166640419,13.6284347678,10.3817277371,-3.2467070306,4
2011-05-03 11:00:00,Upper,113,113,159.1259612203,-31.4329771431,-3.9888591766,Temperature,Mid-depth,°C,-1.8959984889,13.6324755026,10.4533115126,-3.1791639900,4
2011-05-03 12:00:00,Upper,113,113,159.1259612203,-31.4329771431,-3.9888591766,Temperature,Mid-depth,°C,-1.8881378785,13.6628450001,10.5603339032,-3.1025110969,4
2011-05-03 13:00:00,Upper,113,113,159.1259612203,-31.4329771431,-3.9888591766,Temperature,Mid-depth,°C,-1.9026182832,13.6660687504,10.6756898474,-2.9903789030,4
2011-05-03 14:00:00,Upper,113,113,159.1259612203,-31.4329771431,-3.9888591766,Temperature,Mid-depth,°C,-1.9232403265,13.6880529920,10.7511682710,-2.9368847210,4
2011-05-03 15:00:00,Upper,113,113,159.1259612203,-31.4329771431,-3.9888591766,Temperature,Mid-depth,°C,-1.9533829147,13.6722893739,10.7783676362,-2.8939217376,4
2011-05-03 16:00:00,Upper,113,113,159.1259612203,-31.4329771431,-3.9888591766,Temperature,Mid-depth,°C,-1.9808641423,13.6518736291,10.7727108433,-2.8791627858,4
2011-05-03 17:00:00,Upper,113,113,159.1259612203,-31.4329771431,-3.9888591766,Temperature,Mid-depth,°C,-2.0024889178,13.6314878596,10.7347282605,-2.8967595991,4
2011-05-03 18:00:00,Upper,113,113,159.1259612203,-31.4329771431,-3.9888591766,Temperature,Mid-depth,°C,-2.0120616825,13.6680684461,10.6717451159,-2.9963233302,4
2011-05-03 19:00:00,Upper,113,113,159.1259612203,-31.4329771431,-3.9888591766,Temperature,Mid-depth,°C,-1.9995367890,13.6735311454,10.5984286347,-3.0751025108,4
2011-05-03 20:00:00,Upper,113,113,159.1259612203,-31.4329771431,-3.9888591766,Temperature,Mid-depth,°C,-1.9813524752,13.6546870819,10.5209428190,-3.1337442629,4
2011-05-03 21:00:00,Upper,113,113,159.1259612203,-31.4329771431,-3.9888591766,Temperature,Mid-depth,°C,-1.9443746899,13.6956272965,10.4453958418,-3.2502314547,4
2011-05-03 22:00:00,Upper,113,113,159.1259612203,-31.4329771431,-3.9888591766,Temperature,Mid-depth,°C,-1.9130988770,13.6653384074,10.3738641952,-3.2914742122,4
2011-05-03 23:00:00,Upper,113,113,159.1259612203,-31.4329771431,-3.9888591766,Temperature,Mid-depth,°C,-1.8896665087,13.6167357132,10.3136280988,-3.3031076143,4
2011-05-04 00:00:00,Upper,113,113,159.1259612203,-31.4329771431,-3.9888591766,Temperature,Mid-depth,°C,-1.8839983880,13.5265817903,10.2707325933,-3.2558491969,4
2011-05-04 01:00:00,Upper,113,113,159.1259612203,-31.4329771431,-3.9888591766,Temperature,Mid-depth,°C,-1.8971740267,13.4384820316,10.2386323034,-3.1998497281,4
2011-05-04 02:00:00,Upper,113,113,159.1259612203,-31.4329771431,-3.9888591766,Temperature,Mid-depth,°C,-1.9217527266,13.3543992142,10.1990557916,-3.1553434226,4
2011-05-04 03:00:00,Upper,113,113,159.1259612203,-31.4329771431,-3.9888591766,Temperature,Mid-depth,°C,-1.9596054097,13.2711335658,10.1524820787,-3.1186514871,4
2011-05-04 04:00:00,Upper,113,113,159.1259612203,-31.4329771431,-3.9888591766,Temperature,Mid-depth,°C,-1.9958961241,13.1850548141,10.1096224907,-3.0754323234,4
2011-05-04 05:00:00,Upper,113,113,159.1259612203,-31.4329771431,-3.9888591766,Temperature,Mid-depth,°C,-2.0205029205,13.1280552446,10.0688501890,-3.0592050555,4
2011-05-04 06:00:00,Upper,113,113,159.1259612203,-31.4329771431,-3.9888591766,Temperature,Mid-depth,°C,-2.0412516866,13.0698691895,10.0306275973,-3.0392415922,4
2011-05-04 07:00:00,Upper,113,113,159.1259612203,-31.4329771431,-3.9888591766,Temperature,Mid-depth,°C,-2.0425023110,13.1106064449,9.9990038949,-3.1116025500,4
2011-05-04 08:00:00,Upper,113,113,159.1259612203,-31.4329771431,-3.9888591766,Temperature,Mid-depth,°C,-2.0206057395,13.1484274143,9.9857042607,-3.1627231536,4
2011-05-04 09:00:00,Upper,113,113,159.1259612203,-31.4329771431,-3.9888591766,Temperature,Mid-depth,°C,-1.9820398377,13.2169615280,9.9977676142,-3.2191939138,4
2011-05-04 10:00:00,Upper,113,113,159.1259612203,-31.4329771431,-3.9888591766,Temperature,Mid-depth,°C,-1.9386646036,13.2428429753,10.0368221794,-3.2060207959,4
2011-05-04 11:00:00,Upper,113,113,159.1259612203,-31.4329771431,-3.9888591766,Temperature,Mid-depth,°C,-1.9042579491,13.2544080416,10.0873879258,-3.1670201158,4
2011-05-04 12:00:00,Upper,113,113,159.1259612203,-31.4329771431,-3.9888591766,Temperature,Mid-depth,°C,-1.8849723649,13.2142614686,10.1521947971,-3.0620666715,4
2011-05-04 13:00:00,Upper,113,113,159.1259612203,-31.4329771431,-3.9888591766,Temperature,Mid-depth,°C,-1.8857867212,13.2245316364,10.2399659897,-2.9845656467,4
2011-05-04 14:00:00,Upper,113,113,159.1259612203,-31.4329771431,-3.9888591766,Temperature,Mid-depth,°C,-1.8988409676,13.2767031549,10.3232206016,-2.9534825533,4
2011-05-04 15:00:00,Upper,113,113,159.1259612203,-31.4329771431,-3.9888591766,Temperature,Mid-depth,°C,-1.9299841139,13.2764572708,10.3667599082,-2.9096973626,4
2011-05-04 16:00:00,Upper,113,113,159.1259612203,-31.4329771431,-3.9888591766,Temperature,Mid-depth,°C,-1.9602639560,13.3146860762,10.3618172986,-2.9528687776,4
2011-05-04 17:00:00,Upper,113,113,159.1259612203,-31.4329771431,-3.9888591766,Temperature,Mid-depth,°C,-1.9881427961,13.3021423190,10.3259641754,-2.9761781436,4
2011-05-04 18:00:00,Upper,113,113,159.1259612203,-31.4329771431,-3.9888591766,Temperature,Mid-depth,°C,-2.0087010650,13.2859601124,10.2695473730,-3.0164127394,4
2011-05-04 19:00:00,Upper,113,113,159.1259612203,-31.4329771431,-3.9888591766,Temperature,Mid-depth,°C,-2.0206041379,13.2858606401,10.2015577856,-3.0843028545,4
2011-05-04 20:00:00,Upper,113,113,159.1259612203,-31.4329771431,-3.9888591766,Temperature,Mid-depth,°C,-2.0098623466,13.3280081468,10.1285380681,-3.1994700787,4
2011-05-04 21:00:00,Upper,113,113,159.1259612203,-31.4329771431,-3.9888591766,Temperature,Mid-depth,°C,-1.9808910414,13.3509945429,10.0549957765,-3.2959987664,4
2011-05-04 22:00:00,Upper,113,113,159.1259612203,-31.4329771431,-3.9888591766,Temperature,Mid-depth,°C,-1.9475854958,13.3323926421,9.9824911868,-3.3499014553,4
2011-05-04 23:00:00,Upper,113,113,159.1259612203,-31.4329771431,-3.9888591766,Temperature,Mid-depth,°C,-1.9194441563,13.3322932585,9.9118994867,-3.4203937718,4
2011-05-05 00:00:00,Upper,113,113,159.1259612203,-31.4329771431,-3.9888591766,Temperature,Mid-depth,°C,-1.8970976936,13.2822149537,9.8479081635,-3.4343067902,4
2011-05-05 01:00:00,Upper,113,113,159.1259612203,-31.4329771431,-3.9888591766,Temperature,Mid-depth,°C,-1.8962650542,13.1942386606,9.7933273859,-3.4009112747,4
2011-05-05 02:00:00,Upper,113,113,159.1259612203,-31.4329771431,-3.9888591766,Temperature,Mid-depth,°C,-1.9085911409,13.1172309293,9.7479683270,-3.3692626023,4
2011-05-05 03:00:00,Upper,113,113,159.1259612203,-31.4329771431,-3.9888591766,Temperature,Mid-depth,°C,-1.9388980780,13.0351122465,9.7077326997,-3.3273795468,4
2011-05-05 04:00:00,Upper,113,113,159.1259612203,-31.4329771431,-3.9888591766,Temperature,Mid-depth,°C,-1.9731391140,12.9356221370,9.6702457351,-3.2653764019,4
2011-05-05 05:00:00,Upper,113,113,159.1259612203,-31.4329771431,-3.9888591766,Temperature,Mid-depth,°C,-2.0118342835,12.8233811681,9.6349859105,-3.1883952576,4
2011-05-05 06:00:00,Upper,113,113,159.1259612203,-31.4329771431,-3.9888591766,Temperature,Mid-depth,°C,-2.0348085463,12.8076410615,9.6022772988,-3.2053637627,4
2011-05-05 07:00:00,Upper,113,113,159.1259612203,-31.4329771431,-3.9888591766,Temperature,Mid-depth,°C,-2.0518121598,12.7795572014,9.5792793988,-3.2002778026,4
2011-05-05 08:00:00,Upper,113,113,159.1259612203,-31.4329771431,-3.9888591766,Temperature,Mid-depth,°C,-2.0406841432,12.8729726277,9.5788702689,-3.2941023588,4
2011-05-05 09:00:00,Upper,113,113,159.1259612203,-31.4329771431,-3.9888591766,Temperature,Mid-depth,°C,-2.0211217727,12.8900149910,9.6077228423,-3.2822921487,4
2011-05-05 10:00:00,Upper,113,113,159.1259612203,-31.4329771431,-3.9888591766,Temperature,Mid-depth,°C,-1.9818944203,13.0383991949,9.6624396064,-3.3759595885,4
2011-05-05 11:00:00,Upper,113,113,159.1259612203,-31.4329771431,-3.9888591766,Temperature,Mid-depth,°C,-1.9403261296,13.1039234354,9.7405935681,-3.3633298673,4
2011-05-05 12:00:00,Upper,113,113,159.1259612203,-31.4329771431,-3.9888591766,Temperature,Mid-depth,°C,-1.9071193551,13.2060504501,9.8351304238,-3.3709200262,4
2011-05-05 13:00:00,Upper,113,113,159.1259612203,-31.4329771431,-3.9888591766,Temperature,Mid-depth,°C,-1.8878218742,13.2832961750,9.9327526088,-3.3505435662,4
2011-05-05 14:00:00,Upper,113,113,159.1259612203,-31.4329771431,-3.9888591766,Temperature,Mid-depth,°C,-1.8852387766,13.3445805542,10.0189687970,-3.3256117572,4
2011-05-05 15:00:00,Upper,113,113,159.1259612203,-31.4329771431,-3.9888591766,Temperature,Mid-depth,°C,-1.9013692667,13.3406480837,10.0836399654,-3.2570081183,4
2011-05-05 16:00:00,Upper,113,113,159.1259612203,-31.4329771431,-3.9888591766,Temperature,Mid-depth,°C,-1.9371733459,13.3057148644,10.1207148876,-3.1849999768,4
2011-05-05 17:00:00,Upper,113,113,159.1259612203,-31.4329771431,-3.9888591766,Temperature,Mid-depth,°C,-1.9693626222,13.3006665636,10.1157646700,-3.1849018936,4
2011-05-05 18:00:00,Upper,113,113,159.1259612203,-31.4329771431,-3.9888591766,Temperature,Mid-depth,°C,-1.9965818751,13.2652366701,10.0727898685,-3.1924468016,4
2011-05-05 19:00:00,Upper,113,113,159.1259612203,-31.4329771431,-3.9888591766,Temperature,Mid-depth,°C,-2.0156286807,13.2615222570,10.0110021860,-3.2505200710,4
2011-05-05 20:00:00,Upper,113,113,159.1259612203,-31.4329771431,-3.9888591766,Temperature,Mid-depth,°C,-2.0179952215,13.3006336249,9.9416392537,-3.3589943713,4
2011-05-05 21:00:00,Upper,113,113,159.1259612203,-31.4329771431,-3.9888591766,Temperature,Mid-depth,°C,-1.9986837387,13.3199362182,9.8747857135,-3.4451505047,4
2011-05-05 22:00:00,Upper,113,113,159.1259612203,-31.4329771431,-3.9888591766,Temperature,Mid-depth,°C,-1.9671263959,13.3414173415,9.8107592828,-3.5306580588,4
2011-05-05 23:00:00,Upper,113,113,159.1259612203,-31.4329771431,-3.9888591766,Temperature,Mid-depth,°C,-1.9310868442,13.3378917060,9.7496760889,-3.5882156171,4
2011-05-06 00:00:00,Upper,113,113,159.1259612203,-31.4329771431,-3.9888591766,Temperature,Mid-depth,°C,-1.9056678672,13.3036004627,9.6906561713,-3.6129442914,4
2011-05-06 01:00:00,Upper,113,113,159.1259612203,-31.4329771431,-3.9888591766,Temperature,Mid-depth,°C,-1.8815436455,13.2842212099,9.6349001715,-3.6493210384,4
2011-05-06 02:00:00,Upper,113,113,159.1259612203,-31.4329771431,-3.9888591766,Temperature,Mid-depth,°C,-1.8850677326,13.1827700035,9.5792047051,-3.6035652984,4
2011-05-06 03:00:00,Upper,113,113,159.1259612203,-31.4329771431,-3.9888591766,Temperature,Mid-depth,°C,-1.9052286958,13.0995449154,9.5325846440,-3.5669602714,4
2011-05-06 04:00:00,Upper,113,113,159.1259612203,-31.4329771431,-3.9888591766,Temperature,Mid-depth,°C,-1.9438448347,13.0230872000,9.5011461258,-3.5219410742,4
2011-05-06 05:00:00,Upper,113,113,159.1259612203,-31.4329771431,-3.9888591766,Temperature,Mid-depth,°C,-1.9810659312,12.9276448572,9.4787443051,-3.4489005521,4
2011-05-06 06:00:00,Upper,113,113,159.1259612203,-31.4329771431,-3.9888591766,Temperature,Mid-depth,°C,-2.0263655513,12.7883506446,9.4593867370,-3.3289639076,4
2011-05-06 07:00:00,Upper,113,113,159.1259612203,-31.4329771431,-3.9888591766,Temperature,Mid-depth,°C,-2.0491225547,12.8252882081,9.4498640137,-3.3754241945,4
2011-05-06 08:00:00,Upper,113,113,159.1259612203,-31.4329771431,-3.9888591766,Temperature,Mid-depth,°C,-2.0607272721,12.7980915118,9.4613221166,-3.3367693952,4
2011-05-06 09:00:00,Upper,113,113,159.1259612203,-31.4329771431,-3.9888591766,Temperature,Mid-depth,°C,-2.0472140571,12.9326889837,9.5026113088,-3.4300776750,4
2011-05-06 10:00:00,Upper,113,113,159.1259612203,-31.4329771431,-3.9888591766,Temperature,Mid-depth,°C,-2.0085220373,13.0299368552,9.5718842194,-3.4580526358,4
2011-05-06 11:00:00,Upper,113,113,159.1259612203,-31.4329771431,-3.9888591766,Temperature,Mid-depth,°C,-1.9650095695,13.0949466713,9.6633244726,-3.4316221986,4
2011-05-06 12:00:00,Upper,113,113,159.1259612203,-31.4329771431,-3.9888591766,Temperature,Mid-depth,°C,-1.9232558470,13.2170461920,9.7640569847,-3.4529892073,4
2011-05-06 13:00:00,Upper,113,113,159.1259612203,-31.4329771431,-3.9888591766,Temperature,Mid-depth,°C,-1.8840292009,13.3188792269,9.8623176063,-3.4565616206,4
2011-05-06 14:00:00,Upper,113,113,159.1259612203,-31.4329771431,-3.9888591766,Temperature,Mid-depth,°C,-1.8724277274,13.3652329548,9.9369823376,-3.4282506172,4
2011-05-06 15:00:00,Upper,113,113,159.1259612203,-31.4329771431,-3.9888591766,Temperature,Mid-depth,°C,-1.8756651703,13.4131950554,9.9682813307,-3.4449137247,4
2011-05-06 16:00:00,Upper,113,113,159.1259612203,-31.4329771431,-3.9888591766,Temperature,Mid-depth,°C,-1.9014924361,13.3675177719,9.9775286219,-3.3899891500,4
2011-05-06 17:00:00,Upper,113,113,159.1259612203,-31.4329771431,-3.9888591766,Temperature,Mid-depth,°C,-1.9365340424,13.3441683054,9.9793651920,-3.3648031134,4
2011-05-06 18:00:00,Upper,113,113,159.1259612203,-31.4329771431,-3.9888591766,Temperature,Mid-depth,°C,-1.9694851842,13.3008871527,9.9609042096,-3.3399829431,4
2011-05-06 19:00:00,Upper,113,113,159.1259612203,-31.4329771431,-3.9888591766,Temperature,Mid-depth,°C,-1.9986752589,13.2388628759,9.9193387984,-3.3195240775,4
2011-05-06 20:00:00,Upper,113,113,159.1259612203,-31.4329771431,-3.9888591766,Temperature,Mid-depth,°C,-2.0222834032,13.2231783850,9.8636659040,-3.3595124810,4
2011-05-06 21:00:00,Upper,113,113,159.1259612203,-31.4329771431,-3.9888591766,Temperature,Mid-depth,°C,-2.0199751453,13.2941704962,9.8070284594,-3.4871420368,4
2011-05-06 22:00:00,Upper,113,113,159.1259612203,-31.4329771431,-3.9888591766,Temperature,Mid-depth,°C,-1.9925447123,13.3293333598,9.7601469725,-3.5691863873,4
2011-05-06 23:00:00,Upper,113,113,159.1259612203,-31.4329771431,-3.9888591766,Temperature,Mid-depth,°C,-1.9548107866,13.3344252441,9.7164661460,-3.6179590981,4
2011-05-07 00:00:00,Upper,113,113,159.1259612203,-31.4329771431,-3.9888591766,Temperature,Mid-depth,°C,-1.9176673271,13.3492962471,9.6746655499,-3.6746306973,4
2011-05-01 01:00:00,Upper,113,113,159.1259612203,-31.4329771431,-3.9888591766,Temperature,Near-bottom,°C,-3.4888591766,19.9723972313,19.9391367063,-0.0332605250,3
2011-05-01 02:00:00,Upper,113,113,159.1259612203,-31.4329771431,-3.9888591766,Temperature,Near-bottom,°C,-3.4888591766,19.9080981084,19.8609439784,-0.0471541300,3
2011-05-01 03:00:00,Upper,113,113,159.1259612203,-31.4329771431,-3.9888591766,Temperature,Near-bottom,°C,-3.4888591766,19.8857183020,19.7836295669,-0.1020887350,3
2011-05-01 04:00:00,Upper,113,113,159.1259612203,-31.4329771431,-3.9888591766,Temperature,Near-bottom,°C,-3.4888591766,19.8727394485,19.7055537125,-0.1671857360,3
2011-05-01 05:00:00,Upper,113,113,159.1259612203,-31.4329771431,-3.9888591766,Temperature,Near-bottom,°C,-3.4888591766,19.8576547953,19.5730657433,-0.2845890520,3
2011-05-01 06:00:00,Upper,113,113,159.1259612203,-31.4329771431,-3.9888591766,Temperature,Near-bottom,°C,-3.4888591766,19.8189591092,19.1738748933,-0.6450842159,3
2011-05-01 07:00:00,Upper,113,113,159.1259612203,-31.4329771431,-3.9888591766,Temperature,Near-bottom,°C,-3.4888591766,19.7391094872,18.4710347464,-1.2680747408,3
2011-05-01 08:00:00,Upper,113,113,159.1259612203,-31.4329771431,-3.9888591766,Temperature,Near-bottom,°C,-3.4888591766,19.6792506127,17.3978817785,-2.2813688341,3
2011-05-01 09:00:00,Upper,113,113,159.1259612203,-31.4329771431,-3.9888591766,Temperature,Near-bottom,°C,-3.4888591766,19.6532017464,16.2383847822,-3.4148169642,3
2011-05-01 10:00:00,Upper,113,113,159.1259612203,-31.4329771431,-3.9888591766,Temperature,Near-bottom,°C,-3.4888591766,19.6466159403,15.1633407858,-4.4832751545,3
2011-05-01 11:00:00,Upper,113,113,159.1259612203,-31.4329771431,-3.9888591766,Temperature,Near-bottom,°C,-3.4888591766,19.6440793598,14.3268076100,-5.3172717499,3
2011-05-01 12:00:00,Upper,113,113,159.1259612203,-31.4329771431,-3.9888591766,Temperature,Near-bottom,°C,-3.4888591766,19.6406227564,13.7301053019,-5.9105174546,3
2011-05-01 13:00:00,Upper,113,113,159.1259612203,-31.4329771431,-3.9888591766,Temperature,Near-bottom,°C,-3.4888591766,19.6396960185,13.2838067511,-6.3558892674,3
2011-05-01 14:00:00,Upper,113,113,159.1259612203,-31.4329771431,-3.9888591766,Temperature,Near-bottom,°C,-3.4888591766,19.6299000338,12.9292054072,-6.7006946267,3
2011-05-01 15:00:00,Upper,113,113,159.1259612203,-31.4329771431,-3.9888591766,Temperature,Near-bottom,°C,-3.4888591766,19.6218910153,12.6304645416,-6.9914264738,3
2011-05-01 16:00:00,Upper,113,113,159.1259612203,-31.4329771431,-3.9888591766,Temperature,Near-bottom,°C,-3.4888591766,19.6073576111,12.3807715168,-7.2265860942,3
2011-05-01 17:00:00,Upper,113,113,159.1259612203,-31.4329771431,-3.9888591766,Temperature,Near-bottom,°C,-3.4888591766,19.5975549896,12.1798353622,-7.4177196274,3
2011-05-01 18:00:00,Upper,113,113,159.1259612203,-31.4329771431,-3.9888591766,Temperature,Near-bottom,°C,-3.4888591766,19.5805298037,12.0056847885,-7.5748450152,3
2011-05-01 19:00:00,Upper,113,113,159.1259612203,-31.4329771431,-3.9888591766,Temperature,Near-bottom,°C,-3.4888591766,19.5574759291,11.8618665516,-7.6956093774,3
2011-05-01 20:00:00,Upper,113,113,159.1259612203,-31.4329771431,-3.9888591766,Temperature,Near-bottom,°C,-3.4888591766,19.5325420614,11.7360822242,-7.7964598373,3
2011-05-01 21:00:00,Upper,113,113,159.1259612203,-31.4329771431,-3.9888591766,Temperature,Near-bottom,°C,-3.4888591766,19.4993659833,11.6405484530,-7.8588175303,3
2011-05-01 22:00:00,Upper,113,113,159.1259612203,-31.4329771431,-3.9888591766,Temperature,Near-bottom,°C,-3.4888591766,19.4688883313,11.5771569666,-7.8917313646,3
2011-05-01 23:00:00,Upper,113,113,159.1259612203,-31.4329771431,-3.9888591766,Temperature,Near-bottom,°C,-3.4888591766,19.4328713206,11.5380526472,-7.8948186734,3
2011-05-02 00:00:00,Upper,113,113,159.1259612203,-31.4329771431,-3.9888591766,Temperature,Near-bottom,°C,-3.4888591766,19.3969432085,11.4941356150,-7.9028075935,3
2011-05-02 01:00:00,Upper,113,113,159.1259612203,-31.4329771431,-3.9888591766,Temperature,Near-bottom,°C,-3.4888591766,19.3681193978,11.4179580662,-7.9501613316,3
2011-05-02 02:00:00,Upper,113,113,159.1259612203,-31.4329771431,-3.9888591766,Temperature,Near-bottom,°C,-3.4888591766,19.3599624982,11.3132566236,-8.0467058746,3
2011-05-02 03:00:00,Upper,113,113,159.1259612203,-31.4329771431,-3.9888591766,Temperature,Near-bottom,°C,-3.4888591766,19.3789554240,11.2053645956,-8.1735908284,3
2011-05-02 04:00:00,Upper,113,113,159.1259612203,-31.4329771431,-3.9888591766,Temperature,Near-bottom,°C,-3.4888591766,19.4058227337,11.1108391930,-8.2949835407,3
2011-05-02 05:00:00,Upper,113,113,159.1259612203,-31.4329771431,-3.9888591766,Temperature,Near-bottom,°C,-3.4888591766,19.4196628698,11.0338422572,-8.3858206127,3
2011-05-02 06:00:00,Upper,113,113,159.1259612203,-31.4329771431,-3.9888591766,Temperature,Near-bottom,°C,-3.4888591766,19.4167317848,10.9699484702,-8.4467833146,3
2011-05-02 07:00:00,Upper,113,113,159.1259612203,-31.4329771431,-3.9888591766,Temperature,Near-bottom,°C,-3.4888591766,19.4061256322,10.9175644010,-8.4885612311,3
2011-05-02 08:00:00,Upper,113,113,159.1259612203,-31.4329771431,-3.9888591766,Temperature,Near-bottom,°C,-3.4888591766,19.3968661142,10.8824566107,-8.5144095035,3
2011-05-02 09:00:00,Upper,113,113,159.1259612203,-31.4329771431,-3.9888591766,Temperature,Near-bottom,°C,-3.4888591766,19.3916537966,10.8710058643,-8.5206479323,3
2011-05-02 10:00:00,Upper,113,113,159.1259612203,-31.4329771431,-3.9888591766,Temperature,Near-bottom,°C,-3.4888591766,19.3914502889,10.8917684559,-8.4996818331,3
2011-05-02 11:00:00,Upper,113,113,159.1259612203,-31.4329771431,-3.9888591766,Temperature,Near-bottom,°C,-3.4888591766,19.3941532908,10.9511041098,-8.4430491810,3
2011-05-02 12:00:00,Upper,113,113,159.1259612203,-31.4329771431,-3.9888591766,Temperature,Near-bottom,°C,-3.4888591766,19.4008936439,11.0324703843,-8.3684232596,3
2011-05-02 13:00:00,Upper,113,113,159.1259612203,-31.4329771431,-3.9888591766,Temperature,Near-bottom,°C,-3.4888591766,19.4050311706,11.0957450429,-8.3092861277,3
2011-05-02 14:00:00,Upper,113,113,159.1259612203,-31.4329771431,-3.9888591766,Temperature,Near-bottom,°C,-3.4888591766,19.4010194923,11.1154944468,-8.2855250455,3
2011-05-02 15:00:00,Upper,113,113,159.1259612203,-31.4329771431,-3.9888591766,Temperature,Near-bottom,°C,-3.4888591766,19.3944661574,11.0987887684,-8.2956773890,3
2011-05-02 16:00:00,Upper,113,113,159.1259612203,-31.4329771431,-3.9888591766,Temperature,Near-bottom,°C,-3.4888591766,19.3775774359,11.0643412753,-8.3132361607,3
2011-05-02 17:00:00,Upper,113,113,159.1259612203,-31.4329771431,-3.9888591766,Temperature,Near-bottom,°C,-3.4888591766,19.3516783126,11.0138726914,-8.3378056212,3
2011-05-02 18:00:00,Upper,113,113,159.1259612203,-31.4329771431,-3.9888591766,Temperature,Near-bottom,°C,-3.4888591766,19.3134311647,10.9464122964,-8.3670188683,3
2011-05-02 19:00:00,Upper,113,113,159.1259612203,-31.4329771431,-3.9888591766,Temperature,Near-bottom,°C,-3.4888591766,19.2822223231,10.8765646645,-8.4056576586,3
2011-05-02 20:00:00,Upper,113,113,159.1259612203,-31.4329771431,-3.9888591766,Temperature,Near-bottom,°C,-3.4888591766,19.2566530243,10.8110665328,-8.4455864915,3
2011-05-02 21:00:00,Upper,113,113,159.1259612203,-31.4329771431,-3.9888591766,Temperature,Near-bottom,°C,-3.4888591766,19.2354279324,10.7537653311,-8.4816626014,3
2011-05-02 22:00:00,Upper,113,113,159.1259612203,-31.4329771431,-3.9888591766,Temperature,Near-bottom,°C,-3.4888591766,19.2160291759,10.7112303857,-8.5047987903,3
2011-05-02 23:00:00,Upper,113,113,159.1259612203,-31.4329771431,-3.9888591766,Temperature,Near-bottom,°C,-3.4888591766,19.1958770861,10.6897715327,-8.5061055535,3
2011-05-03 00:00:00,Upper,113,113,159.1259612203,-31.4329771431,-3.9888591766,Temperature,Near-bottom,°C,-3.4888591766,19.1792000246,10.6866690911,-8.4925309335,3
2011-05-03 01:00:00,Upper,113,113,159.1259612203,-31.4329771431,-3.9888591766,Temperature,Near-bottom,°C,-3.4888591766,19.1580289467,10.6790350074,-8.4789939393,3
2011-05-03 02:00:00,Upper,113,113,159.1259612203,-31.4329771431,-3.9888591766,Temperature,Near-bottom,°C,-3.4888591766,19.1483016203,10.6461653092,-8.5021363111,3
2011-05-03 03:00:00,Upper,113,113,159.1259612203,-31.4329771431,-3.9888591766,Temperature,Near-bottom,°C,-3.4888591766,19.1355735582,10.5905880208,-8.5449855374,3
2011-05-03 04:00:00,Upper,113,113,159.1259612203,-31.4329771431,-3.9888591766,Temperature,Near-bottom,°C,-3.4888591766,19.1276166304,10.5277691242,-8.5998475061,3
2011-05-03 05:00:00,Upper,113,113,159.1259612203,-31.4329771431,-3.9888591766,Temperature,Near-bottom,°C,-3.4888591766,19.1131341953,10.4656300001,-8.6475041952,3
2011-05-03 06:00:00,Upper,113,113,159.1259612203,-31.4329771431,-3.9888591766,Temperature,Near-bottom,°C,-3.4888591766,19.0948400091,10.4065778207,-8.6882621883,3
2011-05-03 07:00:00,Upper,113,113,159.1259612203,-31.4329771431,-3.9888591766,Temperature,Near-bottom,°C,-3.4888591766,19.0829699306,10.3593587001,-8.7236112304,3
2011-05-03 08:00:00,Upper,113,113,159.1259612203,-31.4329771431,-3.9888591766,Temperature,Near-bottom,°C,-3.4888591766,19.0815129488,10.3326998553,-8.7488130935,3
2011-05-03 09:00:00,Upper,113,113,159.1259612203,-31.4329771431,-3.9888591766,Temperature,Near-bottom,°C,-3.4888591766,19.1058685955,10.3326829006,-8.7731856949,3
2011-05-03 10:00:00,Upper,113,113,159.1259612203,-31.4329771431,-3.9888591766,Temperature,Near-bottom,°C,-3.4888591766,19.1429218976,10.3634584392,-8.7794634584,3
2011-05-03 11:00:00,Upper,113,113,159.1259612203,-31.4329771431,-3.9888591766,Temperature,Near-bottom,°C,-3.4888591766,19.1762849783,10.4288201531,-8.7474648252,3
2011-05-03 12:00:00,Upper,113,113,159.1259612203,-31.4329771431,-3.9888591766,Temperature,Near-bottom,°C,-3.4888591766,19.2309720015,10.5246797736,-8.7062922279,3
2011-05-03 13:00:00,Upper,113,113,159.1259612203,-31.4329771431,-3.9888591766,Temperature,Near-bottom,°C,-3.4888591766,19.2691495725,10.6335046490,-8.6356449234,3
2011-05-03 14:00:00,Upper,113,113,159.1259612203,-31.4329771431,-3.9888591766,Temperature,Near-bottom,°C,-3.4888591766,19.3102314659,10.7175736272,-8.5926578387,3
2011-05-03 15:00:00,Upper,113,113,159.1259612203,-31.4329771431,-3.9888591766,Temperature,Near-bottom,°C,-3.4888591766,19.3414968981,10.7561150419,-8.5853818562,3
2011-05-03 16:00:00,Upper,113,113,159.1259612203,-31.4329771431,-3.9888591766,Temperature,Near-bottom,°C,-3.4888591766,19.3667576780,10.7518625578,-8.6148951202,3
2011-05-03 17:00:00,Upper,113,113,159.1259612203,-31.4329771431,-3.9888591766,Temperature,Near-bottom,°C,-3.4888591766,19.3798562430,10.7141391848,-8.6657170582,3
2011-05-03 18:00:00,Upper,113,113,159.1259612203,-31.4329771431,-3.9888591766,Temperature,Near-bottom,°C,-3.4888591766,19.3769876253,10.6516798515,-8.7253077737,3
2011-05-03 19:00:00,Upper,113,113,159.1259612203,-31.4329771431,-3.9888591766,Temperature,Near-bottom,°C,-3.4888591766,19.3720989139,10.5812418488,-8.7908570651,3
2011-05-03 20:00:00,Upper,113,113,159.1259612203,-31.4329771431,-3.9888591766,Temperature,Near-bottom,°C,-3.4888591766,19.3608032702,10.5066682672,-8.8541350030,3
2011-05-03 21:00:00,Upper,113,113,159.1259612203,-31.4329771431,-3.9888591766,Temperature,Near-bottom,°C,-3.4888591766,19.3623050690,10.4343057183,-8.9279993507,3
2011-05-03 22:00:00,Upper,113,113,159.1259612203,-31.4329771431,-3.9888591766,Temperature,Near-bottom,°C,-3.4888591766,19.3582037129,10.3654227972,-8.9927809157,3
2011-05-03 23:00:00,Upper,113,113,159.1259612203,-31.4329771431,-3.9888591766,Temperature,Near-bottom,°C,-3.4888591766,19.3464432412,10.3028846856,-9.0435585557,3
2011-05-04 00:00:00,Upper,113,113,159.1259612203,-31.4329771431,-3.9888591766,Temperature,Near-bottom,°C,-3.4888591766,19.3367131904,10.2522880625,-9.0844251279,3
2011-05-04 01:00:00,Upper,113,113,159.1259612203,-31.4329771431,-3.9888591766,Temperature,Near-bottom,°C,-3.4888591766,19.3071771343,10.2143009986,-9.0928761357,3
2011-05-04 02:00:00,Upper,113,113,159.1259612203,-31.4329771431,-3.9888591766,Temperature,Near-bottom,°C,-3.4888591766,19.2835632555,10.1794583413,-9.1041049142,3
2011-05-04 03:00:00,Upper,113,113,159.1259612203,-31.4329771431,-3.9888591766,Temperature,Near-bottom,°C,-3.4888591766,19.2533111316,10.1394351356,-9.1138759960,3
2011-05-04 04:00:00,Upper,113,113,159.1259612203,-31.4329771431,-3.9888591766,Temperature,Near-bottom,°C,-3.4888591766,19.2234140082,10.0963770103,-9.1270369979,3
2011-05-04 05:00:00,Upper,113,113,159.1259612203,-31.4329771431,-3.9888591766,Temperature,Near-bottom,°C,-3.4888591766,19.2003656172,10.0554482010,-9.1449174161,3
2011-05-04 06:00:00,Upper,113,113,159.1259612203,-31.4329771431,-3.9888591766,Temperature,Near-bottom,°C,-3.4888591766,19.1697831343,10.0163591518,-9.1534239826,3
2011-05-04 07:00:00,Upper,113,113,159.1259612203,-31.4329771431,-3.9888591766,Temperature,Near-bottom,°C,-3.4888591766,19.1349783199,9.9845763987,-9.1504019212,3
2011-05-04 08:00:00,Upper,113,113,159.1259612203,-31.4329771431,-3.9888591766,Temperature,Near-bottom,°C,-3.4888591766,19.1116205762,9.9723980607,-9.1392225155,3
2011-05-04 09:00:00,Upper,113,113,159.1259612203,-31.4329771431,-3.9888591766,Temperature,Near-bottom,°C,-3.4888591766,19.1094012480,9.9850067631,-9.1243944848,3
2011-05-04 10:00:00,Upper,113,113,159.1259612203,-31.4329771431,-3.9888591766,Temperature,Near-bottom,°C,-3.4888591766,19.1324427284,10.0230746628,-9.1093680656,3
2011-05-04 11:00:00,Upper,113,113,159.1259612203,-31.4329771431,-3.9888591766,Temperature,Near-bottom,°C,-3.4888591766,19.1638636151,10.0729749893,-9.0908886258,3
2011-05-04 12:00:00,Upper,113,113,159.1259612203,-31.4329771431,-3.9888591766,Temperature,Near-bottom,°C,-3.4888591766,19.1694698826,10.1341471863,-9.0353226964,3
2011-05-04 13:00:00,Upper,113,113,159.1259612203,-31.4329771431,-3.9888591766,Temperature,Near-bottom,°C,-3.4888591766,19.1713188352,10.2119837713,-8.9593350639,3
2011-05-04 14:00:00,Upper,113,113,159.1259612203,-31.4329771431,-3.9888591766,Temperature,Near-bottom,°C,-3.4888591766,19.1832645976,10.2890997184,-8.8941648793,3
2011-05-04 15:00:00,Upper,113,113,159.1259612203,-31.4329771431,-3.9888591766,Temperature,Near-bottom,°C,-3.4888591766,19.1813961471,10.3407896785,-8.8406064685,3
2011-05-04 16:00:00,Upper,113,113,159.1259612203,-31.4329771431,-3.9888591766,Temperature,Near-bottom,°C,-3.4888591766,19.1794709806,10.3488175307,-8.8306534499,3
2011-05-04 17:00:00,Upper,113,113,159.1259612203,-31.4329771431,-3.9888591766,Temperature,Near-bottom,°C,-3.4888591766,19.1790593368,10.3195208854,-8.8595384514,3
2011-05-04 18:00:00,Upper,113,113,159.1259612203,-31.4329771431,-3.9888591766,Temperature,Near-bottom,°C,-3.4888591766,19.1686967777,10.2658598582,-8.9028369194,3
2011-05-04 19:00:00,Upper,113,113,159.1259612203,-31.4329771431,-3.9888591766,Temperature,Near-bottom,°C,-3.4888591766,19.1483134991,10.1981433367,-8.9501701623,3
2011-05-04 20:00:00,Upper,113,113,159.1259612203,-31.4329771431,-3.9888591766,Temperature,Near-bottom,°C,-3.4888591766,19.1247095670,10.1261432586,-8.9985663084,3
2011-05-04 21:00:00,Upper,113,113,159.1259612203,-31.4329771431,-3.9888591766,Temperature,Near-bottom,°C,-3.4888591766,19.1047816785,10.0549628032,-9.0498188752,3
2011-05-04 22:00:00,Upper,113,113,159.1259612203,-31.4329771431,-3.9888591766,Temperature,Near-bottom,°C,-3.4888591766,19.0906767555,9.9844694794,-9.1062072761,3
2011-05-04 23:00:00,Upper,113,113,159.1259612203,-31.4329771431,-3.9888591766,Temperature,Near-bottom,°C,-3.4888591766,19.0758438589,9.9148766786,-9.1609671803,3
2011-05-05 00:00:00,Upper,113,113,159.1259612203,-31.4329771431,-3.9888591766,Temperature,Near-bottom,°C,-3.4888591766,19.0661315614,9.8501743408,-9.2159572205,3
2011-05-05 01:00:00,Upper,113,113,159.1259612203,-31.4329771431,-3.9888591766,Temperature,Near-bottom,°C,-3.4888591766,19.0434192006,9.7919802093,-9.2514389913,3
2011-05-05 02:00:00,Upper,113,113,159.1259612203,-31.4329771431,-3.9888591766,Temperature,Near-bottom,°C,-3.4888591766,19.0193049767,9.7441742742,-9.2751307025,3
2011-05-05 03:00:00,Upper,113,113,159.1259612203,-31.4329771431,-3.9888591766,Temperature,Near-bottom,°C,-3.4888591766,18.9771075721,9.7052739209,-9.2718336512,3
2011-05-05 04:00:00,Upper,113,113,159.1259612203,-31.4329771431,-3.9888591766,Temperature,Near-bottom,°C,-3.4888591766,18.9443160282,9.6708575779,-9.2734584503,3
2011-05-05 05:00:00,Upper,113,113,159.1259612203,-31.4329771431,-3.9888591766,Temperature,Near-bottom,°C,-3.4888591766,18.9011264439,9.6380916631,-9.2630347807,3
2011-05-05 06:00:00,Upper,113,113,159.1259612203,-31.4329771431,-3.9888591766,Temperature,Near-bottom,°C,-3.4888591766,18.8612099850,9.6072311566,-9.2539788283,3
2011-05-05 07:00:00,Upper,113,113,159.1259612203,-31.4329771431,-3.9888591766,Temperature,Near-bottom,°C,-3.4888591766,18.8261762533,9.5853061885,-9.2408700648,3
2011-05-05 08:00:00,Upper,113,113,159.1259612203,-31.4329771431,-3.9888591766,Temperature,Near-bottom,°C,-3.4888591766,18.8121244559,9.5847047723,-9.2274196837,3
2011-05-05 09:00:00,Upper,113,113,159.1259612203,-31.4329771431,-3.9888591766,Temperature,Near-bottom,°C,-3.4888591766,18.8173407964,9.6119621535,-9.2053786429,3
2011-05-05 10:00:00,Upper,113,113,159.1259612203,-31.4329771431,-3.9888591766,Temperature,Near-bottom,°C,-3.4888591766,18.8493194229,9.6640167253,-9.1853026976,3
2011-05-05 11:00:00,Upper,113,113,159.1259612203,-31.4329771431,-3.9888591766,Temperature,Near-bottom,°C,-3.4888591766,18.9066399299,9.7389448078,-9.1676951221,3
2011-05-05 12:00:00,Upper,113,113,159.1259612203,-31.4329771431,-3.9888591766,Temperature,Near-bottom,°C,-3.4888591766,18.9650822679,9.8308573185,-9.1342249494,3
2011-05-05 13:00:00,Upper,113,113,159.1259612203,-31.4329771431,-3.9888591766,Temperature,Near-bottom,°C,-3.4888591766,19.0157519082,9.9278655919,-9.0878863163,3
2011-05-05 14:00:00,Upper,113,113,159.1259612203,-31.4329771431,-3.9888591766,Temperature,Near-bottom,°C,-3.4888591766,19.0461539027,10.0162010605,-9.0299528422,3
2011-05-05 15:00:00,Upper,113,113,159.1259612203,-31.4329771431,-3.9888591766,Temperature,Near-bottom,°C,-3.4888591766,19.0612198794,10.0848488003,-8.9763710790,3
2011-05-05 16:00:00,Upper,113,113,159.1259612203,-31.4329771431,-3.9888591766,Temperature,Near-bottom,°C,-3.4888591766,19.0347366135,10.1254700034,-8.9092666100,3
2011-05-05 17:00:00,Upper,113,113,159.1259612203,-31.4329771431,-3.9888591766,Temperature,Near-bottom,°C,-3.4888591766,19.0038207270,10.1237116850,-8.8801090420,3
2011-05-05 18:00:00,Upper,113,113,159.1259612203,-31.4329771431,-3.9888591766,Temperature,Near-bottom,°C,-3.4888591766,18.9858306425,10.0843606508,-8.9014699916,3
2011-05-05 19:00:00,Upper,113,113,159.1259612203,-31.4329771431,-3.9888591766,Temperature,Near-bottom,°C,-3.4888591766,18.9703772716,10.0258034268,-8.9445738448,3
2011-05-05 20:00:00,Upper,113,113,159.1259612203,-31.4329771431,-3.9888591766,Temperature,Near-bottom,°C,-3.4888591766,18.9553656598,9.9589590032,-8.9964066566,3
2011-05-05 21:00:00,Upper,113,113,159.1259612203,-31.4329771431,-3.9888591766,Temperature,Near-bottom,°C,-3.4888591766,18.9451607275,9.8935582922,-9.0516024352,3
2011-05-05 22:00:00,Upper,113,113,159.1259612203,-31.4329771431,-3.9888591766,Temperature,Near-bottom,°C,-3.4888591766,18.9400996444,9.8302700926,-9.1098295518,3
2011-05-05 23:00:00,Upper,113,113,159.1259612203,-31.4329771431,-3.9888591766,Temperature,Near-bottom,°C,-3.4888591766,18.9448964269,9.7692164218,-9.1756800051,3
2011-05-06 00:00:00,Upper,113,113,159.1259612203,-31.4329771431,-3.9888591766,Temperature,Near-bottom,°C,-3.4888591766,18.9309048030,9.7097029097,-9.2212018933,3
2011-05-06 01:00:00,Upper,113,113,159.1259612203,-31.4329771431,-3.9888591766,Temperature,Near-bottom,°C,-3.4888591766,18.9294804094,9.6541710885,-9.2753093209,3
2011-05-06 02:00:00,Upper,113,113,159.1259612203,-31.4329771431,-3.9888591766,Temperature,Near-bottom,°C,-3.4888591766,18.9098862003,9.6003918133,-9.3094943871,3
2011-05-06 03:00:00,Upper,113,113,159.1259612203,-31.4329771431,-3.9888591766,Temperature,Near-bottom,°C,-3.4888591766,18.8868450825,9.5556249020,-9.3312201804,3
2011-05-06 04:00:00,Upper,113,113,159.1259612203,-31.4329771431,-3.9888591766,Temperature,Near-bottom,°C,-3.4888591766,18.8339530789,9.5236697236,-9.3102833553,3
2011-05-06 05:00:00,Upper,113,113,159.1259612203,-31.4329771431,-3.9888591766,Temperature,Near-bottom,°C,-3.4888591766,18.7958642692,9.5010311212,-9.2948331480,3
2011-05-06 06:00:00,Upper,113,113,159.1259612203,-31.4329771431,-3.9888591766,Temperature,Near-bottom,°C,-3.4888591766,18.7480443351,9.4827030552,-9.2653412799,3
2011-05-06 07:00:00,Upper,113,113,159.1259612203,-31.4329771431,-3.9888591766,Temperature,Near-bottom,°C,-3.4888591766,18.6968044517,9.4743352355,-9.2224692162,3
2011-05-06 08:00:00,Upper,113,113,159.1259612203,-31.4329771431,-3.9888591766,Temperature,Near-bottom,°C,-3.4888591766,18.6761878300,9.4856997240,-9.1904881060,3
2011-05-06 09:00:00,Upper,113,113,159.1259612203,-31.4329771431,-3.9888591766,Temperature,Near-bottom,°C,-3.4888591766,18.6751382007,9.5243208343,-9.1508173664,3
2011-05-06 10:00:00,Upper,113,113,159.1259612203,-31.4329771431,-3.9888591766,Temperature,Near-bottom,°C,-3.4888591766,18.7054111468,9.5883142070,-9.1170969398,3
2011-05-06 11:00:00,Upper,113,113,159.1259612203,-31.4329771431,-3.9888591766,Temperature,Near-bottom,°C,-3.4888591766,18.7549500788,9.6743920544,-9.0805580244,3
2011-05-06 12:00:00,Upper,113,113,159.1259612203,-31.4329771431,-3.9888591766,Temperature,Near-bottom,°C,-3.4888591766,18.8196895153,9.7714706779,-9.0482188373,3
2011-05-06 13:00:00,Upper,113,113,159.1259612203,-31.4329771431,-3.9888591766,Temperature,Near-bottom,°C,-3.4888591766,18.8851982175,9.8672998410,-9.0178983765,3
2011-05-06 14:00:00,Upper,113,113,159.1259612203,-31.4329771431,-3.9888591766,Temperature,Near-bottom,°C,-3.4888591766,18.9192093008,9.9473170917,-8.9718922092,3
2011-05-06 15:00:00,Upper,113,113,159.1259612203,-31.4329771431,-3.9888591766,Temperature,Near-bottom,°C,-3.4888591766,18.9332866415,9.9919854603,-8.9413011811,3
2011-05-06 16:00:00,Upper,113,113,159.1259612203,-31.4329771431,-3.9888591766,Temperature,Near-bottom,°C,-3.4888591766,18.9260287813,10.0119361349,-8.9140926464,3
2011-05-06 17:00:00,Upper,113,113,159.1259612203,-31.4329771431,-3.9888591766,Temperature,Near-bottom,°C,-3.4888591766,18.8920930516,10.0114806945,-8.8806123572,3
2011-05-06 18:00:00,Upper,113,113,159.1259612203,-31.4329771431,-3.9888591766,Temperature,Near-bottom,°C,-3.4888591766,18.8616382248,9.9883441439,-8.8732940809,3
2011-05-06 19:00:00,Upper,113,113,159.1259612203,-31.4329771431,-3.9888591766,Temperature,Near-bottom,°C,-3.4888591766,18.8434825171,9.9471418210,-8.8963406961,3
2011-05-06 20:00:00,Upper,113,113,159.1259612203,-31.4329771431,-3.9888591766,Temperature,Near-bottom,°C,-3.4888591766,18.8199073497,9.8941510214,-8.9257563283,3
2011-05-06 21:00:00,Upper,113,113,159.1259612203,-31.4329771431,-3.9888591766,Temperature,Near-bottom,°C,-3.4888591766,18.7984781898,9.8395851083,-8.9588930815,3
2011-05-06 22:00:00,Upper,113,113,159.1259612203,-31.4329771431,-3.9888591766,Temperature,Near-bottom,°C,-3.4888591766,18.7861652515,9.7922137157,-8.9939515358,3
2011-05-06 23:00:00,Upper,113,113,159.1259612203,-31.4329771431,-3.9888591766,Temperature,Near-bottom,°C,-3.4888591766,18.7832237501,9.7472094610,-9.0360142891,3
2011-05-07 00:00:00,Upper,113,113,159.1259612203,-31.4329771431,-3.9888591766,Temperature,Near-bottom,°C,-3.4888591766,18.7851672330,9.7034030829,-9.0817641500,3
2011-05-01 01:00:00,Upper,113,113,159.1259612203,-31.4329771431,-3.9888591766,Temperature,Surface,°C,-0.4003248360,19.9576641406,19.9341412222,-0.0235229184,4
2011-05-01 02:00:00,Upper,113,113,159.1259612203,-31.4329771431,-3.9888591766,Temperature,Surface,°C,-0.5613587075,18.7786700318,19.8516605032,1.0729904714,4
2011-05-01 03:00:00,Upper,113,113,159.1259612203,-31.4329771431,-3.9888591766,Temperature,Surface,°C,-0.5668767782,17.4124602782,19.7711739025,2.3587136243,4
2011-05-01 04:00:00,Upper,113,113,159.1259612203,-31.4329771431,-3.9888591766,Temperature,Surface,°C,-0.6011849296,15.3364998723,19.6914940585,4.3549941862,4
2011-05-01 05:00:00,Upper,113,113,159.1259612203,-31.4329771431,-3.9888591766,Temperature,Surface,°C,-0.5625981109,14.4265135477,19.5566760377,5.1301624899,4
2011-05-01 06:00:00,Upper,113,113,159.1259612203,-31.4329771431,-3.9888591766,Temperature,Surface,°C,-0.5161941787,13.7112355348,19.1233916397,5.4121561048,4
2011-05-01 07:00:00,Upper,113,113,159.1259612203,-31.4329771431,-3.9888591766,Temperature,Surface,°C,-0.4480230727,13.1937801508,18.3111140539,5.1173339030,4
2011-05-01 08:00:00,Upper,113,113,159.1259612203,-31.4329771431,-3.9888591766,Temperature,Surface,°C,-0.3883335693,12.8150416721,17.1272620797,4.3122204075,4
2011-05-01 09:00:00,Upper,113,113,159.1259612203,-31.4329771431,-3.9888591766,Temperature,Surface,°C,-0.3385529582,12.5349223411,15.9488124302,3.4138900891,4
2011-05-01 10:00:00,Upper,113,113,159.1259612203,-31.4329771431,-3.9888591766,Temperature,Surface,°C,-0.3208229543,12.3101017206,14.9271320346,2.6170303139,4
2011-05-01 11:00:00,Upper,113,113,159.1259612203,-31.4329771431,-3.9888591766,Temperature,Surface,°C,-0.3267285877,12.1360208412,14.1653824913,2.0293616502,4
2011-05-01 12:00:00,Upper,113,113,159.1259612203,-31.4329771431,-3.9888591766,Temperature,Surface,°C,-0.3605018249,11.9780862716,13.6337194891,1.6556332175,4
2011-05-01 13:00:00,Upper,113,113,159.1259612203,-31.4329771431,-3.9888591766,Temperature,Surface,°C,-0.4239021944,11.8657058649,13.2344034759,1.3686976110,4
2011-05-01 14:00:00,Upper,113,113,159.1259612203,-31.4329771431,-3.9888591766,Temperature,Surface,°C,-0.4764399215,11.7970474340,12.9057136593,1.1086662252,4
2011-05-01 15:00:00,Upper,113,113,159.1259612203,-31.4329771431,-3.9888591766,Temperature,Surface,°C,-0.5197666910,11.7019699062,12.6190257144,0.9170558082,4
2011-05-01 16:00:00,Upper,113,113,159.1259612203,-31.4329771431,-3.9888591766,Temperature,Surface,°C,-0.5425794470,11.6302580463,12.3840605214,0.7538024751,4
2011-05-01 17:00:00,Upper,113,113,159.1259612203,-31.4329771431,-3.9888591766,Temperature,Surface,°C,-0.5321040564,11.5405673484,12.1924046456,0.6518372972,4
2011-05-01 18:00:00,Upper,113,113,159.1259612203,-31.4329771431,-3.9888591766,Temperature,Surface,°C,-0.4966329742,11.3812219731,12.0208578658,0.6396358928,4
2011-05-01 19:00:00,Upper,113,113,159.1259612203,-31.4329771431,-3.9888591766,Temperature,Surface,°C,-0.4261363209,11.2121599550,11.8742172020,0.6620572470,4
2011-05-01 20:00:00,Upper,113,113,159.1259612203,-31.4329771431,-3.9888591766,Temperature,Surface,°C,-0.3718319489,11.0341009236,11.7492724167,0.7151714931,4
2011-05-01 21:00:00,Upper,113,113,159.1259612203,-31.4329771431,-3.9888591766,Temperature,Surface,°C,-0.3145462078,10.9427019105,11.6587892472,0.7160873367,4
2011-05-01 22:00:00,Upper,113,113,159.1259612203,-31.4329771431,-3.9888591766,Temperature,Surface,°C,-0.2875354776,10.8407542313,11.6073455466,0.7665913153,4
2011-05-01 23:00:00,Upper,113,113,159.1259612203,-31.4329771431,-3.9888591766,Temperature,Surface,°C,-0.2962630024,10.7792658781,11.5751238500,0.7958579718,4
2011-05-02 00:00:00,Upper,113,113,159.1259612203,-31.4329771431,-3.9888591766,Temperature,Surface,°C,-0.3414632784,10.7488259063,11.5225690424,0.7737431361,4
2011-05-02 01:00:00,Upper,113,113,159.1259612203,-31.4329771431,-3.9888591766,Temperature,Surface,°C,-0.4043796437,10.7338130066,11.4357765232,0.7019635166,4
2011-05-02 02:00:00,Upper,113,113,159.1259612203,-31.4329771431,-3.9888591766,Temperature,Surface,°C,-0.4732310922,10.7385534612,11.3337139863,0.5951605251,4
2011-05-02 03:00:00,Upper,113,113,159.1259612203,-31.4329771431,-3.9888591766,Temperature,Surface,°C,-0.5240184981,10.7654547856,11.2269477439,0.4614929583,4
2011-05-02 04:00:00,Upper,113,113,159.1259612203,-31.4329771431,-3.9888591766,Temperature,Surface,°C,-0.5647749884,10.7987198061,11.1397203214,0.3410005152,4
2011-05-02 05:00:00,Upper,113,113,159.1259612203,-31.4329771431,-3.9888591766,Temperature,Surface,°C,-0.5741196465,10.8545528008,11.0710533279,0.2165005271,4
2011-05-02 06:00:00,Upper,113,113,159.1259612203,-31.4329771431,-3.9888591766,Temperature,Surface,°C,-0.5501406406,10.8922921454,11.0082938639,0.1160017185,4
2011-05-02 07:00:00,Upper,113,113,159.1259612203,-31.4329771431,-3.9888591766,Temperature,Surface,°C,-0.4949700895,10.9093367775,10.9526330378,0.0432962603,4
2011-05-02 08:00:00,Upper,113,113,159.1259612203,-31.4329771431,-3.9888591766,Temperature,Surface,°C,-0.4230888636,10.8831870981,10.9149536876,0.0317665896,4
2011-05-02 09:00:00,Upper,113,113,159.1259612203,-31.4329771431,-3.9888591766,Temperature,Surface,°C,-0.3591958709,10.8520819713,10.9040333099,0.0519513386,4
2011-05-02 10:00:00,Upper,113,113,159.1259612203,-31.4329771431,-3.9888591766,Temperature,Surface,°C,-0.3128962178,10.8772314688,10.9321198213,0.0548883525,4
2011-05-02 11:00:00,Upper,113,113,159.1259612203,-31.4329771431,-3.9888591766,Temperature,Surface,°C,-0.2945432499,10.9045039812,11.0055255033,0.1010215221,4
2011-05-02 12:00:00,Upper,113,113,159.1259612203,-31.4329771431,-3.9888591766,Temperature,Surface,°C,-0.3081405039,10.9679354115,11.0871590486,0.1192236371,4
2011-05-02 13:00:00,Upper,113,113,159.1259612203,-31.4329771431,-3.9888591766,Temperature,Surface,°C,-0.3490742377,11.0121114557,11.1298903491,0.1177788934,4
2011-05-02 14:00:00,Upper,113,113,159.1259612203,-31.4329771431,-3.9888591766,Temperature,Surface,°C,-0.4097103323,11.0344310557,11.1351218717,0.1006908159,4
2011-05-02 15:00:00,Upper,113,113,159.1259612203,-31.4329771431,-3.9888591766,Temperature,Surface,°C,-0.4649744880,11.0688877675,11.1216458403,0.0527580728,4
2011-05-02 16:00:00,Upper,113,113,159.1259612203,-31.4329771431,-3.9888591766,Temperature,Surface,°C,-0.5031023385,11.0963392762,11.0891903083,-0.0071489680,4
2011-05-02 17:00:00,Upper,113,113,159.1259612203,-31.4329771431,-3.9888591766,Temperature,Surface,°C,-0.5236901516,11.0989099389,11.0393517886,-0.0595581503,4
2011-05-02 18:00:00,Upper,113,113,159.1259612203,-31.4329771431,-3.9888591766,Temperature,Surface,°C,-0.5215958875,11.0316976505,10.9727714347,-0.0589262158,4
2011-05-02 19:00:00,Upper,113,113,159.1259612203,-31.4329771431,-3.9888591766,Temperature,Surface,°C,-0.4691665081,10.9246134625,10.8991260689,-0.0254873937,4
2011-05-02 20:00:00,Upper,113,113,159.1259612203,-31.4329771431,-3.9888591766,Temperature,Surface,°C,-0.4102540597,10.7898777537,10.8297353270,0.0398575733,4
2011-05-02 21:00:00,Upper,113,113,159.1259612203,-31.4329771431,-3.9888591766,Temperature,Surface,°C,-0.3483552766,10.7219019660,10.7697722459,0.0478702799,4
2011-05-02 22:00:00,Upper,113,113,159.1259612203,-31.4329771431,-3.9888591766,Temperature,Surface,°C,-0.3016251317,10.6740876227,10.7300389432,0.0559513205,4
2011-05-02 23:00:00,Upper,113,113,159.1259612203,-31.4329771431,-3.9888591766,Temperature,Surface,°C,-0.2844436691,10.6562242191,10.7191845110,0.0629602918,4
2011-05-03 00:00:00,Upper,113,113,159.1259612203,-31.4329771431,-3.9888591766,Temperature,Surface,°C,-0.3028879179,10.6673628915,10.7212864292,0.0539235378,4
2011-05-03 01:00:00,Upper,113,113,159.1259612203,-31.4329771431,-3.9888591766,Temperature,Surface,°C,-0.3529555049,10.7038662616,10.7037009213,-0.0001653403,4
2011-05-03 02:00:00,Upper,113,113,159.1259612203,-31.4329771431,-3.9888591766,Temperature,Surface,°C,-0.4133501579,10.6920344984,10.6589540271,-0.0330804714,4
2011-05-03 03:00:00,Upper,113,113,159.1259612203,-31.4329771431,-3.9888591766,Temperature,Surface,°C,-0.4840875842,10.6959871238,10.6037361516,-0.0922509722,4
2011-05-03 04:00:00,Upper,113,113,159.1259612203,-31.4329771431,-3.9888591766,Temperature,Surface,°C,-0.5338587223,10.6823370138,10.5420952002,-0.1402418136,4
2011-05-03 05:00:00,Upper,113,113,159.1259612203,-31.4329771431,-3.9888591766,Temperature,Surface,°C,-0.5799466142,10.6605082677,10.4830354728,-0.1774727950,4
2011-05-03 06:00:00,Upper,113,113,159.1259612203,-31.4329771431,-3.9888591766,Temperature,Surface,°C,-0.5922543417,10.6771975950,10.4268810699,-0.2503165251,4
2011-05-03 07:00:00,Upper,113,113,159.1259612203,-31.4329771431,-3.9888591766,Temperature,Surface,°C,-0.5480875836,10.6294997382,10.3776065507,-0.2518931875,4
2011-05-03 08:00:00,Upper,113,113,159.1259612203,-31.4329771431,-3.9888591766,Temperature,Surface,°C,-0.4938678189,10.6006789991,10.3492226929,-0.2514563061,4
2011-05-03 09:00:00,Upper,113,113,159.1259612203,-31.4329771431,-3.9888591766,Temperature,Surface,°C,-0.4161242165,10.6177344429,10.3497061079,-0.2680283351,4
2011-05-03 10:00:00,Upper,113,113,159.1259612203,-31.4329771431,-3.9888591766,Temperature,Surface,°C,-0.3444689072,10.6451989807,10.3817986630,-0.2634003177,4
2011-05-03 11:00:00,Upper,113,113,159.1259612203,-31.4329771431,-3.9888591766,Temperature,Surface,°C,-0.3031378012,10.8190057401,10.4534607054,-0.3655450347,4
2011-05-03 12:00:00,Upper,113,113,159.1259612203,-31.4329771431,-3.9888591766,Temperature,Surface,°C,-0.2874165804,10.9768054275,10.5605044666,-0.4163009609,4
2011-05-03 13:00:00,Upper,113,113,159.1259612203,-31.4329771431,-3.9888591766,Temperature,Surface,°C,-0.3163773897,11.0937109938,10.6758026749,-0.4179083189,4
2011-05-03 14:00:00,Upper,113,113,159.1259612203,-31.4329771431,-3.9888591766,Temperature,Surface,°C,-0.3576214763,11.1676688239,10.7511877062,-0.4164811177,4
2011-05-03 15:00:00,Upper,113,113,159.1259612203,-31.4329771431,-3.9888591766,Temperature,Surface,°C,-0.4179066528,11.1600737373,10.7783083983,-0.3817653390,4
2011-05-03 16:00:00,Upper,113,113,159.1259612203,-31.4329771431,-3.9888591766,Temperature,Surface,°C,-0.4728691080,11.1401384136,10.7725803315,-0.3675580822,4
2011-05-03 17:00:00,Upper,113,113,159.1259612203,-31.4329771431,-3.9888591766,Temperature,Surface,°C,-0.5161186590,11.0909579302,10.7344918875,-0.3564660427,4
2011-05-03 18:00:00,Upper,113,113,159.1259612203,-31.4329771431,-3.9888591766,Temperature,Surface,°C,-0.5352641884,10.9745739398,10.6714668707,-0.3031070691,4
2011-05-03 19:00:00,Upper,113,113,159.1259612203,-31.4329771431,-3.9888591766,Temperature,Surface,°C,-0.5102144014,10.8513924791,10.5981285981,-0.2532638809,4
2011-05-03 20:00:00,Upper,113,113,159.1259612203,-31.4329771431,-3.9888591766,Temperature,Surface,°C,-0.4738457738,10.7520251135,10.5206143459,-0.2314107676,4
2011-05-03 21:00:00,Upper,113,113,159.1259612203,-31.4329771431,-3.9888591766,Temperature,Surface,°C,-0.3998902031,10.6649325474,10.4450477000,-0.2198848474,4
2011-05-03 22:00:00,Upper,113,113,159.1259612203,-31.4329771431,-3.9888591766,Temperature,Surface,°C,-0.3373385775,10.5849031220,10.3735009033,-0.2114022188,4
2011-05-03 23:00:00,Upper,113,113,159.1259612203,-31.4329771431,-3.9888591766,Temperature,Surface,°C,-0.2904738407,10.5632525583,10.3132586175,-0.2499939408,4
2011-05-04 00:00:00,Upper,113,113,159.1259612203,-31.4329771431,-3.9888591766,Temperature,Surface,°C,-0.2791375993,10.5393198818,10.2703725878,-0.2689472939,4
2011-05-04 01:00:00,Upper,113,113,159.1259612203,-31.4329771431,-3.9888591766,Temperature,Surface,°C,-0.3054888767,10.5650820004,10.2382795914,-0.3268024090,4
2011-05-04 02:00:00,Upper,113,113,159.1259612203,-31.4329771431,-3.9888591766,Temperature,Surface,°C,-0.3546462767,10.5826906427,10.1987088858,-0.3839817569,4
2011-05-04 03:00:00,Upper,113,113,159.1259612203,-31.4329771431,-3.9888591766,Temperature,Surface,°C,-0.4303516427,10.5803312929,10.1521575498,-0.4281737431,4
2011-05-04 04:00:00,Upper,113,113,159.1259612203,-31.4329771431,-3.9888591766,Temperature,Surface,°C,-0.5029330716,10.6004644816,10.1093216099,-0.4911428717,4
2011-05-04 05:00:00,Upper,113,113,159.1259612203,-31.4329771431,-3.9888591766,Temperature,Surface,°C,-0.5521466644,10.5849776498,10.0685550572,-0.5164225926,4
2011-05-04 06:00:00,Upper,113,113,159.1259612203,-31.4329771431,-3.9888591766,Temperature,Surface,°C,-0.5936441965,10.5778290227,10.0303247515,-0.5475042713,4
2011-05-04 07:00:00,Upper,113,113,159.1259612203,-31.4329771431,-3.9888591766,Temperature,Surface,°C,-0.5961454454,10.5717516942,9.9987674387,-0.5729842555,4
2011-05-04 08:00:00,Upper,113,113,159.1259612203,-31.4329771431,-3.9888591766,Temperature,Surface,°C,-0.5523523023,10.5556845271,9.9855842678,-0.5701002593,4
2011-05-04 09:00:00,Upper,113,113,159.1259612203,-31.4329771431,-3.9888591766,Temperature,Surface,°C,-0.4752204987,10.5606048191,9.9977594436,-0.5628453755,4
2011-05-04 10:00:00,Upper,113,113,159.1259612203,-31.4329771431,-3.9888591766,Temperature,Surface,°C,-0.3884700306,10.5768687466,10.0369194340,-0.5399493125,4
2011-05-04 11:00:00,Upper,113,113,159.1259612203,-31.4329771431,-3.9888591766,Temperature,Surface,°C,-0.3196567216,10.7000248854,10.0874871430,-0.6125377423,4
2011-05-04 12:00:00,Upper,113,113,159.1259612203,-31.4329771431,-3.9888591766,Temperature,Surface,°C,-0.2810855531,10.7806315811,10.1523298497,-0.6283017314,4
2011-05-04 13:00:00,Upper,113,113,159.1259612203,-31.4329771431,-3.9888591766,Temperature,Surface,°C,-0.2827142658,10.8485313977,10.2400775536,-0.6084538441,4
2011-05-04 14:00:00,Upper,113,113,159.1259612203,-31.4329771431,-3.9888591766,Temperature,Surface,°C,-0.3088227585,10.8831503594,10.3232565046,-0.5598938548,4
2011-05-04 15:00:00,Upper,113,113,159.1259612203,-31.4329771431,-3.9888591766,Temperature,Surface,°C,-0.3711090511,10.8993550295,10.3667051856,-0.5326498439,4
2011-05-04 16:00:00,Upper,113,113,159.1259612203,-31.4329771431,-3.9888591766,Temperature,Surface,°C,-0.4316687355,10.8877361433,10.3616645008,-0.5260716425,4
2011-05-04 17:00:00,Upper,113,113,159.1259612203,-31.4329771431,-3.9888591766,Temperature,Surface,°C,-0.4874264155,10.8162382917,10.3257434846,-0.4904948071,4
2011-05-04 18:00:00,Upper,113,113,159.1259612203,-31.4329771431,-3.9888591766,Temperature,Surface,°C,-0.5285429534,10.7664131996,10.2692488060,-0.4971643936,4
2011-05-04 19:00:00,Upper,113,113,159.1259612203,-31.4329771431,-3.9888591766,Temperature,Surface,°C,-0.5523490991,10.7017191294,10.2012021370,-0.5005169924,4
2011-05-04 20:00:00,Upper,113,113,159.1259612203,-31.4329771431,-3.9888591766,Temperature,Surface,°C,-0.5308655165,10.6362810600,10.1281516396,-0.5081294204,4
2011-05-04 21:00:00,Upper,113,113,159.1259612203,-31.4329771431,-3.9888591766,Temperature,Surface,°C,-0.4729229061,10.5493197644,10.0545814472,-0.4947383172,4
2011-05-04 22:00:00,Upper,113,113,159.1259612203,-31.4329771431,-3.9888591766,Temperature,Surface,°C,-0.4063118150,10.4591502536,9.9820567038,-0.4770935498,4
2011-05-04 23:00:00,Upper,113,113,159.1259612203,-31.4329771431,-3.9888591766,Temperature,Surface,°C,-0.3500291359,10.4204245880,9.9114442370,-0.5089803510,4
2011-05-05 00:00:00,Upper,113,113,159.1259612203,-31.4329771431,-3.9888591766,Temperature,Surface,°C,-0.3053362107,10.3930506825,9.8474412418,-0.5456094407,4
2011-05-05 01:00:00,Upper,113,113,159.1259612203,-31.4329771431,-3.9888591766,Temperature,Surface,°C,-0.3036709317,10.3829680180,9.7928575687,-0.5901104492,4
2011-05-05 02:00:00,Upper,113,113,159.1259612203,-31.4329771431,-3.9888591766,Temperature,Surface,°C,-0.3283231051,10.3805626807,9.7475051596,-0.6330575211,4
2011-05-05 03:00:00,Upper,113,113,159.1259612203,-31.4329771431,-3.9888591766,Temperature,Surface,°C,-0.3889369793,10.3876309411,9.7072817164,-0.6803492247,4
2011-05-05 04:00:00,Upper,113,113,159.1259612203,-31.4329771431,-3.9888591766,Temperature,Surface,°C,-0.4574190514,10.3832880908,9.6698097259,-0.7134783649,4
2011-05-05 05:00:00,Upper,113,113,159.1259612203,-31.4329771431,-3.9888591766,Temperature,Surface,°C,-0.5348093904,10.3929197195,9.6345638576,-0.7583558618,4
2011-05-05 06:00:00,Upper,113,113,159.1259612203,-31.4329771431,-3.9888591766,Temperature,Surface,°C,-0.5807579160,10.3909120080,9.6018658722,-0.7890461358,4
2011-05-05 07:00:00,Upper,113,113,159.1259612203,-31.4329771431,-3.9888591766,Temperature,Surface,°C,-0.6147651429,10.3901281032,9.5789334334,-0.8111946698,4
2011-05-05 08:00:00,Upper,113,113,159.1259612203,-31.4329771431,-3.9888591766,Temperature,Surface,°C,-0.5925091097,10.3924803704,9.5786669032,-0.8138134672,4
2011-05-05 09:00:00,Upper,113,113,159.1259612203,-31.4329771431,-3.9888591766,Temperature,Surface,°C,-0.5533843687,10.4151524182,9.6076403693,-0.8075120489,4
2011-05-05 10:00:00,Upper,113,113,159.1259612203,-31.4329771431,-3.9888591766,Temperature,Surface,°C,-0.4749296640,10.4743744511,9.6624576925,-0.8119167586,4
2011-05-05 11:00:00,Upper,113,113,159.1259612203,-31.4329771431,-3.9888591766,Temperature,Surface,°C,-0.3917930826,10.5180308052,9.7407239781,-0.7773068270,4
2011-05-05 12:00:00,Upper,113,113,159.1259612203,-31.4329771431,-3.9888591766,Temperature,Surface,°C,-0.3253795336,10.7194016926,9.8352889507,-0.8841127419,4
2011-05-05 13:00:00,Upper,113,113,159.1259612203,-31.4329771431,-3.9888591766,Temperature,Surface,°C,-0.2867845718,10.8817018472,9.9328787070,-0.9488231402,4
2011-05-05 14:00:00,Upper,113,113,159.1259612203,-31.4329771431,-3.9888591766,Temperature,Surface,°C,-0.2816183766,10.9736721041,10.0190216532,-0.9546504509,4
2011-05-05 15:00:00,Upper,113,113,159.1259612203,-31.4329771431,-3.9888591766,Temperature,Surface,°C,-0.3138793567,10.9940386329,10.0836176673,-0.9104209657,4
2011-05-05 16:00:00,Upper,113,113,159.1259612203,-31.4329771431,-3.9888591766,Temperature,Surface,°C,-0.3854875151,10.9811945333,10.1206146472,-0.8605798861,4
2011-05-05 17:00:00,Upper,113,113,159.1259612203,-31.4329771431,-3.9888591766,Temperature,Surface,°C,-0.4498660677,10.9441255450,10.1154714949,-0.8286540501,4
2011-05-05 18:00:00,Upper,113,113,159.1259612203,-31.4329771431,-3.9888591766,Temperature,Surface,°C,-0.5043045736,10.7950845492,10.0724428941,-0.7226416551,4
2011-05-05 19:00:00,Upper,113,113,159.1259612203,-31.4329771431,-3.9888591766,Temperature,Surface,°C,-0.5423981847,10.7143073951,10.0106396360,-0.7036677590,4
2011-05-05 20:00:00,Upper,113,113,159.1259612203,-31.4329771431,-3.9888591766,Temperature,Surface,°C,-0.5471312664,10.6735147211,9.9412642938,-0.7322504273,4
2011-05-05 21:00:00,Upper,113,113,159.1259612203,-31.4329771431,-3.9888591766,Temperature,Surface,°C,-0.5085083008,10.6033756179,9.8743966664,-0.7289789515,4
2011-05-05 22:00:00,Upper,113,113,159.1259612203,-31.4329771431,-3.9888591766,Temperature,Surface,°C,-0.4453936152,10.5299531111,9.8103535085,-0.7195996026,4
2011-05-05 23:00:00,Upper,113,113,159.1259612203,-31.4329771431,-3.9888591766,Temperature,Surface,°C,-0.3733145118,10.4367996336,9.7492533814,-0.6875462522,4
2011-05-06 00:00:00,Upper,113,113,159.1259612203,-31.4329771431,-3.9888591766,Temperature,Surface,°C,-0.3224765577,10.4129105608,9.6902297880,-0.7226807729,4
2011-05-06 01:00:00,Upper,113,113,159.1259612203,-31.4329771431,-3.9888591766,Temperature,Surface,°C,-0.2742281144,10.3769753518,9.6344759370,-0.7424994148,4
2011-05-06 02:00:00,Upper,113,113,159.1259612203,-31.4329771431,-3.9888591766,Temperature,Surface,°C,-0.2812762886,10.3685082726,9.5787884268,-0.7897198458,4
2011-05-06 03:00:00,Upper,113,113,159.1259612203,-31.4329771431,-3.9888591766,Temperature,Surface,°C,-0.3215982151,10.3803707088,9.5321844548,-0.8481862540,4
2011-05-06 04:00:00,Upper,113,113,159.1259612203,-31.4329771431,-3.9888591766,Temperature,Surface,°C,-0.3988304928,10.4021226620,9.5007652043,-0.9013574578,4
2011-05-06 05:00:00,Upper,113,113,159.1259612203,-31.4329771431,-3.9888591766,Temperature,Surface,°C,-0.4732726858,10.4021239258,9.4783673253,-0.9237566006,4
2011-05-06 06:00:00,Upper,113,113,159.1259612203,-31.4329771431,-3.9888591766,Temperature,Surface,°C,-0.5638719260,10.4158708465,9.4590263265,-0.9568445199,4
2011-05-06 07:00:00,Upper,113,113,159.1259612203,-31.4329771431,-3.9888591766,Temperature,Surface,°C,-0.6093859327,10.4171613202,9.4495644770,-0.9675968432,4
2011-05-06 08:00:00,Upper,113,113,159.1259612203,-31.4329771431,-3.9888591766,Temperature,Surface,°C,-0.6325953677,10.4164692543,9.4611376352,-0.9553316190,4
2011-05-06 09:00:00,Upper,113,113,159.1259612203,-31.4329771431,-3.9888591766,Temperature,Surface,°C,-0.6055689376,10.4798059905,9.5025547554,-0.9772512351,4
2011-05-06 10:00:00,Upper,113,113,159.1259612203,-31.4329771431,-3.9888591766,Temperature,Surface,°C,-0.5281848979,10.5204367316,9.5719531069,-0.9484836248,4
2011-05-06 11:00:00,Upper,113,113,159.1259612203,-31.4329771431,-3.9888591766,Temperature,Surface,°C,-0.4411599623,10.6031363290,9.6634747601,-0.9396615689,4
2011-05-06 12:00:00,Upper,113,113,159.1259612203,-31.4329771431,-3.9888591766,Temperature,Surface,°C,-0.3576525173,10.7943946451,9.7642254377,-1.0301692074,4
2011-05-06 13:00:00,Upper,113,113,159.1259612203,-31.4329771431,-3.9888591766,Temperature,Surface,°C,-0.2791992251,10.9351389599,9.8624612404,-1.0726777196,4
2011-05-06 14:00:00,Upper,113,113,159.1259612203,-31.4329771431,-3.9888591766,Temperature,Surface,°C,-0.2559962781,10.9992797020,9.9370466762,-1.0622330258,4
2011-05-06 15:00:00,Upper,113,113,159.1259612203,-31.4329771431,-3.9888591766,Temperature,Surface,°C,-0.2624711639,11.0214037002,9.9682686027,-1.0531350975,4
2011-05-06 16:00:00,Upper,113,113,159.1259612203,-31.4329771431,-3.9888591766,Temperature,Surface,°C,-0.3141256956,10.9918691681,9.9774628785,-1.0144062896,4
2011-05-06 17:00:00,Upper,113,113,159.1259612203,-31.4329771431,-3.9888591766,Temperature,Surface,°C,-0.3842089082,10.9637053733,9.9791754083,-0.9845299650,4
2011-05-06 18:00:00,Upper,113,113,159.1259612203,-31.4329771431,-3.9888591766,Temperature,Surface,°C,-0.4501111918,10.8080680601,9.9606486902,-0.8474193699,4
2011-05-06 19:00:00,Upper,113,113,159.1259612203,-31.4329771431,-3.9888591766,Temperature,Surface,°C,-0.5084913411,10.6979370801,9.9190540747,-0.7788830054,4
2011-05-06 20:00:00,Upper,113,113,159.1259612203,-31.4329771431,-3.9888591766,Temperature,Surface,°C,-0.5557076297,10.6675016932,9.8633761794,-0.8041255137,4
2011-05-06 21:00:00,Upper,113,113,159.1259612203,-31.4329771431,-3.9888591766,Temperature,Surface,°C,-0.5510911139,10.6520911964,9.8067386380,-0.8453525584,4
2011-05-06 22:00:00,Upper,113,113,159.1259612203,-31.4329771431,-3.9888591766,Temperature,Surface,°C,-0.4962302480,10.5772106465,9.7598410614,-0.8173695850,4
2011-05-06 23:00:00,Upper,113,113,159.1259612203,-31.4329771431,-3.9888591766,Temperature,Surface,°C,-0.4207623965,10.4847245486,9.7161429581,-0.7685815906,4
2011-05-07 00:00:00,Upper,113,113,159.1259612203,-31.4329771431,-3.9888591766,Temperature,Surface,°C,-0.3464754775,10.4240867357,9.6743230935,-0.7497636421,4
2011-05-01 01:00:00,Upper,113,113,159.1259612203,-31.4329771431,-3.9888591766,Vx,Mid-depth,m s$^{-1}$,-1.9445920063,-0.0264066660,-0.0196492510,0.0067574149,4
2011-05-01 02:00:00,Upper,113,113,159.1259612203,-31.4329771431,-3.9888591766,Vx,Mid-depth,m s$^{-1}$,-2.0251089421,0.0075281840,-0.0260564360,-0.0335846200,4
2011-05-01 03:00:00,Upper,113,113,159.1259612203,-31.4329771431,-3.9888591766,Vx,Mid-depth,m s$^{-1}$,-2.0278679774,0.0152513424,-0.0233659945,-0.0386173370,4
2011-05-01 04:00:00,Upper,113,113,159.1259612203,-31.4329771431,-3.9888591766,Vx,Mid-depth,m s$^{-1}$,-2.0450220531,0.0125926835,-0.0212834164,-0.0338760999,4
2011-05-01 05:00:00,Upper,113,113,159.1259612203,-31.4329771431,-3.9888591766,Vx,Mid-depth,m s$^{-1}$,-2.0257286438,0.0112186500,-0.0157176180,-0.0269362680,4
2011-05-01 06:00:00,Upper,113,113,159.1259612203,-31.4329771431,-3.9888591766,Vx,Mid-depth,m s$^{-1}$,-2.0025266777,0.0026650771,-0.0120552807,-0.0147203578,4
2011-05-01 07:00:00,Upper,113,113,159.1259612203,-31.4329771431,-3.9888591766,Vx,Mid-depth,m s$^{-1}$,-1.9684411247,-0.0023970845,-0.0117807534,-0.0093836689,4
2011-05-01 08:00:00,Upper,113,113,159.1259612203,-31.4329771431,-3.9888591766,Vx,Mid-depth,m s$^{-1}$,-1.9385963729,-0.0051740467,-0.0120488002,-0.0068747536,4
2011-05-01 09:00:00,Upper,113,113,159.1259612203,-31.4329771431,-3.9888591766,Vx,Mid-depth,m s$^{-1}$,-1.9137060674,-0.0100391046,-0.0145070753,-0.0044679707,4
2011-05-01 10:00:00,Upper,113,113,159.1259612203,-31.4329771431,-3.9888591766,Vx,Mid-depth,m s$^{-1}$,-1.9048410655,-0.0123475235,-0.0172498063,-0.0049022829,4
2011-05-01 11:00:00,Upper,113,113,159.1259612203,-31.4329771431,-3.9888591766,Vx,Mid-depth,m s$^{-1}$,-1.9077938822,-0.0138583087,-0.0186769867,-0.0048186780,4
2011-05-01 12:00:00,Upper,113,113,159.1259612203,-31.4329771431,-3.9888591766,Vx,Mid-depth,m s$^{-1}$,-1.9246805008,-0.0166649215,-0.0227520378,-0.0060871163,4
2011-05-01 13:00:00,Upper,113,113,159.1259612203,-31.4329771431,-3.9888591766,Vx,Mid-depth,m s$^{-1}$,-1.9563806855,-0.0105106032,-0.0237002464,-0.0131896432,4
2011-05-01 14:00:00,Upper,113,113,159.1259612203,-31.4329771431,-3.9888591766,Vx,Mid-depth,m s$^{-1}$,-1.9826495491,-0.0086037625,-0.0231636312,-0.0145598687,4
2011-05-01 15:00:00,Upper,113,113,159.1259612203,-31.4329771431,-3.9888591766,Vx,Mid-depth,m s$^{-1}$,-2.0043129338,-0.0062409219,-0.0227778729,-0.0165369510,4
2011-05-01 16:00:00,Upper,113,113,159.1259612203,-31.4329771431,-3.9888591766,Vx,Mid-depth,m s$^{-1}$,-2.0157193118,-0.0031451188,-0.0203754427,-0.0172303239,4
2011-05-01 17:00:00,Upper,113,113,159.1259612203,-31.4329771431,-3.9888591766,Vx,Mid-depth,m s$^{-1}$,-2.0104816165,-0.0051045536,-0.0184983651,-0.0133938115,4
2011-05-01 18:00:00,Upper,113,113,159.1259612203,-31.4329771431,-3.9888591766,Vx,Mid-depth,m s$^{-1}$,-1.9927460754,-0.0023354271,-0.0143215171,-0.0119860900,4
2011-05-01 19:00:00,Upper,113,113,159.1259612203,-31.4329771431,-3.9888591766,Vx,Mid-depth,m s$^{-1}$,-1.9574977487,-0.0091162350,-0.0151538365,-0.0060376015,4
2011-05-01 20:00:00,Upper,113,113,159.1259612203,-31.4329771431,-3.9888591766,Vx,Mid-depth,m s$^{-1}$,-1.9303455628,-0.0100811345,-0.0155049342,-0.0054237997,4
2011-05-01 21:00:00,Upper,113,113,159.1259612203,-31.4329771431,-3.9888591766,Vx,Mid-depth,m s$^{-1}$,-1.9017026922,-0.0123994147,-0.0160862996,-0.0036868849,4
2011-05-01 22:00:00,Upper,113,113,159.1259612203,-31.4329771431,-3.9888591766,Vx,Mid-depth,m s$^{-1}$,-1.8881973271,-0.0151723700,-0.0191229555,-0.0039505855,4
2011-05-01 23:00:00,Upper,113,113,159.1259612203,-31.4329771431,-3.9888591766,Vx,Mid-depth,m s$^{-1}$,-1.8925610895,-0.0164430911,-0.0221166494,-0.0056735583,4
2011-05-02 00:00:00,Upper,113,113,159.1259612203,-31.4329771431,-3.9888591766,Vx,Mid-depth,m s$^{-1}$,-1.9151612275,-0.0153761592,-0.0239418772,-0.0085657181,4
2011-05-02 01:00:00,Upper,113,113,159.1259612203,-31.4329771431,-3.9888591766,Vx,Mid-depth,m s$^{-1}$,-1.9466194102,-0.0131504691,-0.0253791544,-0.0122286853,4
2011-05-02 02:00:00,Upper,113,113,159.1259612203,-31.4329771431,-3.9888591766,Vx,Mid-depth,m s$^{-1}$,-1.9810451344,-0.0103898658,-0.0248457196,-0.0144558538,4
2011-05-02 03:00:00,Upper,113,113,159.1259612203,-31.4329771431,-3.9888591766,Vx,Mid-depth,m s$^{-1}$,-2.0064388374,-0.0110988945,-0.0242590107,-0.0131601162,4
2011-05-02 04:00:00,Upper,113,113,159.1259612203,-31.4329771431,-3.9888591766,Vx,Mid-depth,m s$^{-1}$,-2.0268170825,-0.0104324705,-0.0230271417,-0.0125946712,4
2011-05-02 05:00:00,Upper,113,113,159.1259612203,-31.4329771431,-3.9888591766,Vx,Mid-depth,m s$^{-1}$,-2.0314894116,-0.0132487710,-0.0200441526,-0.0067953816,4
2011-05-02 06:00:00,Upper,113,113,159.1259612203,-31.4329771431,-3.9888591766,Vx,Mid-depth,m s$^{-1}$,-2.0194999086,-0.0164529918,-0.0168984150,-0.0004454232,4
2011-05-02 07:00:00,Upper,113,113,159.1259612203,-31.4329771431,-3.9888591766,Vx,Mid-depth,m s$^{-1}$,-1.9919146331,-0.0176017924,-0.0144647034,0.0031370890,4
2011-05-02 08:00:00,Upper,113,113,159.1259612203,-31.4329771431,-3.9888591766,Vx,Mid-depth,m s$^{-1}$,-1.9559740201,-0.0216744146,-0.0145348300,0.0071395846,4
2011-05-02 09:00:00,Upper,113,113,159.1259612203,-31.4329771431,-3.9888591766,Vx,Mid-depth,m s$^{-1}$,-1.9240275237,-0.0255178186,-0.0156705708,0.0098472478,4
2011-05-02 10:00:00,Upper,113,113,159.1259612203,-31.4329771431,-3.9888591766,Vx,Mid-depth,m s$^{-1}$,-1.9008776972,-0.0270745884,-0.0172404558,0.0098341325,4
2011-05-02 11:00:00,Upper,113,113,159.1259612203,-31.4329771431,-3.9888591766,Vx,Mid-depth,m s$^{-1}$,-1.8917012132,-0.0295192286,-0.0199004760,0.0096187526,4
2011-05-02 12:00:00,Upper,113,113,159.1259612203,-31.4329771431,-3.9888591766,Vx,Mid-depth,m s$^{-1}$,-1.8984998403,-0.0304367530,-0.0221802949,0.0082564581,4
2011-05-02 13:00:00,Upper,113,113,159.1259612203,-31.4329771431,-3.9888591766,Vx,Mid-depth,m s$^{-1}$,-1.9189667071,-0.0312972087,-0.0242561340,0.0070410748,4
2011-05-02 14:00:00,Upper,113,113,159.1259612203,-31.4329771431,-3.9888591766,Vx,Mid-depth,m s$^{-1}$,-1.9492847545,-0.0292904113,-0.0249247631,0.0043656482,4
2011-05-02 15:00:00,Upper,113,113,159.1259612203,-31.4329771431,-3.9888591766,Vx,Mid-depth,m s$^{-1}$,-1.9769168323,-0.0276537427,-0.0241857961,0.0034679466,4
2011-05-02 16:00:00,Upper,113,113,159.1259612203,-31.4329771431,-3.9888591766,Vx,Mid-depth,m s$^{-1}$,-1.9959807576,-0.0258385078,-0.0226474144,0.0031910934,4
2011-05-02 17:00:00,Upper,113,113,159.1259612203,-31.4329771431,-3.9888591766,Vx,Mid-depth,m s$^{-1}$,-2.0062746641,-0.0260505900,-0.0220150405,0.0040355495,4
2011-05-02 18:00:00,Upper,113,113,159.1259612203,-31.4329771431,-3.9888591766,Vx,Mid-depth,m s$^{-1}$,-2.0052275321,-0.0218591012,-0.0177068381,0.0041522631,4
2011-05-02 19:00:00,Upper,113,113,159.1259612203,-31.4329771431,-3.9888591766,Vx,Mid-depth,m s$^{-1}$,-1.9790128424,-0.0235403294,-0.0153141338,0.0082261955,4
2011-05-02 20:00:00,Upper,113,113,159.1259612203,-31.4329771431,-3.9888591766,Vx,Mid-depth,m s$^{-1}$,-1.9495566182,-0.0251186548,-0.0154189975,0.0096996573,4
2011-05-02 21:00:00,Upper,113,113,159.1259612203,-31.4329771431,-3.9888591766,Vx,Mid-depth,m s$^{-1}$,-1.9186072266,-0.0257738835,-0.0155512228,0.0102226608,4
2011-05-02 22:00:00,Upper,113,113,159.1259612203,-31.4329771431,-3.9888591766,Vx,Mid-depth,m s$^{-1}$,-1.8952421542,-0.0271587232,-0.0173835020,0.0097752212,4
2011-05-02 23:00:00,Upper,113,113,159.1259612203,-31.4329771431,-3.9888591766,Vx,Mid-depth,m s$^{-1}$,-1.8866514229,-0.0284655571,-0.0200350067,0.0084305504,4
2011-05-03 00:00:00,Upper,113,113,159.1259612203,-31.4329771431,-3.9888591766,Vx,Mid-depth,m s$^{-1}$,-1.8958735472,-0.0309179575,-0.0231480995,0.0077698581,4
2011-05-03 01:00:00,Upper,113,113,159.1259612203,-31.4329771431,-3.9888591766,Vx,Mid-depth,m s$^{-1}$,-1.9209073408,-0.0286913761,-0.0240794602,0.0046119159,4
2011-05-03 02:00:00,Upper,113,113,159.1259612203,-31.4329771431,-3.9888591766,Vx,Mid-depth,m s$^{-1}$,-1.9511046673,-0.0291776743,-0.0256687064,0.0035089680,4
2011-05-03 03:00:00,Upper,113,113,159.1259612203,-31.4329771431,-3.9888591766,Vx,Mid-depth,m s$^{-1}$,-1.9864733804,-0.0252142609,-0.0251595224,0.0000547385,4
2011-05-03 04:00:00,Upper,113,113,159.1259612203,-31.4329771431,-3.9888591766,Vx,Mid-depth,m s$^{-1}$,-2.0113589494,-0.0248962144,-0.0245540303,0.0003421841,4
2011-05-03 05:00:00,Upper,113,113,159.1259612203,-31.4329771431,-3.9888591766,Vx,Mid-depth,m s$^{-1}$,-2.0344028954,-0.0226899966,-0.0241520473,-0.0014620507,4
2011-05-03 06:00:00,Upper,113,113,159.1259612203,-31.4329771431,-3.9888591766,Vx,Mid-depth,m s$^{-1}$,-2.0405567592,-0.0175917843,-0.0192178821,-0.0016260978,4
2011-05-03 07:00:00,Upper,113,113,159.1259612203,-31.4329771431,-3.9888591766,Vx,Mid-depth,m s$^{-1}$,-2.0184733801,-0.0209158866,-0.0162767454,0.0046391412,4
2011-05-03 08:00:00,Upper,113,113,159.1259612203,-31.4329771431,-3.9888591766,Vx,Mid-depth,m s$^{-1}$,-1.9913634977,-0.0210063972,-0.0151239500,0.0058824472,4
2011-05-03 09:00:00,Upper,113,113,159.1259612203,-31.4329771431,-3.9888591766,Vx,Mid-depth,m s$^{-1}$,-1.9524916966,-0.0210757304,-0.0134900090,0.0075857214,4
2011-05-03 10:00:00,Upper,113,113,159.1259612203,-31.4329771431,-3.9888591766,Vx,Mid-depth,m s$^{-1}$,-1.9166640419,-0.0263647912,-0.0160505488,0.0103142424,4
2011-05-03 11:00:00,Upper,113,113,159.1259612203,-31.4329771431,-3.9888591766,Vx,Mid-depth,m s$^{-1}$,-1.8959984889,-0.0248473428,-0.0173993647,0.0074479782,4
2011-05-03 12:00:00,Upper,113,113,159.1259612203,-31.4329771431,-3.9888591766,Vx,Mid-depth,m s$^{-1}$,-1.8881378785,-0.0291252489,-0.0210795489,0.0080457000,4
2011-05-03 13:00:00,Upper,113,113,159.1259612203,-31.4329771431,-3.9888591766,Vx,Mid-depth,m s$^{-1}$,-1.9026182832,-0.0283579066,-0.0229546242,0.0054032824,4
2011-05-03 14:00:00,Upper,113,113,159.1259612203,-31.4329771431,-3.9888591766,Vx,Mid-depth,m s$^{-1}$,-1.9232403265,-0.0284321802,-0.0242418462,0.0041903340,4
2011-05-03 15:00:00,Upper,113,113,159.1259612203,-31.4329771431,-3.9888591766,Vx,Mid-depth,m s$^{-1}$,-1.9533829147,-0.0266717178,-0.0250756339,0.0015960840,4
2011-05-03 16:00:00,Upper,113,113,159.1259612203,-31.4329771431,-3.9888591766,Vx,Mid-depth,m s$^{-1}$,-1.9808641423,-0.0243907689,-0.0244150977,-0.0000243287,4
2011-05-03 17:00:00,Upper,113,113,159.1259612203,-31.4329771431,-3.9888591766,Vx,Mid-depth,m s$^{-1}$,-2.0024889178,-0.0232692247,-0.0238169287,-0.0005477040,4
2011-05-03 18:00:00,Upper,113,113,159.1259612203,-31.4329771431,-3.9888591766,Vx,Mid-depth,m s$^{-1}$,-2.0120616825,-0.0192231658,-0.0201333105,-0.0009101448,4
2011-05-03 19:00:00,Upper,113,113,159.1259612203,-31.4329771431,-3.9888591766,Vx,Mid-depth,m s$^{-1}$,-1.9995367890,-0.0223260750,-0.0182781267,0.0040479483,4
2011-05-03 20:00:00,Upper,113,113,159.1259612203,-31.4329771431,-3.9888591766,Vx,Mid-depth,m s$^{-1}$,-1.9813524752,-0.0195976760,-0.0154123148,0.0041853612,4
2011-05-03 21:00:00,Upper,113,113,159.1259612203,-31.4329771431,-3.9888591766,Vx,Mid-depth,m s$^{-1}$,-1.9443746899,-0.0211177323,-0.0142967362,0.0068209961,4
2011-05-03 22:00:00,Upper,113,113,159.1259612203,-31.4329771431,-3.9888591766,Vx,Mid-depth,m s$^{-1}$,-1.9130988770,-0.0240225395,-0.0159484825,0.0080740570,4
2011-05-03 23:00:00,Upper,113,113,159.1259612203,-31.4329771431,-3.9888591766,Vx,Mid-depth,m s$^{-1}$,-1.8896665087,-0.0237320199,-0.0173638054,0.0063682145,4
2011-05-04 00:00:00,Upper,113,113,159.1259612203,-31.4329771431,-3.9888591766,Vx,Mid-depth,m s$^{-1}$,-1.8839983880,-0.0276163960,-0.0210320885,0.0065843075,4
2011-05-04 01:00:00,Upper,113,113,159.1259612203,-31.4329771431,-3.9888591766,Vx,Mid-depth,m s$^{-1}$,-1.8971740267,-0.0268538387,-0.0229091013,0.0039447373,4
2011-05-04 02:00:00,Upper,113,113,159.1259612203,-31.4329771431,-3.9888591766,Vx,Mid-depth,m s$^{-1}$,-1.9217527266,-0.0275605750,-0.0249065261,0.0026540489,4
2011-05-04 03:00:00,Upper,113,113,159.1259612203,-31.4329771431,-3.9888591766,Vx,Mid-depth,m s$^{-1}$,-1.9596054097,-0.0254198954,-0.0264195825,-0.0009996871,4
2011-05-04 04:00:00,Upper,113,113,159.1259612203,-31.4329771431,-3.9888591766,Vx,Mid-depth,m s$^{-1}$,-1.9958961241,-0.0210302945,-0.0253654879,-0.0043351935,4
2011-05-04 05:00:00,Upper,113,113,159.1259612203,-31.4329771431,-3.9888591766,Vx,Mid-depth,m s$^{-1}$,-2.0205029205,-0.0212414043,-0.0246857023,-0.0034442980,4
2011-05-04 06:00:00,Upper,113,113,159.1259612203,-31.4329771431,-3.9888591766,Vx,Mid-depth,m s$^{-1}$,-2.0412516866,-0.0178753925,-0.0235042088,-0.0056288163,4
2011-05-04 07:00:00,Upper,113,113,159.1259612203,-31.4329771431,-3.9888591766,Vx,Mid-depth,m s$^{-1}$,-2.0425023110,-0.0162592051,-0.0193179037,-0.0030586986,4
2011-05-04 08:00:00,Upper,113,113,159.1259612203,-31.4329771431,-3.9888591766,Vx,Mid-depth,m s$^{-1}$,-2.0206057395,-0.0170227119,-0.0152775362,0.0017451757,4
2011-05-04 09:00:00,Upper,113,113,159.1259612203,-31.4329771431,-3.9888591766,Vx,Mid-depth,m s$^{-1}$,-1.9820398377,-0.0181334536,-0.0135969821,0.0045364716,4
2011-05-04 10:00:00,Upper,113,113,159.1259612203,-31.4329771431,-3.9888591766,Vx,Mid-depth,m s$^{-1}$,-1.9386646036,-0.0233346667,-0.0140005612,0.0093341055,4
2011-05-04 11:00:00,Upper,113,113,159.1259612203,-31.4329771431,-3.9888591766,Vx,Mid-depth,m s$^{-1}$,-1.9042579491,-0.0263181449,-0.0163812108,0.0099369342,4
2011-05-04 12:00:00,Upper,113,113,159.1259612203,-31.4329771431,-3.9888591766,Vx,Mid-depth,m s$^{-1}$,-1.8849723649,-0.0288768850,-0.0194903522,0.0093865328,4
2011-05-04 13:00:00,Upper,113,113,159.1259612203,-31.4329771431,-3.9888591766,Vx,Mid-depth,m s$^{-1}$,-1.8857867212,-0.0257445207,-0.0206968440,0.0050476768,4
2011-05-04 14:00:00,Upper,113,113,159.1259612203,-31.4329771431,-3.9888591766,Vx,Mid-depth,m s$^{-1}$,-1.8988409676,-0.0282524234,-0.0239024293,0.0043499941,4
2011-05-04 15:00:00,Upper,113,113,159.1259612203,-31.4329771431,-3.9888591766,Vx,Mid-depth,m s$^{-1}$,-1.9299841139,-0.0254568441,-0.0248629302,0.0005939139,4
2011-05-04 16:00:00,Upper,113,113,159.1259612203,-31.4329771431,-3.9888591766,Vx,Mid-depth,m s$^{-1}$,-1.9602639560,-0.0233944057,-0.0246098364,-0.0012154307,4
2011-05-04 17:00:00,Upper,113,113,159.1259612203,-31.4329771431,-3.9888591766,Vx,Mid-depth,m s$^{-1}$,-1.9881427961,-0.0215309604,-0.0241610946,-0.0026301343,4
2011-05-04 18:00:00,Upper,113,113,159.1259612203,-31.4329771431,-3.9888591766,Vx,Mid-depth,m s$^{-1}$,-2.0087010650,-0.0209291417,-0.0237940143,-0.0028648726,4
2011-05-04 19:00:00,Upper,113,113,159.1259612203,-31.4329771431,-3.9888591766,Vx,Mid-depth,m s$^{-1}$,-2.0206041379,-0.0182204318,-0.0213559324,-0.0031355005,4
2011-05-04 20:00:00,Upper,113,113,159.1259612203,-31.4329771431,-3.9888591766,Vx,Mid-depth,m s$^{-1}$,-2.0098623466,-0.0172717619,-0.0167259967,0.0005457652,4
2011-05-04 21:00:00,Upper,113,113,159.1259612203,-31.4329771431,-3.9888591766,Vx,Mid-depth,m s$^{-1}$,-1.9808910414,-0.0183295749,-0.0148067733,0.0035228016,4
2011-05-04 22:00:00,Upper,113,113,159.1259612203,-31.4329771431,-3.9888591766,Vx,Mid-depth,m s$^{-1}$,-1.9475854958,-0.0223890240,-0.0159673058,0.0064217182,4
2011-05-04 23:00:00,Upper,113,113,159.1259612203,-31.4329771431,-3.9888591766,Vx,Mid-depth,m s$^{-1}$,-1.9194441563,-0.0214254067,-0.0157052217,0.0057201851,4
2011-05-05 00:00:00,Upper,113,113,159.1259612203,-31.4329771431,-3.9888591766,Vx,Mid-depth,m s$^{-1}$,-1.8970976936,-0.0253813638,-0.0187537223,0.0066276415,4
2011-05-05 01:00:00,Upper,113,113,159.1259612203,-31.4329771431,-3.9888591766,Vx,Mid-depth,m s$^{-1}$,-1.8962650542,-0.0252354903,-0.0208206719,0.0044148184,4
2011-05-05 02:00:00,Upper,113,113,159.1259612203,-31.4329771431,-3.9888591766,Vx,Mid-depth,m s$^{-1}$,-1.9085911409,-0.0278888250,-0.0239859081,0.0039029169,4
2011-05-05 03:00:00,Upper,113,113,159.1259612203,-31.4329771431,-3.9888591766,Vx,Mid-depth,m s$^{-1}$,-1.9388980780,-0.0253901796,-0.0249476643,0.0004425152,4
2011-05-05 04:00:00,Upper,113,113,159.1259612203,-31.4329771431,-3.9888591766,Vx,Mid-depth,m s$^{-1}$,-1.9731391140,-0.0252431185,-0.0264095790,-0.0011664605,4
2011-05-05 05:00:00,Upper,113,113,159.1259612203,-31.4329771431,-3.9888591766,Vx,Mid-depth,m s$^{-1}$,-2.0118342835,-0.0193875655,-0.0257767345,-0.0063891691,4
2011-05-05 06:00:00,Upper,113,113,159.1259612203,-31.4329771431,-3.9888591766,Vx,Mid-depth,m s$^{-1}$,-2.0348085463,-0.0201420165,-0.0249763197,-0.0048343033,4
2011-05-05 07:00:00,Upper,113,113,159.1259612203,-31.4329771431,-3.9888591766,Vx,Mid-depth,m s$^{-1}$,-2.0518121598,-0.0152756105,-0.0219247175,-0.0066491070,4
2011-05-05 08:00:00,Upper,113,113,159.1259612203,-31.4329771431,-3.9888591766,Vx,Mid-depth,m s$^{-1}$,-2.0406841432,-0.0181270474,-0.0183495951,-0.0002225477,4
2011-05-05 09:00:00,Upper,113,113,159.1259612203,-31.4329771431,-3.9888591766,Vx,Mid-depth,m s$^{-1}$,-2.0211217727,-0.0175654499,-0.0158883913,0.0016770586,4
2011-05-05 10:00:00,Upper,113,113,159.1259612203,-31.4329771431,-3.9888591766,Vx,Mid-depth,m s$^{-1}$,-1.9818944203,-0.0170505775,-0.0137622636,0.0032883139,4
2011-05-05 11:00:00,Upper,113,113,159.1259612203,-31.4329771431,-3.9888591766,Vx,Mid-depth,m s$^{-1}$,-1.9403261296,-0.0226118128,-0.0140647453,0.0085470675,4
2011-05-05 12:00:00,Upper,113,113,159.1259612203,-31.4329771431,-3.9888591766,Vx,Mid-depth,m s$^{-1}$,-1.9071193551,-0.0230445315,-0.0163214499,0.0067230816,4
2011-05-05 13:00:00,Upper,113,113,159.1259612203,-31.4329771431,-3.9888591766,Vx,Mid-depth,m s$^{-1}$,-1.8878218742,-0.0249837026,-0.0186855990,0.0062981036,4
2011-05-05 14:00:00,Upper,113,113,159.1259612203,-31.4329771431,-3.9888591766,Vx,Mid-depth,m s$^{-1}$,-1.8852387766,-0.0259042886,-0.0205387310,0.0053655576,4
2011-05-05 15:00:00,Upper,113,113,159.1259612203,-31.4329771431,-3.9888591766,Vx,Mid-depth,m s$^{-1}$,-1.9013692667,-0.0294976860,-0.0246743655,0.0048233205,4
2011-05-05 16:00:00,Upper,113,113,159.1259612203,-31.4329771431,-3.9888591766,Vx,Mid-depth,m s$^{-1}$,-1.9371733459,-0.0254822870,-0.0256888358,-0.0002065488,4
2011-05-05 17:00:00,Upper,113,113,159.1259612203,-31.4329771431,-3.9888591766,Vx,Mid-depth,m s$^{-1}$,-1.9693626222,-0.0235151075,-0.0249706462,-0.0014555388,4
2011-05-05 18:00:00,Upper,113,113,159.1259612203,-31.4329771431,-3.9888591766,Vx,Mid-depth,m s$^{-1}$,-1.9965818751,-0.0222353723,-0.0243431716,-0.0021077992,4
2011-05-05 19:00:00,Upper,113,113,159.1259612203,-31.4329771431,-3.9888591766,Vx,Mid-depth,m s$^{-1}$,-2.0156286807,-0.0201753088,-0.0231780757,-0.0030027669,4
2011-05-05 20:00:00,Upper,113,113,159.1259612203,-31.4329771431,-3.9888591766,Vx,Mid-depth,m s$^{-1}$,-2.0179952215,-0.0180257804,-0.0191593329,-0.0011335525,4
2011-05-05 21:00:00,Upper,113,113,159.1259612203,-31.4329771431,-3.9888591766,Vx,Mid-depth,m s$^{-1}$,-1.9986837387,-0.0195710501,-0.0164769105,0.0030941396,4
2011-05-05 22:00:00,Upper,113,113,159.1259612203,-31.4329771431,-3.9888591766,Vx,Mid-depth,m s$^{-1}$,-1.9671263959,-0.0181677767,-0.0139157572,0.0042520196,4
2011-05-05 23:00:00,Upper,113,113,159.1259612203,-31.4329771431,-3.9888591766,Vx,Mid-depth,m s$^{-1}$,-1.9310868442,-0.0245063981,-0.0164942290,0.0080121692,4
2011-05-06 00:00:00,Upper,113,113,159.1259612203,-31.4329771431,-3.9888591766,Vx,Mid-depth,m s$^{-1}$,-1.9056678672,-0.0208878945,-0.0155321214,0.0053557731,4
2011-05-06 01:00:00,Upper,113,113,159.1259612203,-31.4329771431,-3.9888591766,Vx,Mid-depth,m s$^{-1}$,-1.8815436455,-0.0251840953,-0.0187183253,0.0064657700,4
2011-05-06 02:00:00,Upper,113,113,159.1259612203,-31.4329771431,-3.9888591766,Vx,Mid-depth,m s$^{-1}$,-1.8850677326,-0.0262246216,-0.0213330445,0.0048915771,4
2011-05-06 03:00:00,Upper,113,113,159.1259612203,-31.4329771431,-3.9888591766,Vx,Mid-depth,m s$^{-1}$,-1.9052286958,-0.0290263190,-0.0252106820,0.0038156369,4
2011-05-06 04:00:00,Upper,113,113,159.1259612203,-31.4329771431,-3.9888591766,Vx,Mid-depth,m s$^{-1}$,-1.9438448347,-0.0243927527,-0.0255160427,-0.0011232900,4
2011-05-06 05:00:00,Upper,113,113,159.1259612203,-31.4329771431,-3.9888591766,Vx,Mid-depth,m s$^{-1}$,-1.9810659312,-0.0253733884,-0.0271948695,-0.0018214811,4
2011-05-06 06:00:00,Upper,113,113,159.1259612203,-31.4329771431,-3.9888591766,Vx,Mid-depth,m s$^{-1}$,-2.0263655513,-0.0179783689,-0.0269724572,-0.0089940883,4
2011-05-06 07:00:00,Upper,113,113,159.1259612203,-31.4329771431,-3.9888591766,Vx,Mid-depth,m s$^{-1}$,-2.0491225547,-0.0175243333,-0.0241915632,-0.0066672299,4
2011-05-06 08:00:00,Upper,113,113,159.1259612203,-31.4329771431,-3.9888591766,Vx,Mid-depth,m s$^{-1}$,-2.0607272721,-0.0159208896,-0.0218596339,-0.0059387443,4
2011-05-06 09:00:00,Upper,113,113,159.1259612203,-31.4329771431,-3.9888591766,Vx,Mid-depth,m s$^{-1}$,-2.0472140571,-0.0132269866,-0.0159274448,-0.0027004582,4
2011-05-06 10:00:00,Upper,113,113,159.1259612203,-31.4329771431,-3.9888591766,Vx,Mid-depth,m s$^{-1}$,-2.0085220373,-0.0162893156,-0.0134710067,0.0028183090,4
2011-05-06 11:00:00,Upper,113,113,159.1259612203,-31.4329771431,-3.9888591766,Vx,Mid-depth,m s$^{-1}$,-1.9650095695,-0.0211180577,-0.0145474772,0.0065705805,4
2011-05-06 12:00:00,Upper,113,113,159.1259612203,-31.4329771431,-3.9888591766,Vx,Mid-depth,m s$^{-1}$,-1.9232558470,-0.0201985324,-0.0133560119,0.0068425205,4
2011-05-06 13:00:00,Upper,113,113,159.1259612203,-31.4329771431,-3.9888591766,Vx,Mid-depth,m s$^{-1}$,-1.8840292009,-0.0245530604,-0.0164407101,0.0081123503,4
2011-05-06 14:00:00,Upper,113,113,159.1259612203,-31.4329771431,-3.9888591766,Vx,Mid-depth,m s$^{-1}$,-1.8724277274,-0.0255821628,-0.0166564879,0.0089256750,4
2011-05-06 15:00:00,Upper,113,113,159.1259612203,-31.4329771431,-3.9888591766,Vx,Mid-depth,m s$^{-1}$,-1.8756651703,-0.0279787284,-0.0181194211,0.0098593073,4
2011-05-06 16:00:00,Upper,113,113,159.1259612203,-31.4329771431,-3.9888591766,Vx,Mid-depth,m s$^{-1}$,-1.9014924361,-0.0286893275,-0.0240305466,0.0046587809,4
2011-05-06 17:00:00,Upper,113,113,159.1259612203,-31.4329771431,-3.9888591766,Vx,Mid-depth,m s$^{-1}$,-1.9365340424,-0.0251375587,-0.0254436888,-0.0003061300,4
2011-05-06 18:00:00,Upper,113,113,159.1259612203,-31.4329771431,-3.9888591766,Vx,Mid-depth,m s$^{-1}$,-1.9694851842,-0.0231561248,-0.0248699917,-0.0017138669,4
2011-05-06 19:00:00,Upper,113,113,159.1259612203,-31.4329771431,-3.9888591766,Vx,Mid-depth,m s$^{-1}$,-1.9986752589,-0.0227088736,-0.0251746222,-0.0024657486,4
2011-05-06 20:00:00,Upper,113,113,159.1259612203,-31.4329771431,-3.9888591766,Vx,Mid-depth,m s$^{-1}$,-2.0222834032,-0.0181903594,-0.0233770364,-0.0051866771,4
2011-05-06 21:00:00,Upper,113,113,159.1259612203,-31.4329771431,-3.9888591766,Vx,Mid-depth,m s$^{-1}$,-2.0199751453,-0.0161489429,-0.0178027786,-0.0016538357,4
2011-05-06 22:00:00,Upper,113,113,159.1259612203,-31.4329771431,-3.9888591766,Vx,Mid-depth,m s$^{-1}$,-1.9925447123,-0.0167442188,-0.0145580300,0.0021861888,4
2011-05-06 23:00:00,Upper,113,113,159.1259612203,-31.4329771431,-3.9888591766,Vx,Mid-depth,m s$^{-1}$,-1.9548107866,-0.0201405456,-0.0147311303,0.0054094153,4
2011-05-07 00:00:00,Upper,113,113,159.1259612203,-31.4329771431,-3.9888591766,Vx,Mid-depth,m s$^{-1}$,-1.9176673271,-0.0190628683,-0.0140306101,0.0050322581,4
2011-05-01 01:00:00,Upper,113,113,159.1259612203,-31.4329771431,-3.9888591766,Vx,Near-bottom,m s$^{-1}$,-3.4888591766,-0.0166246036,-0.0142294458,0.0023951578,3
2011-05-01 02:00:00,Upper,113,113,159.1259612203,-31.4329771431,-3.9888591766,Vx,Near-bottom,m s$^{-1}$,-3.4888591766,0.0019330313,-0.0195545719,-0.0214876033,3
2011-05-01 03:00:00,Upper,113,113,159.1259612203,-31.4329771431,-3.9888591766,Vx,Near-bottom,m s$^{-1}$,-3.4888591766,0.0127983840,-0.0174952501,-0.0302936341,3
2011-05-01 04:00:00,Upper,113,113,159.1259612203,-31.4329771431,-3.9888591766,Vx,Near-bottom,m s$^{-1}$,-3.4888591766,-0.0004958006,-0.0158190064,-0.0153232058,3
2011-05-01 05:00:00,Upper,113,113,159.1259612203,-31.4329771431,-3.9888591766,Vx,Near-bottom,m s$^{-1}$,-3.4888591766,0.0137760353,-0.0110279117,-0.0248039470,3
2011-05-01 06:00:00,Upper,113,113,159.1259612203,-31.4329771431,-3.9888591766,Vx,Near-bottom,m s$^{-1}$,-3.4888591766,0.0079424142,-0.0076071229,-0.0155495370,3
2011-05-01 07:00:00,Upper,113,113,159.1259612203,-31.4329771431,-3.9888591766,Vx,Near-bottom,m s$^{-1}$,-3.4888591766,0.0069247145,-0.0065049525,-0.0134296670,3
2011-05-01 08:00:00,Upper,113,113,159.1259612203,-31.4329771431,-3.9888591766,Vx,Near-bottom,m s$^{-1}$,-3.4888591766,0.0080017966,-0.0063297235,-0.0143315201,3
2011-05-01 09:00:00,Upper,113,113,159.1259612203,-31.4329771431,-3.9888591766,Vx,Near-bottom,m s$^{-1}$,-3.4888591766,0.0061489614,-0.0082277821,-0.0143767435,3
2011-05-01 10:00:00,Upper,113,113,159.1259612203,-31.4329771431,-3.9888591766,Vx,Near-bottom,m s$^{-1}$,-3.4888591766,0.0042623683,-0.0105888224,-0.0148511907,3
2011-05-01 11:00:00,Upper,113,113,159.1259612203,-31.4329771431,-3.9888591766,Vx,Near-bottom,m s$^{-1}$,-3.4888591766,0.0047331794,-0.0120078646,-0.0167410440,3
2011-05-01 12:00:00,Upper,113,113,159.1259612203,-31.4329771431,-3.9888591766,Vx,Near-bottom,m s$^{-1}$,-3.4888591766,0.0003801635,-0.0153855731,-0.0157657366,3
2011-05-01 13:00:00,Upper,113,113,159.1259612203,-31.4329771431,-3.9888591766,Vx,Near-bottom,m s$^{-1}$,-3.4888591766,0.0032150872,-0.0163478289,-0.0195629161,3
2011-05-01 14:00:00,Upper,113,113,159.1259612203,-31.4329771431,-3.9888591766,Vx,Near-bottom,m s$^{-1}$,-3.4888591766,0.0040323908,-0.0160068647,-0.0200392556,3
2011-05-01 15:00:00,Upper,113,113,159.1259612203,-31.4329771431,-3.9888591766,Vx,Near-bottom,m s$^{-1}$,-3.4888591766,0.0033301993,-0.0157153907,-0.0190455901,3
2011-05-01 16:00:00,Upper,113,113,159.1259612203,-31.4329771431,-3.9888591766,Vx,Near-bottom,m s$^{-1}$,-3.4888591766,0.0073362189,-0.0138808640,-0.0212170829,3
2011-05-01 17:00:00,Upper,113,113,159.1259612203,-31.4329771431,-3.9888591766,Vx,Near-bottom,m s$^{-1}$,-3.4888591766,0.0062382381,-0.0123911243,-0.0186293624,3
2011-05-01 18:00:00,Upper,113,113,159.1259612203,-31.4329771431,-3.9888591766,Vx,Near-bottom,m s$^{-1}$,-3.4888591766,0.0114156183,-0.0091822488,-0.0205978671,3
2011-05-01 19:00:00,Upper,113,113,159.1259612203,-31.4329771431,-3.9888591766,Vx,Near-bottom,m s$^{-1}$,-3.4888591766,0.0070793600,-0.0097126576,-0.0167920176,3
2011-05-01 20:00:00,Upper,113,113,159.1259612203,-31.4329771431,-3.9888591766,Vx,Near-bottom,m s$^{-1}$,-3.4888591766,0.0077458205,-0.0099384428,-0.0176842632,3
2011-05-01 21:00:00,Upper,113,113,159.1259612203,-31.4329771431,-3.9888591766,Vx,Near-bottom,m s$^{-1}$,-3.4888591766,0.0042269751,-0.0102718597,-0.0144988348,3
2011-05-01 22:00:00,Upper,113,113,159.1259612203,-31.4329771431,-3.9888591766,Vx,Near-bottom,m s$^{-1}$,-3.4888591766,0.0014160241,-0.0125104206,-0.0139264447,3
2011-05-01 23:00:00,Upper,113,113,159.1259612203,-31.4329771431,-3.9888591766,Vx,Near-bottom,m s$^{-1}$,-3.4888591766,-0.0001414720,-0.0148461643,-0.0147046923,3
2011-05-02 00:00:00,Upper,113,113,159.1259612203,-31.4329771431,-3.9888591766,Vx,Near-bottom,m s$^{-1}$,-3.4888591766,-0.0004562155,-0.0164024177,-0.0159462022,3
2011-05-02 01:00:00,Upper,113,113,159.1259612203,-31.4329771431,-3.9888591766,Vx,Near-bottom,m s$^{-1}$,-3.4888591766,-0.0003518988,-0.0176097901,-0.0172578913,3
2011-05-02 02:00:00,Upper,113,113,159.1259612203,-31.4329771431,-3.9888591766,Vx,Near-bottom,m s$^{-1}$,-3.4888591766,0.0052723751,-0.0172363603,-0.0225087354,3
2011-05-02 03:00:00,Upper,113,113,159.1259612203,-31.4329771431,-3.9888591766,Vx,Near-bottom,m s$^{-1}$,-3.4888591766,0.0062816771,-0.0168139060,-0.0230955831,3
2011-05-02 04:00:00,Upper,113,113,159.1259612203,-31.4329771431,-3.9888591766,Vx,Near-bottom,m s$^{-1}$,-3.4888591766,0.0108905824,-0.0158622694,-0.0267528518,3
2011-05-02 05:00:00,Upper,113,113,159.1259612203,-31.4329771431,-3.9888591766,Vx,Near-bottom,m s$^{-1}$,-3.4888591766,0.0150906599,-0.0135678012,-0.0286584611,3
2011-05-02 06:00:00,Upper,113,113,159.1259612203,-31.4329771431,-3.9888591766,Vx,Near-bottom,m s$^{-1}$,-3.4888591766,0.0170097836,-0.0111276855,-0.0281374691,3
2011-05-02 07:00:00,Upper,113,113,159.1259612203,-31.4329771431,-3.9888591766,Vx,Near-bottom,m s$^{-1}$,-3.4888591766,0.0181797486,-0.0092191089,-0.0273988575,3
2011-05-02 08:00:00,Upper,113,113,159.1259612203,-31.4329771431,-3.9888591766,Vx,Near-bottom,m s$^{-1}$,-3.4888591766,0.0166601760,-0.0092009186,-0.0258610946,3
2011-05-02 09:00:00,Upper,113,113,159.1259612203,-31.4329771431,-3.9888591766,Vx,Near-bottom,m s$^{-1}$,-3.4888591766,0.0159676849,-0.0100020831,-0.0259697681,3
2011-05-02 10:00:00,Upper,113,113,159.1259612203,-31.4329771431,-3.9888591766,Vx,Near-bottom,m s$^{-1}$,-3.4888591766,0.0132205333,-0.0110586877,-0.0242792209,3
2011-05-02 11:00:00,Upper,113,113,159.1259612203,-31.4329771431,-3.9888591766,Vx,Near-bottom,m s$^{-1}$,-3.4888591766,0.0117217066,-0.0130072916,-0.0247289981,3
2011-05-02 12:00:00,Upper,113,113,159.1259612203,-31.4329771431,-3.9888591766,Vx,Near-bottom,m s$^{-1}$,-3.4888591766,0.0115734660,-0.0149178011,-0.0264912671,3
2011-05-02 13:00:00,Upper,113,113,159.1259612203,-31.4329771431,-3.9888591766,Vx,Near-bottom,m s$^{-1}$,-3.4888591766,0.0100678160,-0.0167680274,-0.0268358434,3
2011-05-02 14:00:00,Upper,113,113,159.1259612203,-31.4329771431,-3.9888591766,Vx,Near-bottom,m s$^{-1}$,-3.4888591766,0.0127032432,-0.0174191987,-0.0301224419,3
2011-05-02 15:00:00,Upper,113,113,159.1259612203,-31.4329771431,-3.9888591766,Vx,Near-bottom,m s$^{-1}$,-3.4888591766,0.0140437050,-0.0168513844,-0.0308950894,3
2011-05-02 16:00:00,Upper,113,113,159.1259612203,-31.4329771431,-3.9888591766,Vx,Near-bottom,m s$^{-1}$,-3.4888591766,0.0151593846,-0.0157085189,-0.0308679035,3
2011-05-02 17:00:00,Upper,113,113,159.1259612203,-31.4329771431,-3.9888591766,Vx,Near-bottom,m s$^{-1}$,-3.4888591766,0.0140681590,-0.0152055305,-0.0292736896,3
2011-05-02 18:00:00,Upper,113,113,159.1259612203,-31.4329771431,-3.9888591766,Vx,Near-bottom,m s$^{-1}$,-3.4888591766,0.0189078931,-0.0119393174,-0.0308472104,3
2011-05-02 19:00:00,Upper,113,113,159.1259612203,-31.4329771431,-3.9888591766,Vx,Near-bottom,m s$^{-1}$,-3.4888591766,0.0171638316,-0.0100407856,-0.0272046172,3
2011-05-02 20:00:00,Upper,113,113,159.1259612203,-31.4329771431,-3.9888591766,Vx,Near-bottom,m s$^{-1}$,-3.4888591766,0.0170795629,-0.0100701376,-0.0271497006,3
2011-05-02 21:00:00,Upper,113,113,159.1259612203,-31.4329771431,-3.9888591766,Vx,Near-bottom,m s$^{-1}$,-3.4888591766,0.0151012510,-0.0101497547,-0.0252510057,3
2011-05-02 22:00:00,Upper,113,113,159.1259612203,-31.4329771431,-3.9888591766,Vx,Near-bottom,m s$^{-1}$,-3.4888591766,0.0126160370,-0.0114064698,-0.0240225068,3
2011-05-02 23:00:00,Upper,113,113,159.1259612203,-31.4329771431,-3.9888591766,Vx,Near-bottom,m s$^{-1}$,-3.4888591766,0.0118785214,-0.0133227038,-0.0252012252,3
2011-05-03 00:00:00,Upper,113,113,159.1259612203,-31.4329771431,-3.9888591766,Vx,Near-bottom,m s$^{-1}$,-3.4888591766,0.0098172530,-0.0157425262,-0.0255597791,3
2011-05-03 01:00:00,Upper,113,113,159.1259612203,-31.4329771431,-3.9888591766,Vx,Near-bottom,m s$^{-1}$,-3.4888591766,0.0112427146,-0.0166640733,-0.0279067879,3
2011-05-03 02:00:00,Upper,113,113,159.1259612203,-31.4329771431,-3.9888591766,Vx,Near-bottom,m s$^{-1}$,-3.4888591766,0.0102436248,-0.0179850986,-0.0282287234,3
2011-05-03 03:00:00,Upper,113,113,159.1259612203,-31.4329771431,-3.9888591766,Vx,Near-bottom,m s$^{-1}$,-3.4888591766,0.0134468305,-0.0176127331,-0.0310595635,3
2011-05-03 04:00:00,Upper,113,113,159.1259612203,-31.4329771431,-3.9888591766,Vx,Near-bottom,m s$^{-1}$,-3.4888591766,0.0114846271,-0.0171558280,-0.0286404551,3
2011-05-03 05:00:00,Upper,113,113,159.1259612203,-31.4329771431,-3.9888591766,Vx,Near-bottom,m s$^{-1}$,-3.4888591766,0.0121111719,-0.0168286329,-0.0289398048,3
2011-05-03 06:00:00,Upper,113,113,159.1259612203,-31.4329771431,-3.9888591766,Vx,Near-bottom,m s$^{-1}$,-3.4888591766,0.0176263093,-0.0131072287,-0.0307335379,3
2011-05-03 07:00:00,Upper,113,113,159.1259612203,-31.4329771431,-3.9888591766,Vx,Near-bottom,m s$^{-1}$,-3.4888591766,0.0150243473,-0.0107964852,-0.0258208325,3
2011-05-03 08:00:00,Upper,113,113,159.1259612203,-31.4329771431,-3.9888591766,Vx,Near-bottom,m s$^{-1}$,-3.4888591766,0.0170851512,-0.0099105891,-0.0269957403,3
2011-05-03 09:00:00,Upper,113,113,159.1259612203,-31.4329771431,-3.9888591766,Vx,Near-bottom,m s$^{-1}$,-3.4888591766,0.0170105435,-0.0086277728,-0.0256383164,3
2011-05-03 10:00:00,Upper,113,113,159.1259612203,-31.4329771431,-3.9888591766,Vx,Near-bottom,m s$^{-1}$,-3.4888591766,0.0111477360,-0.0105379797,-0.0216857158,3
2011-05-03 11:00:00,Upper,113,113,159.1259612203,-31.4329771431,-3.9888591766,Vx,Near-bottom,m s$^{-1}$,-3.4888591766,0.0129904545,-0.0114339708,-0.0244244252,3
2011-05-03 12:00:00,Upper,113,113,159.1259612203,-31.4329771431,-3.9888591766,Vx,Near-bottom,m s$^{-1}$,-3.4888591766,0.0086511932,-0.0140975753,-0.0227487684,3
2011-05-03 13:00:00,Upper,113,113,159.1259612203,-31.4329771431,-3.9888591766,Vx,Near-bottom,m s$^{-1}$,-3.4888591766,0.0105512157,-0.0156038653,-0.0261550809,3
2011-05-03 14:00:00,Upper,113,113,159.1259612203,-31.4329771431,-3.9888591766,Vx,Near-bottom,m s$^{-1}$,-3.4888591766,0.0083598646,-0.0167939997,-0.0251538643,3
2011-05-03 15:00:00,Upper,113,113,159.1259612203,-31.4329771431,-3.9888591766,Vx,Near-bottom,m s$^{-1}$,-3.4888591766,0.0096353164,-0.0175640200,-0.0271993364,3
2011-05-03 16:00:00,Upper,113,113,159.1259612203,-31.4329771431,-3.9888591766,Vx,Near-bottom,m s$^{-1}$,-3.4888591766,0.0108200437,-0.0170475484,-0.0278675921,3
2011-05-03 17:00:00,Upper,113,113,159.1259612203,-31.4329771431,-3.9888591766,Vx,Near-bottom,m s$^{-1}$,-3.4888591766,0.0099812044,-0.0165784672,-0.0265596717,3
2011-05-03 18:00:00,Upper,113,113,159.1259612203,-31.4329771431,-3.9888591766,Vx,Near-bottom,m s$^{-1}$,-3.4888591766,0.0156443104,-0.0137918683,-0.0294361787,3
2011-05-03 19:00:00,Upper,113,113,159.1259612203,-31.4329771431,-3.9888591766,Vx,Near-bottom,m s$^{-1}$,-3.4888591766,0.0126282188,-0.0123190935,-0.0249473123,3
2011-05-03 20:00:00,Upper,113,113,159.1259612203,-31.4329771431,-3.9888591766,Vx,Near-bottom,m s$^{-1}$,-3.4888591766,0.0168759866,-0.0101410320,-0.0270170186,3
2011-05-03 21:00:00,Upper,113,113,159.1259612203,-31.4329771431,-3.9888591766,Vx,Near-bottom,m s$^{-1}$,-3.4888591766,0.0152174916,-0.0092382043,-0.0244556959,3
2011-05-03 22:00:00,Upper,113,113,159.1259612203,-31.4329771431,-3.9888591766,Vx,Near-bottom,m s$^{-1}$,-3.4888591766,0.0117960354,-0.0104762458,-0.0222722813,3
2011-05-03 23:00:00,Upper,113,113,159.1259612203,-31.4329771431,-3.9888591766,Vx,Near-bottom,m s$^{-1}$,-3.4888591766,0.0115066046,-0.0114265681,-0.0229331727,3
2011-05-04 00:00:00,Upper,113,113,159.1259612203,-31.4329771431,-3.9888591766,Vx,Near-bottom,m s$^{-1}$,-3.4888591766,0.0087253130,-0.0140948698,-0.0228201828,3
2011-05-04 01:00:00,Upper,113,113,159.1259612203,-31.4329771431,-3.9888591766,Vx,Near-bottom,m s$^{-1}$,-3.4888591766,0.0100183894,-0.0155691869,-0.0255875764,3
2011-05-04 02:00:00,Upper,113,113,159.1259612203,-31.4329771431,-3.9888591766,Vx,Near-bottom,m s$^{-1}$,-3.4888591766,0.0068972734,-0.0172598634,-0.0241571368,3
2011-05-04 03:00:00,Upper,113,113,159.1259612203,-31.4329771431,-3.9888591766,Vx,Near-bottom,m s$^{-1}$,-3.4888591766,0.0076451113,-0.0185217191,-0.0261668304,3
2011-05-04 04:00:00,Upper,113,113,159.1259612203,-31.4329771431,-3.9888591766,Vx,Near-bottom,m s$^{-1}$,-3.4888591766,0.0108557616,-0.0177427054,-0.0285984671,3
2011-05-04 05:00:00,Upper,113,113,159.1259612203,-31.4329771431,-3.9888591766,Vx,Near-bottom,m s$^{-1}$,-3.4888591766,0.0085474183,-0.0172068477,-0.0257542660,3
2011-05-04 06:00:00,Upper,113,113,159.1259612203,-31.4329771431,-3.9888591766,Vx,Near-bottom,m s$^{-1}$,-3.4888591766,0.0111596161,-0.0163122730,-0.0274718892,3
2011-05-04 07:00:00,Upper,113,113,159.1259612203,-31.4329771431,-3.9888591766,Vx,Near-bottom,m s$^{-1}$,-3.4888591766,0.0138192557,-0.0131646029,-0.0269838586,3
2011-05-04 08:00:00,Upper,113,113,159.1259612203,-31.4329771431,-3.9888591766,Vx,Near-bottom,m s$^{-1}$,-3.4888591766,0.0151993349,-0.0100995367,-0.0252988717,3
2011-05-04 09:00:00,Upper,113,113,159.1259612203,-31.4329771431,-3.9888591766,Vx,Near-bottom,m s$^{-1}$,-3.4888591766,0.0157549370,-0.0088483376,-0.0246032746,3
2011-05-04 10:00:00,Upper,113,113,159.1259612203,-31.4329771431,-3.9888591766,Vx,Near-bottom,m s$^{-1}$,-3.4888591766,0.0124978440,-0.0092120724,-0.0217099165,3
2011-05-04 11:00:00,Upper,113,113,159.1259612203,-31.4329771431,-3.9888591766,Vx,Near-bottom,m s$^{-1}$,-3.4888591766,0.0080512442,-0.0110879218,-0.0191391660,3
2011-05-04 12:00:00,Upper,113,113,159.1259612203,-31.4329771431,-3.9888591766,Vx,Near-bottom,m s$^{-1}$,-3.4888591766,0.0053132024,-0.0131943025,-0.0185075048,3
2011-05-04 13:00:00,Upper,113,113,159.1259612203,-31.4329771431,-3.9888591766,Vx,Near-bottom,m s$^{-1}$,-3.4888591766,0.0078906235,-0.0137972912,-0.0216879147,3
2011-05-04 14:00:00,Upper,113,113,159.1259612203,-31.4329771431,-3.9888591766,Vx,Near-bottom,m s$^{-1}$,-3.4888591766,0.0068240624,-0.0161596263,-0.0229836887,3
2011-05-04 15:00:00,Upper,113,113,159.1259612203,-31.4329771431,-3.9888591766,Vx,Near-bottom,m s$^{-1}$,-3.4888591766,0.0094057020,-0.0171264561,-0.0265321581,3
2011-05-04 16:00:00,Upper,113,113,159.1259612203,-31.4329771431,-3.9888591766,Vx,Near-bottom,m s$^{-1}$,-3.4888591766,0.0113925734,-0.0171295159,-0.0285220893,3
2011-05-04 17:00:00,Upper,113,113,159.1259612203,-31.4329771431,-3.9888591766,Vx,Near-bottom,m s$^{-1}$,-3.4888591766,0.0118705394,-0.0168560707,-0.0287266101,3
2011-05-04 18:00:00,Upper,113,113,159.1259612203,-31.4329771431,-3.9888591766,Vx,Near-bottom,m s$^{-1}$,-3.4888591766,0.0105077488,-0.0166157912,-0.0271235400,3
2011-05-04 19:00:00,Upper,113,113,159.1259612203,-31.4329771431,-3.9888591766,Vx,Near-bottom,m s$^{-1}$,-3.4888591766,0.0133222284,-0.0147913804,-0.0281136089,3
2011-05-04 20:00:00,Upper,113,113,159.1259612203,-31.4329771431,-3.9888591766,Vx,Near-bottom,m s$^{-1}$,-3.4888591766,0.0150751208,-0.0112941679,-0.0263692888,3
2011-05-04 21:00:00,Upper,113,113,159.1259612203,-31.4329771431,-3.9888591766,Vx,Near-bottom,m s$^{-1}$,-3.4888591766,0.0154114764,-0.0098487579,-0.0252602343,3
2011-05-04 22:00:00,Upper,113,113,159.1259612203,-31.4329771431,-3.9888591766,Vx,Near-bottom,m s$^{-1}$,-3.4888591766,0.0132574342,-0.0107368891,-0.0239943232,3
2011-05-04 23:00:00,Upper,113,113,159.1259612203,-31.4329771431,-3.9888591766,Vx,Near-bottom,m s$^{-1}$,-3.4888591766,0.0127944238,-0.0105703711,-0.0233647949,3
2011-05-05 00:00:00,Upper,113,113,159.1259612203,-31.4329771431,-3.9888591766,Vx,Near-bottom,m s$^{-1}$,-3.4888591766,0.0087879600,-0.0127619613,-0.0215499213,3
2011-05-05 01:00:00,Upper,113,113,159.1259612203,-31.4329771431,-3.9888591766,Vx,Near-bottom,m s$^{-1}$,-3.4888591766,0.0101164985,-0.0142060157,-0.0243225142,3
2011-05-05 02:00:00,Upper,113,113,159.1259612203,-31.4329771431,-3.9888591766,Vx,Near-bottom,m s$^{-1}$,-3.4888591766,0.0064754124,-0.0165823111,-0.0230577235,3
2011-05-05 03:00:00,Upper,113,113,159.1259612203,-31.4329771431,-3.9888591766,Vx,Near-bottom,m s$^{-1}$,-3.4888591766,0.0093491318,-0.0174388946,-0.0267880264,3
2011-05-05 04:00:00,Upper,113,113,159.1259612203,-31.4329771431,-3.9888591766,Vx,Near-bottom,m s$^{-1}$,-3.4888591766,0.0057615940,-0.0185849777,-0.0243465717,3
2011-05-05 05:00:00,Upper,113,113,159.1259612203,-31.4329771431,-3.9888591766,Vx,Near-bottom,m s$^{-1}$,-3.4888591766,0.0103941192,-0.0181561037,-0.0285502229,3
2011-05-05 06:00:00,Upper,113,113,159.1259612203,-31.4329771431,-3.9888591766,Vx,Near-bottom,m s$^{-1}$,-3.4888591766,0.0077985284,-0.0175384881,-0.0253370165,3
2011-05-05 07:00:00,Upper,113,113,159.1259612203,-31.4329771431,-3.9888591766,Vx,Near-bottom,m s$^{-1}$,-3.4888591766,0.0139040488,-0.0152668534,-0.0291709023,3
2011-05-05 08:00:00,Upper,113,113,159.1259612203,-31.4329771431,-3.9888591766,Vx,Near-bottom,m s$^{-1}$,-3.4888591766,0.0123631823,-0.0125617411,-0.0249249234,3
2011-05-05 09:00:00,Upper,113,113,159.1259612203,-31.4329771431,-3.9888591766,Vx,Near-bottom,m s$^{-1}$,-3.4888591766,0.0151422073,-0.0107343808,-0.0258765881,3
2011-05-05 10:00:00,Upper,113,113,159.1259612203,-31.4329771431,-3.9888591766,Vx,Near-bottom,m s$^{-1}$,-3.4888591766,0.0158137261,-0.0091274091,-0.0249411352,3
2011-05-05 11:00:00,Upper,113,113,159.1259612203,-31.4329771431,-3.9888591766,Vx,Near-bottom,m s$^{-1}$,-3.4888591766,0.0135415868,-0.0093447928,-0.0228863796,3
2011-05-05 12:00:00,Upper,113,113,159.1259612203,-31.4329771431,-3.9888591766,Vx,Near-bottom,m s$^{-1}$,-3.4888591766,0.0106520789,-0.0110542376,-0.0217063165,3
2011-05-05 13:00:00,Upper,113,113,159.1259612203,-31.4329771431,-3.9888591766,Vx,Near-bottom,m s$^{-1}$,-3.4888591766,0.0095967932,-0.0126910728,-0.0222878660,3
2011-05-05 14:00:00,Upper,113,113,159.1259612203,-31.4329771431,-3.9888591766,Vx,Near-bottom,m s$^{-1}$,-3.4888591766,0.0102434151,-0.0139314260,-0.0241748411,3
2011-05-05 15:00:00,Upper,113,113,159.1259612203,-31.4329771431,-3.9888591766,Vx,Near-bottom,m s$^{-1}$,-3.4888591766,0.0062825420,-0.0170595065,-0.0233420485,3
2011-05-05 16:00:00,Upper,113,113,159.1259612203,-31.4329771431,-3.9888591766,Vx,Near-bottom,m s$^{-1}$,-3.4888591766,0.0096584968,-0.0179957055,-0.0276542023,3
2011-05-05 17:00:00,Upper,113,113,159.1259612203,-31.4329771431,-3.9888591766,Vx,Near-bottom,m s$^{-1}$,-3.4888591766,0.0103124681,-0.0175406227,-0.0278530908,3
2011-05-05 18:00:00,Upper,113,113,159.1259612203,-31.4329771431,-3.9888591766,Vx,Near-bottom,m s$^{-1}$,-3.4888591766,0.0101501162,-0.0170982694,-0.0272483857,3
2011-05-05 19:00:00,Upper,113,113,159.1259612203,-31.4329771431,-3.9888591766,Vx,Near-bottom,m s$^{-1}$,-3.4888591766,0.0119992047,-0.0162258043,-0.0282250090,3
2011-05-05 20:00:00,Upper,113,113,159.1259612203,-31.4329771431,-3.9888591766,Vx,Near-bottom,m s$^{-1}$,-3.4888591766,0.0150708086,-0.0132014461,-0.0282722547,3
2011-05-05 21:00:00,Upper,113,113,159.1259612203,-31.4329771431,-3.9888591766,Vx,Near-bottom,m s$^{-1}$,-3.4888591766,0.0147208180,-0.0111592162,-0.0258800342,3
2011-05-05 22:00:00,Upper,113,113,159.1259612203,-31.4329771431,-3.9888591766,Vx,Near-bottom,m s$^{-1}$,-3.4888591766,0.0166982325,-0.0092416005,-0.0259398330,3
2011-05-05 23:00:00,Upper,113,113,159.1259612203,-31.4329771431,-3.9888591766,Vx,Near-bottom,m s$^{-1}$,-3.4888591766,0.0129421597,-0.0112167568,-0.0241589165,3
2011-05-06 00:00:00,Upper,113,113,159.1259612203,-31.4329771431,-3.9888591766,Vx,Near-bottom,m s$^{-1}$,-3.4888591766,0.0143770561,-0.0104634401,-0.0248404961,3
2011-05-06 01:00:00,Upper,113,113,159.1259612203,-31.4329771431,-3.9888591766,Vx,Near-bottom,m s$^{-1}$,-3.4888591766,0.0086186345,-0.0127168464,-0.0213354810,3
2011-05-06 02:00:00,Upper,113,113,159.1259612203,-31.4329771431,-3.9888591766,Vx,Near-bottom,m s$^{-1}$,-3.4888591766,0.0103082938,-0.0146261898,-0.0249344836,3
2011-05-06 03:00:00,Upper,113,113,159.1259612203,-31.4329771431,-3.9888591766,Vx,Near-bottom,m s$^{-1}$,-3.4888591766,0.0062752133,-0.0175278886,-0.0238031019,3
2011-05-06 04:00:00,Upper,113,113,159.1259612203,-31.4329771431,-3.9888591766,Vx,Near-bottom,m s$^{-1}$,-3.4888591766,0.0113679527,-0.0178933301,-0.0292612828,3
2011-05-06 05:00:00,Upper,113,113,159.1259612203,-31.4329771431,-3.9888591766,Vx,Near-bottom,m s$^{-1}$,-3.4888591766,0.0057827294,-0.0191724279,-0.0249551572,3
2011-05-06 06:00:00,Upper,113,113,159.1259612203,-31.4329771431,-3.9888591766,Vx,Near-bottom,m s$^{-1}$,-3.4888591766,0.0104865523,-0.0190601517,-0.0295467041,3
2011-05-06 07:00:00,Upper,113,113,159.1259612203,-31.4329771431,-3.9888591766,Vx,Near-bottom,m s$^{-1}$,-3.4888591766,0.0107491102,-0.0169657388,-0.0277148490,3
2011-05-06 08:00:00,Upper,113,113,159.1259612203,-31.4329771431,-3.9888591766,Vx,Near-bottom,m s$^{-1}$,-3.4888591766,0.0123218900,-0.0152200572,-0.0275419472,3
2011-05-06 09:00:00,Upper,113,113,159.1259612203,-31.4329771431,-3.9888591766,Vx,Near-bottom,m s$^{-1}$,-3.4888591766,0.0166040790,-0.0107941400,-0.0273982190,3
2011-05-06 10:00:00,Upper,113,113,159.1259612203,-31.4329771431,-3.9888591766,Vx,Near-bottom,m s$^{-1}$,-3.4888591766,0.0157718261,-0.0089541147,-0.0247259408,3
2011-05-06 11:00:00,Upper,113,113,159.1259612203,-31.4329771431,-3.9888591766,Vx,Near-bottom,m s$^{-1}$,-3.4888591766,0.0134168763,-0.0098086487,-0.0232255250,3
2011-05-06 12:00:00,Upper,113,113,159.1259612203,-31.4329771431,-3.9888591766,Vx,Near-bottom,m s$^{-1}$,-3.4888591766,0.0168212219,-0.0089343701,-0.0257555920,3
2011-05-06 13:00:00,Upper,113,113,159.1259612203,-31.4329771431,-3.9888591766,Vx,Near-bottom,m s$^{-1}$,-3.4888591766,0.0086685280,-0.0112370785,-0.0199056065,3
2011-05-06 14:00:00,Upper,113,113,159.1259612203,-31.4329771431,-3.9888591766,Vx,Near-bottom,m s$^{-1}$,-3.4888591766,0.0106718742,-0.0114330298,-0.0221049040,3
2011-05-06 15:00:00,Upper,113,113,159.1259612203,-31.4329771431,-3.9888591766,Vx,Near-bottom,m s$^{-1}$,-3.4888591766,0.0086539636,-0.0123553232,-0.0210092868,3
2011-05-06 16:00:00,Upper,113,113,159.1259612203,-31.4329771431,-3.9888591766,Vx,Near-bottom,m s$^{-1}$,-3.4888591766,0.0076401552,-0.0166022524,-0.0242424077,3
2011-05-06 17:00:00,Upper,113,113,159.1259612203,-31.4329771431,-3.9888591766,Vx,Near-bottom,m s$^{-1}$,-3.4888591766,0.0099730150,-0.0177939782,-0.0277669932,3
2011-05-06 18:00:00,Upper,113,113,159.1259612203,-31.4329771431,-3.9888591766,Vx,Near-bottom,m s$^{-1}$,-3.4888591766,0.0100754953,-0.0174592144,-0.0275347097,3
2011-05-06 19:00:00,Upper,113,113,159.1259612203,-31.4329771431,-3.9888591766,Vx,Near-bottom,m s$^{-1}$,-3.4888591766,0.0082599727,-0.0177257380,-0.0259857107,3
2011-05-06 20:00:00,Upper,113,113,159.1259612203,-31.4329771431,-3.9888591766,Vx,Near-bottom,m s$^{-1}$,-3.4888591766,0.0131894842,-0.0163991785,-0.0295886628,3
2011-05-06 21:00:00,Upper,113,113,159.1259612203,-31.4329771431,-3.9888591766,Vx,Near-bottom,m s$^{-1}$,-3.4888591766,0.0161532053,-0.0122064049,-0.0283596102,3
2011-05-06 22:00:00,Upper,113,113,159.1259612203,-31.4329771431,-3.9888591766,Vx,Near-bottom,m s$^{-1}$,-3.4888591766,0.0169043538,-0.0097447423,-0.0266490961,3
2011-05-06 23:00:00,Upper,113,113,159.1259612203,-31.4329771431,-3.9888591766,Vx,Near-bottom,m s$^{-1}$,-3.4888591766,0.0150285225,-0.0099149424,-0.0249434649,3
2011-05-07 00:00:00,Upper,113,113,159.1259612203,-31.4329771431,-3.9888591766,Vx,Near-bottom,m s$^{-1}$,-3.4888591766,0.0151004448,-0.0094738912,-0.0245743360,3
2011-05-01 01:00:00,Upper,113,113,159.1259612203,-31.4329771431,-3.9888591766,Vx,Surface,m s$^{-1}$,-0.4003248360,-0.0212067072,-0.0197245522,0.0014821549,4
2011-05-01 02:00:00,Upper,113,113,159.1259612203,-31.4329771431,-3.9888591766,Vx,Surface,m s$^{-1}$,-0.5613587075,-0.0685618314,-0.0261995626,0.0423622688,4
2011-05-01 03:00:00,Upper,113,113,159.1259612203,-31.4329771431,-3.9888591766,Vx,Surface,m s$^{-1}$,-0.5668767782,-0.0584866577,-0.0234856627,0.0350009950,4
2011-05-01 04:00:00,Upper,113,113,159.1259612203,-31.4329771431,-3.9888591766,Vx,Surface,m s$^{-1}$,-0.6011849296,-0.0709381049,-0.0214041485,0.0495339564,4
2011-05-01 05:00:00,Upper,113,113,159.1259612203,-31.4329771431,-3.9888591766,Vx,Surface,m s$^{-1}$,-0.5625981109,-0.0531385314,-0.0158871787,0.0372513526,4
2011-05-01 06:00:00,Upper,113,113,159.1259612203,-31.4329771431,-3.9888591766,Vx,Surface,m s$^{-1}$,-0.5161941787,-0.0483211275,-0.0124212825,0.0358998451,4
2011-05-01 07:00:00,Upper,113,113,159.1259612203,-31.4329771431,-3.9888591766,Vx,Surface,m s$^{-1}$,-0.4480230727,-0.0484860832,-0.0122295627,0.0362565206,4
2011-05-01 08:00:00,Upper,113,113,159.1259612203,-31.4329771431,-3.9888591766,Vx,Surface,m s$^{-1}$,-0.3883335693,-0.0507084489,-0.0122994277,0.0384090212,4
2011-05-01 09:00:00,Upper,113,113,159.1259612203,-31.4329771431,-3.9888591766,Vx,Surface,m s$^{-1}$,-0.3385529582,-0.0541643506,-0.0144858233,0.0396785273,4
2011-05-01 10:00:00,Upper,113,113,159.1259612203,-31.4329771431,-3.9888591766,Vx,Surface,m s$^{-1}$,-0.3208229543,-0.0564959349,-0.0170769265,0.0394190084,4
2011-05-01 11:00:00,Upper,113,113,159.1259612203,-31.4329771431,-3.9888591766,Vx,Surface,m s$^{-1}$,-0.3267285877,-0.0562039122,-0.0184885476,0.0377153646,4
2011-05-01 12:00:00,Upper,113,113,159.1259612203,-31.4329771431,-3.9888591766,Vx,Surface,m s$^{-1}$,-0.3605018249,-0.0610800337,-0.0226707902,0.0384092435,4
2011-05-01 13:00:00,Upper,113,113,159.1259612203,-31.4329771431,-3.9888591766,Vx,Surface,m s$^{-1}$,-0.4239021944,-0.0601135292,-0.0237574520,0.0363560772,4
2011-05-01 14:00:00,Upper,113,113,159.1259612203,-31.4329771431,-3.9888591766,Vx,Surface,m s$^{-1}$,-0.4764399215,-0.0571061295,-0.0233783437,0.0337277859,4
2011-05-01 15:00:00,Upper,113,113,159.1259612203,-31.4329771431,-3.9888591766,Vx,Surface,m s$^{-1}$,-0.5197666910,-0.0566775238,-0.0230980670,0.0335794568,4
2011-05-01 16:00:00,Upper,113,113,159.1259612203,-31.4329771431,-3.9888591766,Vx,Surface,m s$^{-1}$,-0.5425794470,-0.0517616508,-0.0207640077,0.0309976431,4
2011-05-01 17:00:00,Upper,113,113,159.1259612203,-31.4329771431,-3.9888591766,Vx,Surface,m s$^{-1}$,-0.5321040564,-0.0500799649,-0.0189538633,0.0311261016,4
2011-05-01 18:00:00,Upper,113,113,159.1259612203,-31.4329771431,-3.9888591766,Vx,Surface,m s$^{-1}$,-0.4966329742,-0.0429280264,-0.0148125060,0.0281155205,4
2011-05-01 19:00:00,Upper,113,113,159.1259612203,-31.4329771431,-3.9888591766,Vx,Surface,m s$^{-1}$,-0.4261363209,-0.0429134840,-0.0156920274,0.0272214566,4
2011-05-01 20:00:00,Upper,113,113,159.1259612203,-31.4329771431,-3.9888591766,Vx,Surface,m s$^{-1}$,-0.3718319489,-0.0446774372,-0.0160657997,0.0286116375,4
2011-05-01 21:00:00,Upper,113,113,159.1259612203,-31.4329771431,-3.9888591766,Vx,Surface,m s$^{-1}$,-0.3145462078,-0.0488480084,-0.0166549444,0.0321930640,4
2011-05-01 22:00:00,Upper,113,113,159.1259612203,-31.4329771431,-3.9888591766,Vx,Surface,m s$^{-1}$,-0.2875354776,-0.0558402200,-0.0197226475,0.0361175726,4
2011-05-01 23:00:00,Upper,113,113,159.1259612203,-31.4329771431,-3.9888591766,Vx,Surface,m s$^{-1}$,-0.2962630024,-0.0609318671,-0.0227421100,0.0381897571,4
2011-05-02 00:00:00,Upper,113,113,159.1259612203,-31.4329771431,-3.9888591766,Vx,Surface,m s$^{-1}$,-0.3414632784,-0.0649831765,-0.0245362344,0.0404469421,4
2011-05-02 01:00:00,Upper,113,113,159.1259612203,-31.4329771431,-3.9888591766,Vx,Surface,m s$^{-1}$,-0.4043796437,-0.0680331372,-0.0259299144,0.0421032228,4
2011-05-02 02:00:00,Upper,113,113,159.1259612203,-31.4329771431,-3.9888591766,Vx,Surface,m s$^{-1}$,-0.4732310922,-0.0676658378,-0.0253964285,0.0422694093,4
2011-05-02 03:00:00,Upper,113,113,159.1259612203,-31.4329771431,-3.9888591766,Vx,Surface,m s$^{-1}$,-0.5240184981,-0.0676438006,-0.0248244170,0.0428193836,4
2011-05-02 04:00:00,Upper,113,113,159.1259612203,-31.4329771431,-3.9888591766,Vx,Surface,m s$^{-1}$,-0.5647749884,-0.0653562832,-0.0236178294,0.0417384538,4
2011-05-02 05:00:00,Upper,113,113,159.1259612203,-31.4329771431,-3.9888591766,Vx,Surface,m s$^{-1}$,-0.5741196465,-0.0598128733,-0.0206779244,0.0391349489,4
2011-05-02 06:00:00,Upper,113,113,159.1259612203,-31.4329771431,-3.9888591766,Vx,Surface,m s$^{-1}$,-0.5501406406,-0.0548821801,-0.0175738636,0.0373083165,4
2011-05-02 07:00:00,Upper,113,113,159.1259612203,-31.4329771431,-3.9888591766,Vx,Surface,m s$^{-1}$,-0.4949700895,-0.0492319944,-0.0151711996,0.0340607948,4
2011-05-02 08:00:00,Upper,113,113,159.1259612203,-31.4329771431,-3.9888591766,Vx,Surface,m s$^{-1}$,-0.4230888636,-0.0490014092,-0.0152686585,0.0337327507,4
2011-05-02 09:00:00,Upper,113,113,159.1259612203,-31.4329771431,-3.9888591766,Vx,Surface,m s$^{-1}$,-0.3591958709,-0.0511094121,-0.0164175001,0.0346919120,4
2011-05-02 10:00:00,Upper,113,113,159.1259612203,-31.4329771431,-3.9888591766,Vx,Surface,m s$^{-1}$,-0.3128962178,-0.0548958276,-0.0180030195,0.0368928081,4
2011-05-02 11:00:00,Upper,113,113,159.1259612203,-31.4329771431,-3.9888591766,Vx,Surface,m s$^{-1}$,-0.2945432499,-0.0594493537,-0.0207242727,0.0387250810,4
2011-05-02 12:00:00,Upper,113,113,159.1259612203,-31.4329771431,-3.9888591766,Vx,Surface,m s$^{-1}$,-0.3081405039,-0.0611334159,-0.0230408609,0.0380925550,4
2011-05-02 13:00:00,Upper,113,113,159.1259612203,-31.4329771431,-3.9888591766,Vx,Surface,m s$^{-1}$,-0.3490742377,-0.0624719922,-0.0250346119,0.0374373802,4
2011-05-02 14:00:00,Upper,113,113,159.1259612203,-31.4329771431,-3.9888591766,Vx,Surface,m s$^{-1}$,-0.4097103323,-0.0612491472,-0.0255790421,0.0356701052,4
2011-05-02 15:00:00,Upper,113,113,159.1259612203,-31.4329771431,-3.9888591766,Vx,Surface,m s$^{-1}$,-0.4649744880,-0.0566060106,-0.0247999277,0.0318060829,4
2011-05-02 16:00:00,Upper,113,113,159.1259612203,-31.4329771431,-3.9888591766,Vx,Surface,m s$^{-1}$,-0.5031023385,-0.0526312826,-0.0232574947,0.0293737880,4
2011-05-02 17:00:00,Upper,113,113,159.1259612203,-31.4329771431,-3.9888591766,Vx,Surface,m s$^{-1}$,-0.5236901516,-0.0521861562,-0.0226415371,0.0295446190,4
2011-05-02 18:00:00,Upper,113,113,159.1259612203,-31.4329771431,-3.9888591766,Vx,Surface,m s$^{-1}$,-0.5215958875,-0.0444243247,-0.0183385552,0.0260857694,4
2011-05-02 19:00:00,Upper,113,113,159.1259612203,-31.4329771431,-3.9888591766,Vx,Surface,m s$^{-1}$,-0.4691665081,-0.0414954087,-0.0159645860,0.0255308227,4
2011-05-02 20:00:00,Upper,113,113,159.1259612203,-31.4329771431,-3.9888591766,Vx,Surface,m s$^{-1}$,-0.4102540597,-0.0430350749,-0.0160901092,0.0269449657,4
2011-05-02 21:00:00,Upper,113,113,159.1259612203,-31.4329771431,-3.9888591766,Vx,Surface,m s$^{-1}$,-0.3483552766,-0.0441875926,-0.0162163045,0.0279712881,4
2011-05-02 22:00:00,Upper,113,113,159.1259612203,-31.4329771431,-3.9888591766,Vx,Surface,m s$^{-1}$,-0.3016251317,-0.0514707639,-0.0180526633,0.0334181006,4
2011-05-02 23:00:00,Upper,113,113,159.1259612203,-31.4329771431,-3.9888591766,Vx,Surface,m s$^{-1}$,-0.2844436691,-0.0552357667,-0.0207467700,0.0344889967,4
2011-05-03 00:00:00,Upper,113,113,159.1259612203,-31.4329771431,-3.9888591766,Vx,Surface,m s$^{-1}$,-0.3028879179,-0.0599798061,-0.0239271160,0.0360526901,4
2011-05-03 01:00:00,Upper,113,113,159.1259612203,-31.4329771431,-3.9888591766,Vx,Surface,m s$^{-1}$,-0.3529555049,-0.0602050166,-0.0248375298,0.0353674868,4
2011-05-03 02:00:00,Upper,113,113,159.1259612203,-31.4329771431,-3.9888591766,Vx,Surface,m s$^{-1}$,-0.4133501579,-0.0629452455,-0.0263654199,0.0365798256,4
2011-05-03 03:00:00,Upper,113,113,159.1259612203,-31.4329771431,-3.9888591766,Vx,Surface,m s$^{-1}$,-0.4840875842,-0.0587854060,-0.0258308251,0.0329545809,4
2011-05-03 04:00:00,Upper,113,113,159.1259612203,-31.4329771431,-3.9888591766,Vx,Surface,m s$^{-1}$,-0.5338587223,-0.0574172259,-0.0252277075,0.0321895184,4
2011-05-03 05:00:00,Upper,113,113,159.1259612203,-31.4329771431,-3.9888591766,Vx,Surface,m s$^{-1}$,-0.5799466142,-0.0570182895,-0.0248482906,0.0321699989,4
2011-05-03 06:00:00,Upper,113,113,159.1259612203,-31.4329771431,-3.9888591766,Vx,Surface,m s$^{-1}$,-0.5922543417,-0.0462152732,-0.0199237797,0.0262914934,4
2011-05-03 07:00:00,Upper,113,113,159.1259612203,-31.4329771431,-3.9888591766,Vx,Surface,m s$^{-1}$,-0.5480875836,-0.0449439320,-0.0170017086,0.0279422234,4
2011-05-03 08:00:00,Upper,113,113,159.1259612203,-31.4329771431,-3.9888591766,Vx,Surface,m s$^{-1}$,-0.4938678189,-0.0438086864,-0.0158604604,0.0279482261,4
2011-05-03 09:00:00,Upper,113,113,159.1259612203,-31.4329771431,-3.9888591766,Vx,Surface,m s$^{-1}$,-0.4161242165,-0.0417325600,-0.0142258850,0.0275066751,4
2011-05-03 10:00:00,Upper,113,113,159.1259612203,-31.4329771431,-3.9888591766,Vx,Surface,m s$^{-1}$,-0.3444689072,-0.0494801574,-0.0167930386,0.0326871189,4
2011-05-03 11:00:00,Upper,113,113,159.1259612203,-31.4329771431,-3.9888591766,Vx,Surface,m s$^{-1}$,-0.3031378012,-0.0515159013,-0.0181420225,0.0333738788,4
2011-05-03 12:00:00,Upper,113,113,159.1259612203,-31.4329771431,-3.9888591766,Vx,Surface,m s$^{-1}$,-0.2874165804,-0.0574710840,-0.0218895088,0.0355815752,4
2011-05-03 13:00:00,Upper,113,113,159.1259612203,-31.4329771431,-3.9888591766,Vx,Surface,m s$^{-1}$,-0.3163773897,-0.0574070349,-0.0238481013,0.0335589336,4
2011-05-03 14:00:00,Upper,113,113,159.1259612203,-31.4329771431,-3.9888591766,Vx,Surface,m s$^{-1}$,-0.3576214763,-0.0561735361,-0.0251434155,0.0310301206,4
2011-05-03 15:00:00,Upper,113,113,159.1259612203,-31.4329771431,-3.9888591766,Vx,Surface,m s$^{-1}$,-0.4179066528,-0.0560692581,-0.0259111899,0.0301580682,4
2011-05-03 16:00:00,Upper,113,113,159.1259612203,-31.4329771431,-3.9888591766,Vx,Surface,m s$^{-1}$,-0.4728691080,-0.0511283821,-0.0252255523,0.0259028298,4
2011-05-03 17:00:00,Upper,113,113,159.1259612203,-31.4329771431,-3.9888591766,Vx,Surface,m s$^{-1}$,-0.5161186590,-0.0517430816,-0.0246317480,0.0271113336,4
2011-05-03 18:00:00,Upper,113,113,159.1259612203,-31.4329771431,-3.9888591766,Vx,Surface,m s$^{-1}$,-0.5352641884,-0.0445077921,-0.0209423025,0.0235654896,4
2011-05-03 19:00:00,Upper,113,113,159.1259612203,-31.4329771431,-3.9888591766,Vx,Surface,m s$^{-1}$,-0.5102144014,-0.0442387588,-0.0191025530,0.0251362058,4
2011-05-03 20:00:00,Upper,113,113,159.1259612203,-31.4329771431,-3.9888591766,Vx,Surface,m s$^{-1}$,-0.4738457738,-0.0408025105,-0.0162405764,0.0245619341,4
2011-05-03 21:00:00,Upper,113,113,159.1259612203,-31.4329771431,-3.9888591766,Vx,Surface,m s$^{-1}$,-0.3998902031,-0.0404738582,-0.0151363491,0.0253375091,4
2011-05-03 22:00:00,Upper,113,113,159.1259612203,-31.4329771431,-3.9888591766,Vx,Surface,m s$^{-1}$,-0.3373385775,-0.0476719498,-0.0167936666,0.0308782832,4
2011-05-03 23:00:00,Upper,113,113,159.1259612203,-31.4329771431,-3.9888591766,Vx,Surface,m s$^{-1}$,-0.2904738407,-0.0512264041,-0.0182205477,0.0330058563,4
2011-05-04 00:00:00,Upper,113,113,159.1259612203,-31.4329771431,-3.9888591766,Vx,Surface,m s$^{-1}$,-0.2791375993,-0.0583886577,-0.0219620533,0.0364266045,4
2011-05-04 01:00:00,Upper,113,113,159.1259612203,-31.4329771431,-3.9888591766,Vx,Surface,m s$^{-1}$,-0.3054888767,-0.0593536048,-0.0239231984,0.0354304064,4
2011-05-04 02:00:00,Upper,113,113,159.1259612203,-31.4329771431,-3.9888591766,Vx,Surface,m s$^{-1}$,-0.3546462767,-0.0622220920,-0.0259369763,0.0362851157,4
2011-05-04 03:00:00,Upper,113,113,159.1259612203,-31.4329771431,-3.9888591766,Vx,Surface,m s$^{-1}$,-0.4303516427,-0.0633606502,-0.0273933169,0.0359673333,4
2011-05-04 04:00:00,Upper,113,113,159.1259612203,-31.4329771431,-3.9888591766,Vx,Surface,m s$^{-1}$,-0.5029330716,-0.0573275727,-0.0262942488,0.0310333239,4
2011-05-04 05:00:00,Upper,113,113,159.1259612203,-31.4329771431,-3.9888591766,Vx,Surface,m s$^{-1}$,-0.5521466644,-0.0570298277,-0.0255948074,0.0314350203,4
2011-05-04 06:00:00,Upper,113,113,159.1259612203,-31.4329771431,-3.9888591766,Vx,Surface,m s$^{-1}$,-0.5936441965,-0.0543704565,-0.0244063298,0.0299641268,4
2011-05-04 07:00:00,Upper,113,113,159.1259612203,-31.4329771431,-3.9888591766,Vx,Surface,m s$^{-1}$,-0.5961454454,-0.0465826413,-0.0201989517,0.0263836897,4
2011-05-04 08:00:00,Upper,113,113,159.1259612203,-31.4329771431,-3.9888591766,Vx,Surface,m s$^{-1}$,-0.5523523023,-0.0416397675,-0.0161336059,0.0255061616,4
2011-05-04 09:00:00,Upper,113,113,159.1259612203,-31.4329771431,-3.9888591766,Vx,Surface,m s$^{-1}$,-0.4752204987,-0.0374203759,-0.0144292896,0.0229910863,4
2011-05-04 10:00:00,Upper,113,113,159.1259612203,-31.4329771431,-3.9888591766,Vx,Surface,m s$^{-1}$,-0.3884700306,-0.0385089999,-0.0147775315,0.0237314684,4
2011-05-04 11:00:00,Upper,113,113,159.1259612203,-31.4329771431,-3.9888591766,Vx,Surface,m s$^{-1}$,-0.3196567216,-0.0375298820,-0.0170812186,0.0204486634,4
2011-05-04 12:00:00,Upper,113,113,159.1259612203,-31.4329771431,-3.9888591766,Vx,Surface,m s$^{-1}$,-0.2810855531,-0.0352530535,-0.0202909007,0.0149621529,4
2011-05-04 13:00:00,Upper,113,113,159.1259612203,-31.4329771431,-3.9888591766,Vx,Surface,m s$^{-1}$,-0.2827142658,-0.0534057062,-0.0216267212,0.0317789850,4
2011-05-04 14:00:00,Upper,113,113,159.1259612203,-31.4329771431,-3.9888591766,Vx,Surface,m s$^{-1}$,-0.3088227585,-0.0581495091,-0.0250845914,0.0330649177,4
2011-05-04 15:00:00,Upper,113,113,159.1259612203,-31.4329771431,-3.9888591766,Vx,Surface,m s$^{-1}$,-0.3711090511,-0.0605269209,-0.0261470258,0.0343798952,4
2011-05-04 16:00:00,Upper,113,113,159.1259612203,-31.4329771431,-3.9888591766,Vx,Surface,m s$^{-1}$,-0.4316687355,-0.0617408563,-0.0257881860,0.0359526704,4
2011-05-04 17:00:00,Upper,113,113,159.1259612203,-31.4329771431,-3.9888591766,Vx,Surface,m s$^{-1}$,-0.4874264155,-0.0610027279,-0.0252055155,0.0357972124,4
2011-05-04 18:00:00,Upper,113,113,159.1259612203,-31.4329771431,-3.9888591766,Vx,Surface,m s$^{-1}$,-0.5285429534,-0.0584710234,-0.0247246595,0.0337463639,4
2011-05-04 19:00:00,Upper,113,113,159.1259612203,-31.4329771431,-3.9888591766,Vx,Surface,m s$^{-1}$,-0.5523490991,-0.0522585804,-0.0222196606,0.0300389198,4
2011-05-04 20:00:00,Upper,113,113,159.1259612203,-31.4329771431,-3.9888591766,Vx,Surface,m s$^{-1}$,-0.5308655165,-0.0459525783,-0.0175516987,0.0284008796,4
2011-05-04 21:00:00,Upper,113,113,159.1259612203,-31.4329771431,-3.9888591766,Vx,Surface,m s$^{-1}$,-0.4729229061,-0.0431098633,-0.0156233354,0.0274865279,4
2011-05-04 22:00:00,Upper,113,113,159.1259612203,-31.4329771431,-3.9888591766,Vx,Surface,m s$^{-1}$,-0.4063118150,-0.0451678091,-0.0167938523,0.0283739568,4
2011-05-04 23:00:00,Upper,113,113,159.1259612203,-31.4329771431,-3.9888591766,Vx,Surface,m s$^{-1}$,-0.3500291359,-0.0461471682,-0.0165243376,0.0296228306,4
2011-05-05 00:00:00,Upper,113,113,159.1259612203,-31.4329771431,-3.9888591766,Vx,Surface,m s$^{-1}$,-0.3053362107,-0.0541575324,-0.0195945720,0.0345629604,4
2011-05-05 01:00:00,Upper,113,113,159.1259612203,-31.4329771431,-3.9888591766,Vx,Surface,m s$^{-1}$,-0.3036709317,-0.0571123290,-0.0217295328,0.0353827962,4
2011-05-05 02:00:00,Upper,113,113,159.1259612203,-31.4329771431,-3.9888591766,Vx,Surface,m s$^{-1}$,-0.3283231051,-0.0610238574,-0.0250084279,0.0360154295,4
2011-05-05 03:00:00,Upper,113,113,159.1259612203,-31.4329771431,-3.9888591766,Vx,Surface,m s$^{-1}$,-0.3889369793,-0.0618135481,-0.0260132294,0.0358003187,4
2011-05-05 04:00:00,Upper,113,113,159.1259612203,-31.4329771431,-3.9888591766,Vx,Surface,m s$^{-1}$,-0.4574190514,-0.0624815753,-0.0274584884,0.0350230869,4
2011-05-05 05:00:00,Upper,113,113,159.1259612203,-31.4329771431,-3.9888591766,Vx,Surface,m s$^{-1}$,-0.5348093904,-0.0584294613,-0.0267770853,0.0316523759,4
2011-05-05 06:00:00,Upper,113,113,159.1259612203,-31.4329771431,-3.9888591766,Vx,Surface,m s$^{-1}$,-0.5807579160,-0.0574327102,-0.0259224545,0.0315102557,4
2011-05-05 07:00:00,Upper,113,113,159.1259612203,-31.4329771431,-3.9888591766,Vx,Surface,m s$^{-1}$,-0.6147651429,-0.0502076172,-0.0228191086,0.0273885086,4
2011-05-05 08:00:00,Upper,113,113,159.1259612203,-31.4329771431,-3.9888591766,Vx,Surface,m s$^{-1}$,-0.5925091097,-0.0449318748,-0.0192080302,0.0257238447,4
2011-05-05 09:00:00,Upper,113,113,159.1259612203,-31.4329771431,-3.9888591766,Vx,Surface,m s$^{-1}$,-0.5533843687,-0.0429636785,-0.0167206380,0.0262430404,4
2011-05-05 10:00:00,Upper,113,113,159.1259612203,-31.4329771431,-3.9888591766,Vx,Surface,m s$^{-1}$,-0.4749296640,-0.0383714141,-0.0145701162,0.0238012979,4
2011-05-05 11:00:00,Upper,113,113,159.1259612203,-31.4329771431,-3.9888591766,Vx,Surface,m s$^{-1}$,-0.3917930826,-0.0429895978,-0.0148762446,0.0281133532,4
2011-05-05 12:00:00,Upper,113,113,159.1259612203,-31.4329771431,-3.9888591766,Vx,Surface,m s$^{-1}$,-0.3253795336,-0.0492184079,-0.0171357512,0.0320826567,4
2011-05-05 13:00:00,Upper,113,113,159.1259612203,-31.4329771431,-3.9888591766,Vx,Surface,m s$^{-1}$,-0.2867845718,-0.0546411762,-0.0195306405,0.0351105357,4
2011-05-05 14:00:00,Upper,113,113,159.1259612203,-31.4329771431,-3.9888591766,Vx,Surface,m s$^{-1}$,-0.2816183766,-0.0569324437,-0.0214842846,0.0354481591,4
2011-05-05 15:00:00,Upper,113,113,159.1259612203,-31.4329771431,-3.9888591766,Vx,Surface,m s$^{-1}$,-0.3138793567,-0.0626278231,-0.0257812118,0.0368466113,4
2011-05-05 16:00:00,Upper,113,113,159.1259612203,-31.4329771431,-3.9888591766,Vx,Surface,m s$^{-1}$,-0.3854875151,-0.0614608760,-0.0268481088,0.0346127673,4
2011-05-05 17:00:00,Upper,113,113,159.1259612203,-31.4329771431,-3.9888591766,Vx,Surface,m s$^{-1}$,-0.4498660677,-0.0571440077,-0.0260679271,0.0310760806,4
2011-05-05 18:00:00,Upper,113,113,159.1259612203,-31.4329771431,-3.9888591766,Vx,Surface,m s$^{-1}$,-0.5043045736,-0.0564886592,-0.0253672851,0.0311213741,4
2011-05-05 19:00:00,Upper,113,113,159.1259612203,-31.4329771431,-3.9888591766,Vx,Surface,m s$^{-1}$,-0.5423981847,-0.0532810626,-0.0241350400,0.0291460227,4
2011-05-05 20:00:00,Upper,113,113,159.1259612203,-31.4329771431,-3.9888591766,Vx,Surface,m s$^{-1}$,-0.5471312664,-0.0468551576,-0.0200607219,0.0267944357,4
2011-05-05 21:00:00,Upper,113,113,159.1259612203,-31.4329771431,-3.9888591766,Vx,Surface,m s$^{-1}$,-0.5085083008,-0.0441439732,-0.0173553004,0.0267886728,4
2011-05-05 22:00:00,Upper,113,113,159.1259612203,-31.4329771431,-3.9888591766,Vx,Surface,m s$^{-1}$,-0.4453936152,-0.0410384419,-0.0147785003,0.0262599416,4
2011-05-05 23:00:00,Upper,113,113,159.1259612203,-31.4329771431,-3.9888591766,Vx,Surface,m s$^{-1}$,-0.3733145118,-0.0462943713,-0.0173693107,0.0289250606,4
2011-05-06 00:00:00,Upper,113,113,159.1259612203,-31.4329771431,-3.9888591766,Vx,Surface,m s$^{-1}$,-0.3224765577,-0.0479307859,-0.0163971558,0.0315336301,4
2011-05-06 01:00:00,Upper,113,113,159.1259612203,-31.4329771431,-3.9888591766,Vx,Surface,m s$^{-1}$,-0.2742281144,-0.0557477306,-0.0196363355,0.0361113951,4
2011-05-06 02:00:00,Upper,113,113,159.1259612203,-31.4329771431,-3.9888591766,Vx,Surface,m s$^{-1}$,-0.2812762886,-0.0617511731,-0.0223537541,0.0393974190,4
2011-05-06 03:00:00,Upper,113,113,159.1259612203,-31.4329771431,-3.9888591766,Vx,Surface,m s$^{-1}$,-0.3215982151,-0.0662303111,-0.0263571928,0.0398731183,4
2011-05-06 04:00:00,Upper,113,113,159.1259612203,-31.4329771431,-3.9888591766,Vx,Surface,m s$^{-1}$,-0.3988304928,-0.0651501611,-0.0266752084,0.0384749527,4
2011-05-06 05:00:00,Upper,113,113,159.1259612203,-31.4329771431,-3.9888591766,Vx,Surface,m s$^{-1}$,-0.4732726858,-0.0665102595,-0.0283147675,0.0381954920,4
2011-05-06 06:00:00,Upper,113,113,159.1259612203,-31.4329771431,-3.9888591766,Vx,Surface,m s$^{-1}$,-0.5638719260,-0.0628218115,-0.0280228776,0.0347989339,4
2011-05-06 07:00:00,Upper,113,113,159.1259612203,-31.4329771431,-3.9888591766,Vx,Surface,m s$^{-1}$,-0.6093859327,-0.0563957296,-0.0251604834,0.0312352462,4
2011-05-06 08:00:00,Upper,113,113,159.1259612203,-31.4329771431,-3.9888591766,Vx,Surface,m s$^{-1}$,-0.6325953677,-0.0543857264,-0.0227743391,0.0316113873,4
2011-05-06 09:00:00,Upper,113,113,159.1259612203,-31.4329771431,-3.9888591766,Vx,Surface,m s$^{-1}$,-0.6055689376,-0.0443565030,-0.0167720473,0.0275844557,4
2011-05-06 10:00:00,Upper,113,113,159.1259612203,-31.4329771431,-3.9888591766,Vx,Surface,m s$^{-1}$,-0.5281848979,-0.0404586722,-0.0142813289,0.0261773433,4
2011-05-06 11:00:00,Upper,113,113,159.1259612203,-31.4329771431,-3.9888591766,Vx,Surface,m s$^{-1}$,-0.4411599623,-0.0432284082,-0.0153388073,0.0278896010,4
2011-05-06 12:00:00,Upper,113,113,159.1259612203,-31.4329771431,-3.9888591766,Vx,Surface,m s$^{-1}$,-0.3576525173,-0.0414965113,-0.0141324221,0.0273640892,4
2011-05-06 13:00:00,Upper,113,113,159.1259612203,-31.4329771431,-3.9888591766,Vx,Surface,m s$^{-1}$,-0.2791992251,-0.0514848390,-0.0172172704,0.0342675686,4
2011-05-06 14:00:00,Upper,113,113,159.1259612203,-31.4329771431,-3.9888591766,Vx,Surface,m s$^{-1}$,-0.2559962781,-0.0568585520,-0.0174931127,0.0393654394,4
2011-05-06 15:00:00,Upper,113,113,159.1259612203,-31.4329771431,-3.9888591766,Vx,Surface,m s$^{-1}$,-0.2624711639,-0.0595346995,-0.0191422913,0.0403924081,4
2011-05-06 16:00:00,Upper,113,113,159.1259612203,-31.4329771431,-3.9888591766,Vx,Surface,m s$^{-1}$,-0.3141256956,-0.0636174220,-0.0252848967,0.0383325253,4
2011-05-06 17:00:00,Upper,113,113,159.1259612203,-31.4329771431,-3.9888591766,Vx,Surface,m s$^{-1}$,-0.3842089082,-0.0608661111,-0.0267415723,0.0341245389,4
2011-05-06 18:00:00,Upper,113,113,159.1259612203,-31.4329771431,-3.9888591766,Vx,Surface,m s$^{-1}$,-0.4501111918,-0.0585223711,-0.0260450415,0.0324773297,4
2011-05-06 19:00:00,Upper,113,113,159.1259612203,-31.4329771431,-3.9888591766,Vx,Surface,m s$^{-1}$,-0.5084913411,-0.0593223797,-0.0262396896,0.0330826901,4
2011-05-06 20:00:00,Upper,113,113,159.1259612203,-31.4329771431,-3.9888591766,Vx,Surface,m s$^{-1}$,-0.5557076297,-0.0549156522,-0.0243495299,0.0305661222,4
2011-05-06 21:00:00,Upper,113,113,159.1259612203,-31.4329771431,-3.9888591766,Vx,Surface,m s$^{-1}$,-0.5510911139,-0.0478487654,-0.0186995776,0.0291491878,4
2011-05-06 22:00:00,Upper,113,113,159.1259612203,-31.4329771431,-3.9888591766,Vx,Surface,m s$^{-1}$,-0.4962302480,-0.0453962931,-0.0154184418,0.0299778513,4
2011-05-06 23:00:00,Upper,113,113,159.1259612203,-31.4329771431,-3.9888591766,Vx,Surface,m s$^{-1}$,-0.4207623965,-0.0465297181,-0.0155755500,0.0309541681,4
2011-05-07 00:00:00,Upper,113,113,159.1259612203,-31.4329771431,-3.9888591766,Vx,Surface,m s$^{-1}$,-0.3464754775,-0.0457946308,-0.0148521305,0.0309425003,4
2011-05-01 01:00:00,Upper,113,113,159.1259612203,-31.4329771431,-3.9888591766,Vy,Mid-depth,m s$^{-1}$,-1.9445920063,0.0399220650,0.0275060072,-0.0124160578,4
2011-05-01 02:00:00,Upper,113,113,159.1259612203,-31.4329771431,-3.9888591766,Vy,Mid-depth,m s$^{-1}$,-2.0251089421,0.0284576544,0.0377718093,0.0093141549,4
2011-05-01 03:00:00,Upper,113,113,159.1259612203,-31.4329771431,-3.9888591766,Vy,Mid-depth,m s$^{-1}$,-2.0278679774,-0.0079264043,0.0334756639,0.0414020682,4
2011-05-01 04:00:00,Upper,113,113,159.1259612203,-31.4329771431,-3.9888591766,Vy,Mid-depth,m s$^{-1}$,-2.0450220531,-0.0025269384,0.0308876143,0.0334145526,4
2011-05-01 05:00:00,Upper,113,113,159.1259612203,-31.4329771431,-3.9888591766,Vy,Mid-depth,m s$^{-1}$,-2.0257286438,-0.0196743967,0.0244740151,0.0441484119,4
2011-05-01 06:00:00,Upper,113,113,159.1259612203,-31.4329771431,-3.9888591766,Vy,Mid-depth,m s$^{-1}$,-2.0025266777,-0.0095425345,0.0220620463,0.0316045809,4
2011-05-01 07:00:00,Upper,113,113,159.1259612203,-31.4329771431,-3.9888591766,Vy,Mid-depth,m s$^{-1}$,-1.9684411247,-0.0053765483,0.0243022108,0.0296787591,4
2011-05-01 08:00:00,Upper,113,113,159.1259612203,-31.4329771431,-3.9888591766,Vy,Mid-depth,m s$^{-1}$,-1.9385963729,-0.0024100617,0.0246759200,0.0270859817,4
2011-05-01 09:00:00,Upper,113,113,159.1259612203,-31.4329771431,-3.9888591766,Vy,Mid-depth,m s$^{-1}$,-1.9137060674,0.0040481992,0.0272116819,0.0231634827,4
2011-05-01 10:00:00,Upper,113,113,159.1259612203,-31.4329771431,-3.9888591766,Vy,Mid-depth,m s$^{-1}$,-1.9048410655,0.0086748184,0.0304305638,0.0217557454,4
2011-05-01 11:00:00,Upper,113,113,159.1259612203,-31.4329771431,-3.9888591766,Vy,Mid-depth,m s$^{-1}$,-1.9077938822,0.0099698584,0.0316539202,0.0216840618,4
2011-05-01 12:00:00,Upper,113,113,159.1259612203,-31.4329771431,-3.9888591766,Vy,Mid-depth,m s$^{-1}$,-1.9246805008,0.0178553479,0.0370575194,0.0192021715,4
2011-05-01 13:00:00,Upper,113,113,159.1259612203,-31.4329771431,-3.9888591766,Vy,Mid-depth,m s$^{-1}$,-1.9563806855,0.0131647418,0.0377782557,0.0246135139,4
2011-05-01 14:00:00,Upper,113,113,159.1259612203,-31.4329771431,-3.9888591766,Vy,Mid-depth,m s$^{-1}$,-1.9826495491,0.0109019002,0.0371962960,0.0262943958,4
2011-05-01 15:00:00,Upper,113,113,159.1259612203,-31.4329771431,-3.9888591766,Vy,Mid-depth,m s$^{-1}$,-2.0043129338,0.0094685009,0.0362940353,0.0268255345,4
2011-05-01 16:00:00,Upper,113,113,159.1259612203,-31.4329771431,-3.9888591766,Vy,Mid-depth,m s$^{-1}$,-2.0157193118,0.0017692091,0.0322600257,0.0304908166,4
2011-05-01 17:00:00,Upper,113,113,159.1259612203,-31.4329771431,-3.9888591766,Vy,Mid-depth,m s$^{-1}$,-2.0104816165,0.0034760975,0.0292344896,0.0257583921,4
2011-05-01 18:00:00,Upper,113,113,159.1259612203,-31.4329771431,-3.9888591766,Vy,Mid-depth,m s$^{-1}$,-1.9927460754,-0.0058805524,0.0227880800,0.0286686324,4
2011-05-01 19:00:00,Upper,113,113,159.1259612203,-31.4329771431,-3.9888591766,Vy,Mid-depth,m s$^{-1}$,-1.9574977487,0.0016147270,0.0245294283,0.0229147012,4
2011-05-01 20:00:00,Upper,113,113,159.1259612203,-31.4329771431,-3.9888591766,Vy,Mid-depth,m s$^{-1}$,-1.9303455628,0.0017726983,0.0250396304,0.0232669321,4
2011-05-01 21:00:00,Upper,113,113,159.1259612203,-31.4329771431,-3.9888591766,Vy,Mid-depth,m s$^{-1}$,-1.9017026922,0.0038962008,0.0267512044,0.0228550036,4
2011-05-01 22:00:00,Upper,113,113,159.1259612203,-31.4329771431,-3.9888591766,Vy,Mid-depth,m s$^{-1}$,-1.8881973271,0.0094019667,0.0320172023,0.0226152356,4
2011-05-01 23:00:00,Upper,113,113,159.1259612203,-31.4329771431,-3.9888591766,Vy,Mid-depth,m s$^{-1}$,-1.8925610895,0.0144635390,0.0365041729,0.0220406339,4
2011-05-02 00:00:00,Upper,113,113,159.1259612203,-31.4329771431,-3.9888591766,Vy,Mid-depth,m s$^{-1}$,-1.9151612275,0.0172398196,0.0387904368,0.0215506172,4
2011-05-02 01:00:00,Upper,113,113,159.1259612203,-31.4329771431,-3.9888591766,Vy,Mid-depth,m s$^{-1}$,-1.9466194102,0.0185058423,0.0404943810,0.0219885387,4
2011-05-02 02:00:00,Upper,113,113,159.1259612203,-31.4329771431,-3.9888591766,Vy,Mid-depth,m s$^{-1}$,-1.9810451344,0.0134820723,0.0398809711,0.0263988988,4
2011-05-02 03:00:00,Upper,113,113,159.1259612203,-31.4329771431,-3.9888591766,Vy,Mid-depth,m s$^{-1}$,-2.0064388374,0.0144750288,0.0384849962,0.0240099674,4
2011-05-02 04:00:00,Upper,113,113,159.1259612203,-31.4329771431,-3.9888591766,Vy,Mid-depth,m s$^{-1}$,-2.0268170825,0.0110166312,0.0361800665,0.0251634353,4
2011-05-02 05:00:00,Upper,113,113,159.1259612203,-31.4329771431,-3.9888591766,Vy,Mid-depth,m s$^{-1}$,-2.0314894116,0.0086522316,0.0313116424,0.0226594107,4
2011-05-02 06:00:00,Upper,113,113,159.1259612203,-31.4329771431,-3.9888591766,Vy,Mid-depth,m s$^{-1}$,-2.0194999086,0.0060531164,0.0264244982,0.0203713819,4
2011-05-02 07:00:00,Upper,113,113,159.1259612203,-31.4329771431,-3.9888591766,Vy,Mid-depth,m s$^{-1}$,-1.9919146331,0.0005193842,0.0228446017,0.0223252175,4
2011-05-02 08:00:00,Upper,113,113,159.1259612203,-31.4329771431,-3.9888591766,Vy,Mid-depth,m s$^{-1}$,-1.9559740201,0.0028021313,0.0233516337,0.0205495025,4
2011-05-02 09:00:00,Upper,113,113,159.1259612203,-31.4329771431,-3.9888591766,Vy,Mid-depth,m s$^{-1}$,-1.9240275237,0.0058653167,0.0251745535,0.0193092368,4
2011-05-02 10:00:00,Upper,113,113,159.1259612203,-31.4329771431,-3.9888591766,Vy,Mid-depth,m s$^{-1}$,-1.9008776972,0.0076380090,0.0283700358,0.0207320268,4
2011-05-02 11:00:00,Upper,113,113,159.1259612203,-31.4329771431,-3.9888591766,Vy,Mid-depth,m s$^{-1}$,-1.8917012132,0.0124207666,0.0326953554,0.0202745888,4
2011-05-02 12:00:00,Upper,113,113,159.1259612203,-31.4329771431,-3.9888591766,Vy,Mid-depth,m s$^{-1}$,-1.8984998403,0.0150411289,0.0356404345,0.0205993056,4
2011-05-02 13:00:00,Upper,113,113,159.1259612203,-31.4329771431,-3.9888591766,Vy,Mid-depth,m s$^{-1}$,-1.9189667071,0.0193214404,0.0382354305,0.0189139901,4
2011-05-02 14:00:00,Upper,113,113,159.1259612203,-31.4329771431,-3.9888591766,Vy,Mid-depth,m s$^{-1}$,-1.9492847545,0.0190877879,0.0389011827,0.0198133947,4
2011-05-02 15:00:00,Upper,113,113,159.1259612203,-31.4329771431,-3.9888591766,Vy,Mid-depth,m s$^{-1}$,-1.9769168323,0.0155546594,0.0381055676,0.0225509082,4
2011-05-02 16:00:00,Upper,113,113,159.1259612203,-31.4329771431,-3.9888591766,Vy,Mid-depth,m s$^{-1}$,-1.9959807576,0.0113819820,0.0353622685,0.0239802865,4
2011-05-02 17:00:00,Upper,113,113,159.1259612203,-31.4329771431,-3.9888591766,Vy,Mid-depth,m s$^{-1}$,-2.0062746641,0.0118411186,0.0341989997,0.0223578810,4
2011-05-02 18:00:00,Upper,113,113,159.1259612203,-31.4329771431,-3.9888591766,Vy,Mid-depth,m s$^{-1}$,-2.0052275321,-0.0006461537,0.0273825657,0.0280287194,4
2011-05-02 19:00:00,Upper,113,113,159.1259612203,-31.4329771431,-3.9888591766,Vy,Mid-depth,m s$^{-1}$,-1.9790128424,-0.0019511295,0.0238494233,0.0258005528,4
2011-05-02 20:00:00,Upper,113,113,159.1259612203,-31.4329771431,-3.9888591766,Vy,Mid-depth,m s$^{-1}$,-1.9495566182,-0.0006733896,0.0243593882,0.0250327778,4
2011-05-02 21:00:00,Upper,113,113,159.1259612203,-31.4329771431,-3.9888591766,Vy,Mid-depth,m s$^{-1}$,-1.9186072266,-0.0009689854,0.0244023242,0.0253713097,4
2011-05-02 22:00:00,Upper,113,113,159.1259612203,-31.4329771431,-3.9888591766,Vy,Mid-depth,m s$^{-1}$,-1.8952421542,0.0029289764,0.0280232683,0.0250942919,4
2011-05-02 23:00:00,Upper,113,113,159.1259612203,-31.4329771431,-3.9888591766,Vy,Mid-depth,m s$^{-1}$,-1.8866514229,0.0069882481,0.0323998025,0.0254115545,4
2011-05-03 00:00:00,Upper,113,113,159.1259612203,-31.4329771431,-3.9888591766,Vy,Mid-depth,m s$^{-1}$,-1.8958735472,0.0142645218,0.0368270040,0.0225624823,4
2011-05-03 01:00:00,Upper,113,113,159.1259612203,-31.4329771431,-3.9888591766,Vy,Mid-depth,m s$^{-1}$,-1.9209073408,0.0133104250,0.0376506438,0.0243402188,4
2011-05-03 02:00:00,Upper,113,113,159.1259612203,-31.4329771431,-3.9888591766,Vy,Mid-depth,m s$^{-1}$,-1.9511046673,0.0187101768,0.0398177109,0.0211075342,4
2011-05-03 03:00:00,Upper,113,113,159.1259612203,-31.4329771431,-3.9888591766,Vy,Mid-depth,m s$^{-1}$,-1.9864733804,0.0127870165,0.0393754494,0.0265884329,4
2011-05-03 04:00:00,Upper,113,113,159.1259612203,-31.4329771431,-3.9888591766,Vy,Mid-depth,m s$^{-1}$,-2.0113589494,0.0133413637,0.0380457555,0.0247043918,4
2011-05-03 05:00:00,Upper,113,113,159.1259612203,-31.4329771431,-3.9888591766,Vy,Mid-depth,m s$^{-1}$,-2.0344028954,0.0113143742,0.0371117628,0.0257973886,4
2011-05-03 06:00:00,Upper,113,113,159.1259612203,-31.4329771431,-3.9888591766,Vy,Mid-depth,m s$^{-1}$,-2.0405567592,-0.0044461283,0.0292212290,0.0336673572,4
2011-05-03 07:00:00,Upper,113,113,159.1259612203,-31.4329771431,-3.9888591766,Vy,Mid-depth,m s$^{-1}$,-2.0184733801,-0.0020467146,0.0246859863,0.0267327009,4
2011-05-03 08:00:00,Upper,113,113,159.1259612203,-31.4329771431,-3.9888591766,Vy,Mid-depth,m s$^{-1}$,-1.9913634977,-0.0057769440,0.0230008940,0.0287778380,4
2011-05-03 09:00:00,Upper,113,113,159.1259612203,-31.4329771431,-3.9888591766,Vy,Mid-depth,m s$^{-1}$,-1.9524916966,-0.0081972632,0.0206510874,0.0288483507,4
2011-05-03 10:00:00,Upper,113,113,159.1259612203,-31.4329771431,-3.9888591766,Vy,Mid-depth,m s$^{-1}$,-1.9166640419,0.0016140478,0.0244726767,0.0228586289,4
2011-05-03 11:00:00,Upper,113,113,159.1259612203,-31.4329771431,-3.9888591766,Vy,Mid-depth,m s$^{-1}$,-1.8959984889,-0.0003306350,0.0272323612,0.0275629961,4
2011-05-03 12:00:00,Upper,113,113,159.1259612203,-31.4329771431,-3.9888591766,Vy,Mid-depth,m s$^{-1}$,-1.8881378785,0.0101958610,0.0331371343,0.0229412733,4
2011-05-03 13:00:00,Upper,113,113,159.1259612203,-31.4329771431,-3.9888591766,Vy,Mid-depth,m s$^{-1}$,-1.9026182832,0.0113766368,0.0354487794,0.0240721427,4
2011-05-03 14:00:00,Upper,113,113,159.1259612203,-31.4329771431,-3.9888591766,Vy,Mid-depth,m s$^{-1}$,-1.9232403265,0.0146046171,0.0368752800,0.0222706629,4
2011-05-03 15:00:00,Upper,113,113,159.1259612203,-31.4329771431,-3.9888591766,Vy,Mid-depth,m s$^{-1}$,-1.9533829147,0.0163726528,0.0379595191,0.0215868663,4
2011-05-03 16:00:00,Upper,113,113,159.1259612203,-31.4329771431,-3.9888591766,Vy,Mid-depth,m s$^{-1}$,-1.9808641423,0.0126728372,0.0373859052,0.0247130679,4
2011-05-03 17:00:00,Upper,113,113,159.1259612203,-31.4329771431,-3.9888591766,Vy,Mid-depth,m s$^{-1}$,-2.0024889178,0.0128322517,0.0362107313,0.0233784796,4
2011-05-03 18:00:00,Upper,113,113,159.1259612203,-31.4329771431,-3.9888591766,Vy,Mid-depth,m s$^{-1}$,-2.0120616825,-0.0000491656,0.0303220806,0.0303712462,4
2011-05-03 19:00:00,Upper,113,113,159.1259612203,-31.4329771431,-3.9888591766,Vy,Mid-depth,m s$^{-1}$,-1.9995367890,0.0029889858,0.0274662893,0.0244773035,4
2011-05-03 20:00:00,Upper,113,113,159.1259612203,-31.4329771431,-3.9888591766,Vy,Mid-depth,m s$^{-1}$,-1.9813524752,-0.0062442576,0.0230655805,0.0293098381,4
2011-05-03 21:00:00,Upper,113,113,159.1259612203,-31.4329771431,-3.9888591766,Vy,Mid-depth,m s$^{-1}$,-1.9443746899,-0.0063923418,0.0215521633,0.0279445051,4
2011-05-03 22:00:00,Upper,113,113,159.1259612203,-31.4329771431,-3.9888591766,Vy,Mid-depth,m s$^{-1}$,-1.9130988770,-0.0012676949,0.0239967791,0.0252644740,4
2011-05-03 23:00:00,Upper,113,113,159.1259612203,-31.4329771431,-3.9888591766,Vy,Mid-depth,m s$^{-1}$,-1.8896665087,-0.0007949336,0.0267736466,0.0275685802,4
2011-05-04 00:00:00,Upper,113,113,159.1259612203,-31.4329771431,-3.9888591766,Vy,Mid-depth,m s$^{-1}$,-1.8839983880,0.0091561165,0.0326143711,0.0234582546,4
2011-05-04 01:00:00,Upper,113,113,159.1259612203,-31.4329771431,-3.9888591766,Vy,Mid-depth,m s$^{-1}$,-1.8971740267,0.0096820190,0.0349894720,0.0253074529,4
2011-05-04 02:00:00,Upper,113,113,159.1259612203,-31.4329771431,-3.9888591766,Vy,Mid-depth,m s$^{-1}$,-1.9217527266,0.0154960453,0.0376036362,0.0221075910,4
2011-05-04 03:00:00,Upper,113,113,159.1259612203,-31.4329771431,-3.9888591766,Vy,Mid-depth,m s$^{-1}$,-1.9596054097,0.0176018800,0.0399608818,0.0223590018,4
2011-05-04 04:00:00,Upper,113,113,159.1259612203,-31.4329771431,-3.9888591766,Vy,Mid-depth,m s$^{-1}$,-1.9958961241,0.0101748803,0.0385324326,0.0283575523,4
2011-05-04 05:00:00,Upper,113,113,159.1259612203,-31.4329771431,-3.9888591766,Vy,Mid-depth,m s$^{-1}$,-2.0205029205,0.0124856974,0.0372245511,0.0247388536,4
2011-05-04 06:00:00,Upper,113,113,159.1259612203,-31.4329771431,-3.9888591766,Vy,Mid-depth,m s$^{-1}$,-2.0412516866,0.0067380857,0.0351523011,0.0284142154,4
2011-05-04 07:00:00,Upper,113,113,159.1259612203,-31.4329771431,-3.9888591766,Vy,Mid-depth,m s$^{-1}$,-2.0425023110,-0.0020749598,0.0284629271,0.0305378870,4
2011-05-04 08:00:00,Upper,113,113,159.1259612203,-31.4329771431,-3.9888591766,Vy,Mid-depth,m s$^{-1}$,-2.0206057395,-0.0064782606,0.0221124014,0.0285906620,4
2011-05-04 09:00:00,Upper,113,113,159.1259612203,-31.4329771431,-3.9888591766,Vy,Mid-depth,m s$^{-1}$,-1.9820398377,-0.0099200471,0.0195146809,0.0294347280,4
2011-05-04 10:00:00,Upper,113,113,159.1259612203,-31.4329771431,-3.9888591766,Vy,Mid-depth,m s$^{-1}$,-1.9386646036,-0.0024246509,0.0201022665,0.0225269174,4
2011-05-04 11:00:00,Upper,113,113,159.1259612203,-31.4329771431,-3.9888591766,Vy,Mid-depth,m s$^{-1}$,-1.9042579491,0.0029421253,0.0232507230,0.0203085976,4
2011-05-04 12:00:00,Upper,113,113,159.1259612203,-31.4329771431,-3.9888591766,Vy,Mid-depth,m s$^{-1}$,-1.8849723649,0.0115881308,0.0290551466,0.0174670158,4
2011-05-04 13:00:00,Upper,113,113,159.1259612203,-31.4329771431,-3.9888591766,Vy,Mid-depth,m s$^{-1}$,-1.8857867212,0.0104075461,0.0314452641,0.0210377180,4
2011-05-04 14:00:00,Upper,113,113,159.1259612203,-31.4329771431,-3.9888591766,Vy,Mid-depth,m s$^{-1}$,-1.8988409676,0.0130191283,0.0359318949,0.0229127666,4
2011-05-04 15:00:00,Upper,113,113,159.1259612203,-31.4329771431,-3.9888591766,Vy,Mid-depth,m s$^{-1}$,-1.9299841139,0.0128054257,0.0369672515,0.0241618258,4
2011-05-04 16:00:00,Upper,113,113,159.1259612203,-31.4329771431,-3.9888591766,Vy,Mid-depth,m s$^{-1}$,-1.9602639560,0.0093036673,0.0371761445,0.0278724772,4
2011-05-04 17:00:00,Upper,113,113,159.1259612203,-31.4329771431,-3.9888591766,Vy,Mid-depth,m s$^{-1}$,-1.9881427961,0.0072026981,0.0363728484,0.0291701503,4
2011-05-04 18:00:00,Upper,113,113,159.1259612203,-31.4329771431,-3.9888591766,Vy,Mid-depth,m s$^{-1}$,-2.0087010650,0.0075244653,0.0354091560,0.0278846907,4
2011-05-04 19:00:00,Upper,113,113,159.1259612203,-31.4329771431,-3.9888591766,Vy,Mid-depth,m s$^{-1}$,-2.0206041379,0.0003511053,0.0313521055,0.0310010002,4
2011-05-04 20:00:00,Upper,113,113,159.1259612203,-31.4329771431,-3.9888591766,Vy,Mid-depth,m s$^{-1}$,-2.0098623466,-0.0063922274,0.0240130073,0.0304052347,4
2011-05-04 21:00:00,Upper,113,113,159.1259612203,-31.4329771431,-3.9888591766,Vy,Mid-depth,m s$^{-1}$,-1.9808910414,-0.0084186757,0.0210470657,0.0294657413,4
2011-05-04 22:00:00,Upper,113,113,159.1259612203,-31.4329771431,-3.9888591766,Vy,Mid-depth,m s$^{-1}$,-1.9475854958,-0.0028133373,0.0230219002,0.0258352376,4
2011-05-04 23:00:00,Upper,113,113,159.1259612203,-31.4329771431,-3.9888591766,Vy,Mid-depth,m s$^{-1}$,-1.9194441563,-0.0049674063,0.0221311926,0.0270985989,4
2011-05-05 00:00:00,Upper,113,113,159.1259612203,-31.4329771431,-3.9888591766,Vy,Mid-depth,m s$^{-1}$,-1.8970976936,0.0034103177,0.0274996851,0.0240893674,4
2011-05-05 01:00:00,Upper,113,113,159.1259612203,-31.4329771431,-3.9888591766,Vy,Mid-depth,m s$^{-1}$,-1.8962650542,0.0063472744,0.0308589399,0.0245116655,4
2011-05-05 02:00:00,Upper,113,113,159.1259612203,-31.4329771431,-3.9888591766,Vy,Mid-depth,m s$^{-1}$,-1.9085911409,0.0142663184,0.0354272276,0.0211609091,4
2011-05-05 03:00:00,Upper,113,113,159.1259612203,-31.4329771431,-3.9888591766,Vy,Mid-depth,m s$^{-1}$,-1.9388980780,0.0146839155,0.0365385997,0.0218546842,4
2011-05-05 04:00:00,Upper,113,113,159.1259612203,-31.4329771431,-3.9888591766,Vy,Mid-depth,m s$^{-1}$,-1.9731391140,0.0190703852,0.0395219420,0.0204515568,4
2011-05-05 05:00:00,Upper,113,113,159.1259612203,-31.4329771431,-3.9888591766,Vy,Mid-depth,m s$^{-1}$,-2.0118342835,0.0109506454,0.0382998411,0.0273491958,4
2011-05-05 06:00:00,Upper,113,113,159.1259612203,-31.4329771431,-3.9888591766,Vy,Mid-depth,m s$^{-1}$,-2.0348085463,0.0125132109,0.0368585206,0.0243453097,4
2011-05-05 07:00:00,Upper,113,113,159.1259612203,-31.4329771431,-3.9888591766,Vy,Mid-depth,m s$^{-1}$,-2.0518121598,0.0004957605,0.0319056256,0.0314098651,4
2011-05-05 08:00:00,Upper,113,113,159.1259612203,-31.4329771431,-3.9888591766,Vy,Mid-depth,m s$^{-1}$,-2.0406841432,-0.0007797589,0.0262452547,0.0270250136,4
2011-05-05 09:00:00,Upper,113,113,159.1259612203,-31.4329771431,-3.9888591766,Vy,Mid-depth,m s$^{-1}$,-2.0211217727,-0.0054552904,0.0223925456,0.0278478360,4
2011-05-05 10:00:00,Upper,113,113,159.1259612203,-31.4329771431,-3.9888591766,Vy,Mid-depth,m s$^{-1}$,-1.9818944203,-0.0117594237,0.0191091113,0.0308685350,4
2011-05-05 11:00:00,Upper,113,113,159.1259612203,-31.4329771431,-3.9888591766,Vy,Mid-depth,m s$^{-1}$,-1.9403261296,-0.0040536547,0.0197355236,0.0237891783,4
2011-05-05 12:00:00,Upper,113,113,159.1259612203,-31.4329771431,-3.9888591766,Vy,Mid-depth,m s$^{-1}$,-1.9071193551,-0.0026216261,0.0228736170,0.0254952432,4
2011-05-05 13:00:00,Upper,113,113,159.1259612203,-31.4329771431,-3.9888591766,Vy,Mid-depth,m s$^{-1}$,-1.8878218742,0.0028501390,0.0272269862,0.0243768471,4
2011-05-05 14:00:00,Upper,113,113,159.1259612203,-31.4329771431,-3.9888591766,Vy,Mid-depth,m s$^{-1}$,-1.8852387766,0.0064969651,0.0302302622,0.0237332971,4
2011-05-05 15:00:00,Upper,113,113,159.1259612203,-31.4329771431,-3.9888591766,Vy,Mid-depth,m s$^{-1}$,-1.9013692667,0.0168775278,0.0362098548,0.0193323270,4
2011-05-05 16:00:00,Upper,113,113,159.1259612203,-31.4329771431,-3.9888591766,Vy,Mid-depth,m s$^{-1}$,-1.9371733459,0.0155253792,0.0373545939,0.0218292147,4
2011-05-05 17:00:00,Upper,113,113,159.1259612203,-31.4329771431,-3.9888591766,Vy,Mid-depth,m s$^{-1}$,-1.9693626222,0.0119321719,0.0370223706,0.0250901987,4
2011-05-05 18:00:00,Upper,113,113,159.1259612203,-31.4329771431,-3.9888591766,Vy,Mid-depth,m s$^{-1}$,-1.9965818751,0.0110201396,0.0358553203,0.0248351807,4
2011-05-05 19:00:00,Upper,113,113,159.1259612203,-31.4329771431,-3.9888591766,Vy,Mid-depth,m s$^{-1}$,-2.0156286807,0.0060095679,0.0338704830,0.0278609151,4
2011-05-05 20:00:00,Upper,113,113,159.1259612203,-31.4329771431,-3.9888591766,Vy,Mid-depth,m s$^{-1}$,-2.0179952215,-0.0028062551,0.0274656217,0.0302718768,4
2011-05-05 21:00:00,Upper,113,113,159.1259612203,-31.4329771431,-3.9888591766,Vy,Mid-depth,m s$^{-1}$,-1.9986837387,-0.0044255560,0.0232528288,0.0276783849,4
2011-05-05 22:00:00,Upper,113,113,159.1259612203,-31.4329771431,-3.9888591766,Vy,Mid-depth,m s$^{-1}$,-1.9671263959,-0.0103210040,0.0192838034,0.0296048075,4
2011-05-05 23:00:00,Upper,113,113,159.1259612203,-31.4329771431,-3.9888591766,Vy,Mid-depth,m s$^{-1}$,-1.9310868442,-0.0008780554,0.0228837240,0.0237617795,4
2011-05-06 00:00:00,Upper,113,113,159.1259612203,-31.4329771431,-3.9888591766,Vy,Mid-depth,m s$^{-1}$,-1.9056678672,-0.0062975287,0.0217185263,0.0280160550,4
2011-05-06 01:00:00,Upper,113,113,159.1259612203,-31.4329771431,-3.9888591766,Vy,Mid-depth,m s$^{-1}$,-1.8815436455,0.0030645236,0.0272398271,0.0241753035,4
2011-05-06 02:00:00,Upper,113,113,159.1259612203,-31.4329771431,-3.9888591766,Vy,Mid-depth,m s$^{-1}$,-1.8850677326,0.0080676751,0.0314591269,0.0233914517,4
2011-05-06 03:00:00,Upper,113,113,159.1259612203,-31.4329771431,-3.9888591766,Vy,Mid-depth,m s$^{-1}$,-1.9052286958,0.0164826127,0.0368791489,0.0203965361,4
2011-05-06 04:00:00,Upper,113,113,159.1259612203,-31.4329771431,-3.9888591766,Vy,Mid-depth,m s$^{-1}$,-1.9438448347,0.0131362686,0.0370675357,0.0239312671,4
2011-05-06 05:00:00,Upper,113,113,159.1259612203,-31.4329771431,-3.9888591766,Vy,Mid-depth,m s$^{-1}$,-1.9810659312,0.0195614160,0.0404575937,0.0208961777,4
2011-05-06 06:00:00,Upper,113,113,159.1259612203,-31.4329771431,-3.9888591766,Vy,Mid-depth,m s$^{-1}$,-2.0263655513,0.0107813585,0.0398433140,0.0290619556,4
2011-05-06 07:00:00,Upper,113,113,159.1259612203,-31.4329771431,-3.9888591766,Vy,Mid-depth,m s$^{-1}$,-2.0491225547,0.0061461363,0.0353228129,0.0291766766,4
2011-05-06 08:00:00,Upper,113,113,159.1259612203,-31.4329771431,-3.9888591766,Vy,Mid-depth,m s$^{-1}$,-2.0607272721,0.0026368755,0.0315392194,0.0289023439,4
2011-05-06 09:00:00,Upper,113,113,159.1259612203,-31.4329771431,-3.9888591766,Vy,Mid-depth,m s$^{-1}$,-2.0472140571,-0.0108245454,0.0221474978,0.0329720432,4
2011-05-06 10:00:00,Upper,113,113,159.1259612203,-31.4329771431,-3.9888591766,Vy,Mid-depth,m s$^{-1}$,-2.0085220373,-0.0113190456,0.0182885050,0.0296075506,4
2011-05-06 11:00:00,Upper,113,113,159.1259612203,-31.4329771431,-3.9888591766,Vy,Mid-depth,m s$^{-1}$,-1.9650095695,-0.0056041946,0.0200675456,0.0256717402,4
2011-05-06 12:00:00,Upper,113,113,159.1259612203,-31.4329771431,-3.9888591766,Vy,Mid-depth,m s$^{-1}$,-1.9232558470,-0.0103185576,0.0175001335,0.0278186911,4
2011-05-06 13:00:00,Upper,113,113,159.1259612203,-31.4329771431,-3.9888591766,Vy,Mid-depth,m s$^{-1}$,-1.8840292009,-0.0002190409,0.0226190504,0.0228380913,4
2011-05-06 14:00:00,Upper,113,113,159.1259612203,-31.4329771431,-3.9888591766,Vy,Mid-depth,m s$^{-1}$,-1.8724277274,0.0049557614,0.0274406510,0.0224848897,4
2011-05-06 15:00:00,Upper,113,113,159.1259612203,-31.4329771431,-3.9888591766,Vy,Mid-depth,m s$^{-1}$,-1.8756651703,0.0106604521,0.0314632426,0.0208027905,4
2011-05-06 16:00:00,Upper,113,113,159.1259612203,-31.4329771431,-3.9888591766,Vy,Mid-depth,m s$^{-1}$,-1.9014924361,0.0166424282,0.0361628515,0.0195204234,4
2011-05-06 17:00:00,Upper,113,113,159.1259612203,-31.4329771431,-3.9888591766,Vy,Mid-depth,m s$^{-1}$,-1.9365340424,0.0139445238,0.0370279248,0.0230834010,4
2011-05-06 18:00:00,Upper,113,113,159.1259612203,-31.4329771431,-3.9888591766,Vy,Mid-depth,m s$^{-1}$,-1.9694851842,0.0122989094,0.0367638266,0.0244649173,4
2011-05-06 19:00:00,Upper,113,113,159.1259612203,-31.4329771431,-3.9888591766,Vy,Mid-depth,m s$^{-1}$,-1.9986752589,0.0138229767,0.0369853899,0.0231624132,4
2011-05-06 20:00:00,Upper,113,113,159.1259612203,-31.4329771431,-3.9888591766,Vy,Mid-depth,m s$^{-1}$,-2.0222834032,0.0036580302,0.0339977456,0.0303397154,4
2011-05-06 21:00:00,Upper,113,113,159.1259612203,-31.4329771431,-3.9888591766,Vy,Mid-depth,m s$^{-1}$,-2.0199751453,-0.0068818895,0.0251800335,0.0320619230,4
2011-05-06 22:00:00,Upper,113,113,159.1259612203,-31.4329771431,-3.9888591766,Vy,Mid-depth,m s$^{-1}$,-1.9925447123,-0.0108455227,0.0200892590,0.0309347817,4
2011-05-06 23:00:00,Upper,113,113,159.1259612203,-31.4329771431,-3.9888591766,Vy,Mid-depth,m s$^{-1}$,-1.9548107866,-0.0077772556,0.0204239226,0.0282011782,4
2011-05-07 00:00:00,Upper,113,113,159.1259612203,-31.4329771431,-3.9888591766,Vy,Mid-depth,m s$^{-1}$,-1.9176673271,-0.0109643756,0.0185717890,0.0295361646,4
2011-05-01 01:00:00,Upper,113,113,159.1259612203,-31.4329771431,-3.9888591766,Vy,Near-bottom,m s$^{-1}$,-3.4888591766,0.0263333005,0.0193033370,-0.0070299634,3
2011-05-01 02:00:00,Upper,113,113,159.1259612203,-31.4329771431,-3.9888591766,Vy,Near-bottom,m s$^{-1}$,-3.4888591766,0.0017248643,0.0272632384,0.0255383740,3
2011-05-01 03:00:00,Upper,113,113,159.1259612203,-31.4329771431,-3.9888591766,Vy,Near-bottom,m s$^{-1}$,-3.4888591766,-0.0079653391,0.0242404344,0.0322057736,3
2011-05-01 04:00:00,Upper,113,113,159.1259612203,-31.4329771431,-3.9888591766,Vy,Near-bottom,m s$^{-1}$,-3.4888591766,-0.0061846280,0.0222525812,0.0284372092,3
2011-05-01 05:00:00,Upper,113,113,159.1259612203,-31.4329771431,-3.9888591766,Vy,Near-bottom,m s$^{-1}$,-3.4888591766,-0.0119151157,0.0168068786,0.0287219942,3
2011-05-01 06:00:00,Upper,113,113,159.1259612203,-31.4329771431,-3.9888591766,Vy,Near-bottom,m s$^{-1}$,-3.4888591766,-0.0086555115,0.0141304480,0.0227859595,3
2011-05-01 07:00:00,Upper,113,113,159.1259612203,-31.4329771431,-3.9888591766,Vy,Near-bottom,m s$^{-1}$,-3.4888591766,-0.0074344123,0.0140747727,0.0215091851,3
2011-05-01 08:00:00,Upper,113,113,159.1259612203,-31.4329771431,-3.9888591766,Vy,Near-bottom,m s$^{-1}$,-3.4888591766,-0.0083357830,0.0133491753,0.0216849582,3
2011-05-01 09:00:00,Upper,113,113,159.1259612203,-31.4329771431,-3.9888591766,Vy,Near-bottom,m s$^{-1}$,-3.4888591766,-0.0067325610,0.0149816420,0.0217142029,3
2011-05-01 10:00:00,Upper,113,113,159.1259612203,-31.4329771431,-3.9888591766,Vy,Near-bottom,m s$^{-1}$,-3.4888591766,-0.0058631466,0.0178613203,0.0237244670,3
2011-05-01 11:00:00,Upper,113,113,159.1259612203,-31.4329771431,-3.9888591766,Vy,Near-bottom,m s$^{-1}$,-3.4888591766,-0.0067384845,0.0195524953,0.0262909798,3
2011-05-01 12:00:00,Upper,113,113,159.1259612203,-31.4329771431,-3.9888591766,Vy,Near-bottom,m s$^{-1}$,-3.4888591766,-0.0034072382,0.0240450095,0.0274522477,3
2011-05-01 13:00:00,Upper,113,113,159.1259612203,-31.4329771431,-3.9888591766,Vy,Near-bottom,m s$^{-1}$,-3.4888591766,-0.0065267800,0.0251381781,0.0316649580,3
2011-05-01 14:00:00,Upper,113,113,159.1259612203,-31.4329771431,-3.9888591766,Vy,Near-bottom,m s$^{-1}$,-3.4888591766,-0.0074835854,0.0249754265,0.0324590119,3
2011-05-01 15:00:00,Upper,113,113,159.1259612203,-31.4329771431,-3.9888591766,Vy,Near-bottom,m s$^{-1}$,-3.4888591766,-0.0075970817,0.0245021768,0.0320992585,3
2011-05-01 16:00:00,Upper,113,113,159.1259612203,-31.4329771431,-3.9888591766,Vy,Near-bottom,m s$^{-1}$,-3.4888591766,-0.0110430975,0.0218119701,0.0328550675,3
2011-05-01 17:00:00,Upper,113,113,159.1259612203,-31.4329771431,-3.9888591766,Vy,Near-bottom,m s$^{-1}$,-3.4888591766,-0.0100824288,0.0197301267,0.0298125555,3
2011-05-01 18:00:00,Upper,113,113,159.1259612203,-31.4329771431,-3.9888591766,Vy,Near-bottom,m s$^{-1}$,-3.4888591766,-0.0136292067,0.0152458296,0.0288750363,3
2011-05-01 19:00:00,Upper,113,113,159.1259612203,-31.4329771431,-3.9888591766,Vy,Near-bottom,m s$^{-1}$,-3.4888591766,-0.0094834340,0.0163564095,0.0258398435,3
2011-05-01 20:00:00,Upper,113,113,159.1259612203,-31.4329771431,-3.9888591766,Vy,Near-bottom,m s$^{-1}$,-3.4888591766,-0.0095065163,0.0167506729,0.0262571891,3
2011-05-01 21:00:00,Upper,113,113,159.1259612203,-31.4329771431,-3.9888591766,Vy,Near-bottom,m s$^{-1}$,-3.4888591766,-0.0060028831,0.0177839847,0.0237868678,3
2011-05-01 22:00:00,Upper,113,113,159.1259612203,-31.4329771431,-3.9888591766,Vy,Near-bottom,m s$^{-1}$,-3.4888591766,-0.0032993305,0.0214360093,0.0247353398,3
2011-05-01 23:00:00,Upper,113,113,159.1259612203,-31.4329771431,-3.9888591766,Vy,Near-bottom,m s$^{-1}$,-3.4888591766,-0.0020973571,0.0247192756,0.0268166326,3
2011-05-02 00:00:00,Upper,113,113,159.1259612203,-31.4329771431,-3.9888591766,Vy,Near-bottom,m s$^{-1}$,-3.4888591766,-0.0029850722,0.0264703434,0.0294554156,3
2011-05-02 01:00:00,Upper,113,113,159.1259612203,-31.4329771431,-3.9888591766,Vy,Near-bottom,m s$^{-1}$,-3.4888591766,-0.0034033243,0.0276860679,0.0310893922,3
2011-05-02 02:00:00,Upper,113,113,159.1259612203,-31.4329771431,-3.9888591766,Vy,Near-bottom,m s$^{-1}$,-3.4888591766,-0.0084262758,0.0272220763,0.0356483522,3
2011-05-02 03:00:00,Upper,113,113,159.1259612203,-31.4329771431,-3.9888591766,Vy,Near-bottom,m s$^{-1}$,-3.4888591766,-0.0103634059,0.0263445517,0.0367079576,3
2011-05-02 04:00:00,Upper,113,113,159.1259612203,-31.4329771431,-3.9888591766,Vy,Near-bottom,m s$^{-1}$,-3.4888591766,-0.0165606073,0.0247908654,0.0413514727,3
2011-05-02 05:00:00,Upper,113,113,159.1259612203,-31.4329771431,-3.9888591766,Vy,Near-bottom,m s$^{-1}$,-3.4888591766,-0.0219928167,0.0214518743,0.0434446910,3
2011-05-02 06:00:00,Upper,113,113,159.1259612203,-31.4329771431,-3.9888591766,Vy,Near-bottom,m s$^{-1}$,-3.4888591766,-0.0238003084,0.0180208015,0.0418211099,3
2011-05-02 07:00:00,Upper,113,113,159.1259612203,-31.4329771431,-3.9888591766,Vy,Near-bottom,m s$^{-1}$,-3.4888591766,-0.0239586606,0.0154484630,0.0394071236,3
2011-05-02 08:00:00,Upper,113,113,159.1259612203,-31.4329771431,-3.9888591766,Vy,Near-bottom,m s$^{-1}$,-3.4888591766,-0.0210750664,0.0157122252,0.0367872916,3
2011-05-02 09:00:00,Upper,113,113,159.1259612203,-31.4329771431,-3.9888591766,Vy,Near-bottom,m s$^{-1}$,-3.4888591766,-0.0184543906,0.0169645603,0.0354189509,3
2011-05-02 10:00:00,Upper,113,113,159.1259612203,-31.4329771431,-3.9888591766,Vy,Near-bottom,m s$^{-1}$,-3.4888591766,-0.0151260636,0.0190085076,0.0341345712,3
2011-05-02 11:00:00,Upper,113,113,159.1259612203,-31.4329771431,-3.9888591766,Vy,Near-bottom,m s$^{-1}$,-3.4888591766,-0.0128774744,0.0220693968,0.0349468712,3
2011-05-02 12:00:00,Upper,113,113,159.1259612203,-31.4329771431,-3.9888591766,Vy,Near-bottom,m s$^{-1}$,-3.4888591766,-0.0120155695,0.0244726354,0.0364882049,3
2011-05-02 13:00:00,Upper,113,113,159.1259612203,-31.4329771431,-3.9888591766,Vy,Near-bottom,m s$^{-1}$,-3.4888591766,-0.0106282493,0.0264778715,0.0371061209,3
2011-05-02 14:00:00,Upper,113,113,159.1259612203,-31.4329771431,-3.9888591766,Vy,Near-bottom,m s$^{-1}$,-3.4888591766,-0.0136033701,0.0269015141,0.0405048842,3
2011-05-02 15:00:00,Upper,113,113,159.1259612203,-31.4329771431,-3.9888591766,Vy,Near-bottom,m s$^{-1}$,-3.4888591766,-0.0143855923,0.0262467373,0.0406323296,3
2011-05-02 16:00:00,Upper,113,113,159.1259612203,-31.4329771431,-3.9888591766,Vy,Near-bottom,m s$^{-1}$,-3.4888591766,-0.0150322899,0.0244374222,0.0394697121,3
2011-05-02 17:00:00,Upper,113,113,159.1259612203,-31.4329771431,-3.9888591766,Vy,Near-bottom,m s$^{-1}$,-3.4888591766,-0.0134659388,0.0236398987,0.0371058375,3
2011-05-02 18:00:00,Upper,113,113,159.1259612203,-31.4329771431,-3.9888591766,Vy,Near-bottom,m s$^{-1}$,-3.4888591766,-0.0173718684,0.0189393539,0.0363112223,3
2011-05-02 19:00:00,Upper,113,113,159.1259612203,-31.4329771431,-3.9888591766,Vy,Near-bottom,m s$^{-1}$,-3.4888591766,-0.0144000635,0.0163679808,0.0307680443,3
2011-05-02 20:00:00,Upper,113,113,159.1259612203,-31.4329771431,-3.9888591766,Vy,Near-bottom,m s$^{-1}$,-3.4888591766,-0.0135119051,0.0166558903,0.0301677954,3
2011-05-02 21:00:00,Upper,113,113,159.1259612203,-31.4329771431,-3.9888591766,Vy,Near-bottom,m s$^{-1}$,-3.4888591766,-0.0110932594,0.0167009616,0.0277942210,3
2011-05-02 22:00:00,Upper,113,113,159.1259612203,-31.4329771431,-3.9888591766,Vy,Near-bottom,m s$^{-1}$,-3.4888591766,-0.0089081489,0.0190073939,0.0279155428,3
2011-05-02 23:00:00,Upper,113,113,159.1259612203,-31.4329771431,-3.9888591766,Vy,Near-bottom,m s$^{-1}$,-3.4888591766,-0.0084527629,0.0220334690,0.0304862319,3
2011-05-03 00:00:00,Upper,113,113,159.1259612203,-31.4329771431,-3.9888591766,Vy,Near-bottom,m s$^{-1}$,-3.4888591766,-0.0065999431,0.0253312186,0.0319311617,3
2011-05-03 01:00:00,Upper,113,113,159.1259612203,-31.4329771431,-3.9888591766,Vy,Near-bottom,m s$^{-1}$,-3.4888591766,-0.0089040514,0.0261334206,0.0350374720,3
2011-05-03 02:00:00,Upper,113,113,159.1259612203,-31.4329771431,-3.9888591766,Vy,Near-bottom,m s$^{-1}$,-3.4888591766,-0.0084141067,0.0276241601,0.0360382667,3
2011-05-03 03:00:00,Upper,113,113,159.1259612203,-31.4329771431,-3.9888591766,Vy,Near-bottom,m s$^{-1}$,-3.4888591766,-0.0123996771,0.0272324292,0.0396321063,3
2011-05-03 04:00:00,Upper,113,113,159.1259612203,-31.4329771431,-3.9888591766,Vy,Near-bottom,m s$^{-1}$,-3.4888591766,-0.0107003384,0.0263638754,0.0370642137,3
2011-05-03 05:00:00,Upper,113,113,159.1259612203,-31.4329771431,-3.9888591766,Vy,Near-bottom,m s$^{-1}$,-3.4888591766,-0.0115979565,0.0257459335,0.0373438900,3
2011-05-03 06:00:00,Upper,113,113,159.1259612203,-31.4329771431,-3.9888591766,Vy,Near-bottom,m s$^{-1}$,-3.4888591766,-0.0160235901,0.0203408807,0.0363644708,3
2011-05-03 07:00:00,Upper,113,113,159.1259612203,-31.4329771431,-3.9888591766,Vy,Near-bottom,m s$^{-1}$,-3.4888591766,-0.0123378848,0.0170569991,0.0293948838,3
2011-05-03 08:00:00,Upper,113,113,159.1259612203,-31.4329771431,-3.9888591766,Vy,Near-bottom,m s$^{-1}$,-3.4888591766,-0.0133600879,0.0158488089,0.0292088968,3
2011-05-03 09:00:00,Upper,113,113,159.1259612203,-31.4329771431,-3.9888591766,Vy,Near-bottom,m s$^{-1}$,-3.4888591766,-0.0121908486,0.0141412277,0.0263320763,3
2011-05-03 10:00:00,Upper,113,113,159.1259612203,-31.4329771431,-3.9888591766,Vy,Near-bottom,m s$^{-1}$,-3.4888591766,-0.0069941226,0.0168128868,0.0238070094,3
2011-05-03 11:00:00,Upper,113,113,159.1259612203,-31.4329771431,-3.9888591766,Vy,Near-bottom,m s$^{-1}$,-3.4888591766,-0.0085480602,0.0185391594,0.0270872196,3
2011-05-03 12:00:00,Upper,113,113,159.1259612203,-31.4329771431,-3.9888591766,Vy,Near-bottom,m s$^{-1}$,-3.4888591766,-0.0046845721,0.0226263736,0.0273109458,3
2011-05-03 13:00:00,Upper,113,113,159.1259612203,-31.4329771431,-3.9888591766,Vy,Near-bottom,m s$^{-1}$,-3.4888591766,-0.0067554169,0.0245645527,0.0313199696,3
2011-05-03 14:00:00,Upper,113,113,159.1259612203,-31.4329771431,-3.9888591766,Vy,Near-bottom,m s$^{-1}$,-3.4888591766,-0.0051884809,0.0258353770,0.0310238578,3
2011-05-03 15:00:00,Upper,113,113,159.1259612203,-31.4329771431,-3.9888591766,Vy,Near-bottom,m s$^{-1}$,-3.4888591766,-0.0076364854,0.0266103659,0.0342468513,3
2011-05-03 16:00:00,Upper,113,113,159.1259612203,-31.4329771431,-3.9888591766,Vy,Near-bottom,m s$^{-1}$,-3.4888591766,-0.0092868502,0.0260799823,0.0353668326,3
2011-05-03 17:00:00,Upper,113,113,159.1259612203,-31.4329771431,-3.9888591766,Vy,Near-bottom,m s$^{-1}$,-3.4888591766,-0.0089687926,0.0252877741,0.0342565668,3
2011-05-03 18:00:00,Upper,113,113,159.1259612203,-31.4329771431,-3.9888591766,Vy,Near-bottom,m s$^{-1}$,-3.4888591766,-0.0137872159,0.0212349674,0.0350221833,3
2011-05-03 19:00:00,Upper,113,113,159.1259612203,-31.4329771431,-3.9888591766,Vy,Near-bottom,m s$^{-1}$,-3.4888591766,-0.0097531890,0.0191474560,0.0289006450,3
2011-05-03 20:00:00,Upper,113,113,159.1259612203,-31.4329771431,-3.9888591766,Vy,Near-bottom,m s$^{-1}$,-3.4888591766,-0.0132629645,0.0160572191,0.0293201837,3
2011-05-03 21:00:00,Upper,113,113,159.1259612203,-31.4329771431,-3.9888591766,Vy,Near-bottom,m s$^{-1}$,-3.4888591766,-0.0104325202,0.0148954022,0.0253279224,3
2011-05-03 22:00:00,Upper,113,113,159.1259612203,-31.4329771431,-3.9888591766,Vy,Near-bottom,m s$^{-1}$,-3.4888591766,-0.0078117200,0.0165931441,0.0244048641,3
2011-05-03 23:00:00,Upper,113,113,159.1259612203,-31.4329771431,-3.9888591766,Vy,Near-bottom,m s$^{-1}$,-3.4888591766,-0.0071825189,0.0183368710,0.0255193899,3
2011-05-04 00:00:00,Upper,113,113,159.1259612203,-31.4329771431,-3.9888591766,Vy,Near-bottom,m s$^{-1}$,-3.4888591766,-0.0046787910,0.0223818459,0.0270606369,3
2011-05-04 01:00:00,Upper,113,113,159.1259612203,-31.4329771431,-3.9888591766,Vy,Near-bottom,m s$^{-1}$,-3.4888591766,-0.0063715297,0.0242987907,0.0306703204,3
2011-05-04 02:00:00,Upper,113,113,159.1259612203,-31.4329771431,-3.9888591766,Vy,Near-bottom,m s$^{-1}$,-3.4888591766,-0.0042871782,0.0263578554,0.0306450336,3
2011-05-04 03:00:00,Upper,113,113,159.1259612203,-31.4329771431,-3.9888591766,Vy,Near-bottom,m s$^{-1}$,-3.4888591766,-0.0063330236,0.0279881450,0.0343211686,3
2011-05-04 04:00:00,Upper,113,113,159.1259612203,-31.4329771431,-3.9888591766,Vy,Near-bottom,m s$^{-1}$,-3.4888591766,-0.0100037513,0.0269484239,0.0369521752,3
2011-05-04 05:00:00,Upper,113,113,159.1259612203,-31.4329771431,-3.9888591766,Vy,Near-bottom,m s$^{-1}$,-3.4888591766,-0.0082062027,0.0260217690,0.0342279717,3
2011-05-04 06:00:00,Upper,113,113,159.1259612203,-31.4329771431,-3.9888591766,Vy,Near-bottom,m s$^{-1}$,-3.4888591766,-0.0108356102,0.0246154627,0.0354510729,3
2011-05-04 07:00:00,Upper,113,113,159.1259612203,-31.4329771431,-3.9888591766,Vy,Near-bottom,m s$^{-1}$,-3.4888591766,-0.0123549259,0.0200059925,0.0323609183,3
2011-05-04 08:00:00,Upper,113,113,159.1259612203,-31.4329771431,-3.9888591766,Vy,Near-bottom,m s$^{-1}$,-3.4888591766,-0.0123256909,0.0155274201,0.0278531109,3
2011-05-04 09:00:00,Upper,113,113,159.1259612203,-31.4329771431,-3.9888591766,Vy,Near-bottom,m s$^{-1}$,-3.4888591766,-0.0114894520,0.0136944331,0.0251838851,3
2011-05-04 10:00:00,Upper,113,113,159.1259612203,-31.4329771431,-3.9888591766,Vy,Near-bottom,m s$^{-1}$,-3.4888591766,-0.0072226596,0.0141644607,0.0213871203,3
2011-05-04 11:00:00,Upper,113,113,159.1259612203,-31.4329771431,-3.9888591766,Vy,Near-bottom,m s$^{-1}$,-3.4888591766,-0.0024542251,0.0165294761,0.0189837011,3
2011-05-04 12:00:00,Upper,113,113,159.1259612203,-31.4329771431,-3.9888591766,Vy,Near-bottom,m s$^{-1}$,-3.4888591766,0.0008005464,0.0201759533,0.0193754069,3
2011-05-04 13:00:00,Upper,113,113,159.1259612203,-31.4329771431,-3.9888591766,Vy,Near-bottom,m s$^{-1}$,-3.4888591766,-0.0037761310,0.0216137750,0.0253899060,3
2011-05-04 14:00:00,Upper,113,113,159.1259612203,-31.4329771431,-3.9888591766,Vy,Near-bottom,m s$^{-1}$,-3.4888591766,-0.0031913738,0.0250573471,0.0282487209,3
2011-05-04 15:00:00,Upper,113,113,159.1259612203,-31.4329771431,-3.9888591766,Vy,Near-bottom,m s$^{-1}$,-3.4888591766,-0.0069082812,0.0261167402,0.0330250214,3
2011-05-04 16:00:00,Upper,113,113,159.1259612203,-31.4329771431,-3.9888591766,Vy,Near-bottom,m s$^{-1}$,-3.4888591766,-0.0090260935,0.0261077526,0.0351338462,3
2011-05-04 17:00:00,Upper,113,113,159.1259612203,-31.4329771431,-3.9888591766,Vy,Near-bottom,m s$^{-1}$,-3.4888591766,-0.0102734947,0.0254515311,0.0357250259,3
2011-05-04 18:00:00,Upper,113,113,159.1259612203,-31.4329771431,-3.9888591766,Vy,Near-bottom,m s$^{-1}$,-3.4888591766,-0.0096430713,0.0247763798,0.0344194510,3
2011-05-04 19:00:00,Upper,113,113,159.1259612203,-31.4329771431,-3.9888591766,Vy,Near-bottom,m s$^{-1}$,-3.4888591766,-0.0119819180,0.0220068857,0.0339888037,3
2011-05-04 20:00:00,Upper,113,113,159.1259612203,-31.4329771431,-3.9888591766,Vy,Near-bottom,m s$^{-1}$,-3.4888591766,-0.0125478671,0.0169201202,0.0294679873,3
2011-05-04 21:00:00,Upper,113,113,159.1259612203,-31.4329771431,-3.9888591766,Vy,Near-bottom,m s$^{-1}$,-3.4888591766,-0.0119386351,0.0148376828,0.0267763179,3
2011-05-04 22:00:00,Upper,113,113,159.1259612203,-31.4329771431,-3.9888591766,Vy,Near-bottom,m s$^{-1}$,-3.4888591766,-0.0088492838,0.0162034206,0.0250527044,3
2011-05-04 23:00:00,Upper,113,113,159.1259612203,-31.4329771431,-3.9888591766,Vy,Near-bottom,m s$^{-1}$,-3.4888591766,-0.0083886494,0.0156770108,0.0240656602,3
2011-05-05 00:00:00,Upper,113,113,159.1259612203,-31.4329771431,-3.9888591766,Vy,Near-bottom,m s$^{-1}$,-3.4888591766,-0.0044252507,0.0192153037,0.0236405544,3
2011-05-05 01:00:00,Upper,113,113,159.1259612203,-31.4329771431,-3.9888591766,Vy,Near-bottom,m s$^{-1}$,-3.4888591766,-0.0061525987,0.0215180583,0.0276706569,3
2011-05-05 02:00:00,Upper,113,113,159.1259612203,-31.4329771431,-3.9888591766,Vy,Near-bottom,m s$^{-1}$,-3.4888591766,-0.0028594732,0.0248863158,0.0277457890,3
2011-05-05 03:00:00,Upper,113,113,159.1259612203,-31.4329771431,-3.9888591766,Vy,Near-bottom,m s$^{-1}$,-3.4888591766,-0.0064209234,0.0259069373,0.0323278607,3
2011-05-05 04:00:00,Upper,113,113,159.1259612203,-31.4329771431,-3.9888591766,Vy,Near-bottom,m s$^{-1}$,-3.4888591766,-0.0043669520,0.0278488673,0.0322158194,3
2011-05-05 05:00:00,Upper,113,113,159.1259612203,-31.4329771431,-3.9888591766,Vy,Near-bottom,m s$^{-1}$,-3.4888591766,-0.0097672942,0.0270252454,0.0367925396,3
2011-05-05 06:00:00,Upper,113,113,159.1259612203,-31.4329771431,-3.9888591766,Vy,Near-bottom,m s$^{-1}$,-3.4888591766,-0.0073120486,0.0259706706,0.0332827192,3
2011-05-05 07:00:00,Upper,113,113,159.1259612203,-31.4329771431,-3.9888591766,Vy,Near-bottom,m s$^{-1}$,-3.4888591766,-0.0131343502,0.0225750068,0.0357093570,3
2011-05-05 08:00:00,Upper,113,113,159.1259612203,-31.4329771431,-3.9888591766,Vy,Near-bottom,m s$^{-1}$,-3.4888591766,-0.0102526161,0.0185970904,0.0288497065,3
2011-05-05 09:00:00,Upper,113,113,159.1259612203,-31.4329771431,-3.9888591766,Vy,Near-bottom,m s$^{-1}$,-3.4888591766,-0.0122896662,0.0159041119,0.0281937781,3
2011-05-05 10:00:00,Upper,113,113,159.1259612203,-31.4329771431,-3.9888591766,Vy,Near-bottom,m s$^{-1}$,-3.4888591766,-0.0115116261,0.0135558210,0.0250674471,3
2011-05-05 11:00:00,Upper,113,113,159.1259612203,-31.4329771431,-3.9888591766,Vy,Near-bottom,m s$^{-1}$,-3.4888591766,-0.0084474705,0.0139309004,0.0223783709,3
2011-05-05 12:00:00,Upper,113,113,159.1259612203,-31.4329771431,-3.9888591766,Vy,Near-bottom,m s$^{-1}$,-3.4888591766,-0.0062170931,0.0161733724,0.0223904655,3
2011-05-05 13:00:00,Upper,113,113,159.1259612203,-31.4329771431,-3.9888591766,Vy,Near-bottom,m s$^{-1}$,-3.4888591766,-0.0050761689,0.0189888674,0.0240650363,3
2011-05-05 14:00:00,Upper,113,113,159.1259612203,-31.4329771431,-3.9888591766,Vy,Near-bottom,m s$^{-1}$,-3.4888591766,-0.0058943794,0.0210469622,0.0269413416,3
2011-05-05 15:00:00,Upper,113,113,159.1259612203,-31.4329771431,-3.9888591766,Vy,Near-bottom,m s$^{-1}$,-3.4888591766,-0.0021997374,0.0254923434,0.0276920808,3
2011-05-05 16:00:00,Upper,113,113,159.1259612203,-31.4329771431,-3.9888591766,Vy,Near-bottom,m s$^{-1}$,-3.4888591766,-0.0067204594,0.0265822091,0.0333026685,3
2011-05-05 17:00:00,Upper,113,113,159.1259612203,-31.4329771431,-3.9888591766,Vy,Near-bottom,m s$^{-1}$,-3.4888591766,-0.0083430362,0.0262104623,0.0345534985,3
2011-05-05 18:00:00,Upper,113,113,159.1259612203,-31.4329771431,-3.9888591766,Vy,Near-bottom,m s$^{-1}$,-3.4888591766,-0.0087543201,0.0253534006,0.0341077207,3
2011-05-05 19:00:00,Upper,113,113,159.1259612203,-31.4329771431,-3.9888591766,Vy,Near-bottom,m s$^{-1}$,-3.4888591766,-0.0106423708,0.0239381415,0.0345805123,3
2011-05-05 20:00:00,Upper,113,113,159.1259612203,-31.4329771431,-3.9888591766,Vy,Near-bottom,m s$^{-1}$,-3.4888591766,-0.0127797668,0.0194932943,0.0322730610,3
2011-05-05 21:00:00,Upper,113,113,159.1259612203,-31.4329771431,-3.9888591766,Vy,Near-bottom,m s$^{-1}$,-3.4888591766,-0.0116803393,0.0165047364,0.0281850757,3
2011-05-05 22:00:00,Upper,113,113,159.1259612203,-31.4329771431,-3.9888591766,Vy,Near-bottom,m s$^{-1}$,-3.4888591766,-0.0125734280,0.0137244103,0.0262978382,3
2011-05-05 23:00:00,Upper,113,113,159.1259612203,-31.4329771431,-3.9888591766,Vy,Near-bottom,m s$^{-1}$,-3.4888591766,-0.0079313534,0.0163116864,0.0242430398,3
2011-05-06 00:00:00,Upper,113,113,159.1259612203,-31.4329771431,-3.9888591766,Vy,Near-bottom,m s$^{-1}$,-3.4888591766,-0.0094637916,0.0154008561,0.0248646477,3
2011-05-06 01:00:00,Upper,113,113,159.1259612203,-31.4329771431,-3.9888591766,Vy,Near-bottom,m s$^{-1}$,-3.4888591766,-0.0046859480,0.0190340195,0.0237199675,3
2011-05-06 02:00:00,Upper,113,113,159.1259612203,-31.4329771431,-3.9888591766,Vy,Near-bottom,m s$^{-1}$,-3.4888591766,-0.0065539069,0.0220643898,0.0286182967,3
2011-05-06 03:00:00,Upper,113,113,159.1259612203,-31.4329771431,-3.9888591766,Vy,Near-bottom,m s$^{-1}$,-3.4888591766,-0.0028894011,0.0260175354,0.0289069365,3
2011-05-06 04:00:00,Upper,113,113,159.1259612203,-31.4329771431,-3.9888591766,Vy,Near-bottom,m s$^{-1}$,-3.4888591766,-0.0090138755,0.0263480988,0.0353619744,3
2011-05-06 05:00:00,Upper,113,113,159.1259612203,-31.4329771431,-3.9888591766,Vy,Near-bottom,m s$^{-1}$,-3.4888591766,-0.0049906137,0.0285088644,0.0334994782,3
2011-05-06 06:00:00,Upper,113,113,159.1259612203,-31.4329771431,-3.9888591766,Vy,Near-bottom,m s$^{-1}$,-3.4888591766,-0.0106933355,0.0281091534,0.0388024889,3
2011-05-06 07:00:00,Upper,113,113,159.1259612203,-31.4329771431,-3.9888591766,Vy,Near-bottom,m s$^{-1}$,-3.4888591766,-0.0104490137,0.0249333225,0.0353823362,3
2011-05-06 08:00:00,Upper,113,113,159.1259612203,-31.4329771431,-3.9888591766,Vy,Near-bottom,m s$^{-1}$,-3.4888591766,-0.0120724404,0.0222964434,0.0343688838,3
2011-05-06 09:00:00,Upper,113,113,159.1259612203,-31.4329771431,-3.9888591766,Vy,Near-bottom,m s$^{-1}$,-3.4888591766,-0.0143864359,0.0157919034,0.0301783393,3
2011-05-06 10:00:00,Upper,113,113,159.1259612203,-31.4329771431,-3.9888591766,Vy,Near-bottom,m s$^{-1}$,-3.4888591766,-0.0125053577,0.0130417053,0.0255470630,3
2011-05-06 11:00:00,Upper,113,113,159.1259612203,-31.4329771431,-3.9888591766,Vy,Near-bottom,m s$^{-1}$,-3.4888591766,-0.0091520244,0.0142708869,0.0234229113,3
2011-05-06 12:00:00,Upper,113,113,159.1259612203,-31.4329771431,-3.9888591766,Vy,Near-bottom,m s$^{-1}$,-3.4888591766,-0.0108553640,0.0125942119,0.0234495759,3
2011-05-06 13:00:00,Upper,113,113,159.1259612203,-31.4329771431,-3.9888591766,Vy,Near-bottom,m s$^{-1}$,-3.4888591766,-0.0039176909,0.0160813053,0.0199989962,3
2011-05-06 14:00:00,Upper,113,113,159.1259612203,-31.4329771431,-3.9888591766,Vy,Near-bottom,m s$^{-1}$,-3.4888591766,-0.0062224029,0.0197122052,0.0259346081,3
2011-05-06 15:00:00,Upper,113,113,159.1259612203,-31.4329771431,-3.9888591766,Vy,Near-bottom,m s$^{-1}$,-3.4888591766,-0.0042687876,0.0226399107,0.0269086983,3
2011-05-06 16:00:00,Upper,113,113,159.1259612203,-31.4329771431,-3.9888591766,Vy,Near-bottom,m s$^{-1}$,-3.4888591766,-0.0039580131,0.0257368320,0.0296948452,3
2011-05-06 17:00:00,Upper,113,113,159.1259612203,-31.4329771431,-3.9888591766,Vy,Near-bottom,m s$^{-1}$,-3.4888591766,-0.0072094563,0.0264608347,0.0336702910,3
2011-05-06 18:00:00,Upper,113,113,159.1259612203,-31.4329771431,-3.9888591766,Vy,Near-bottom,m s$^{-1}$,-3.4888591766,-0.0084815651,0.0260336475,0.0345152126,3
2011-05-06 19:00:00,Upper,113,113,159.1259612203,-31.4329771431,-3.9888591766,Vy,Near-bottom,m s$^{-1}$,-3.4888591766,-0.0075158991,0.0261035952,0.0336194943,3
2011-05-06 20:00:00,Upper,113,113,159.1259612203,-31.4329771431,-3.9888591766,Vy,Near-bottom,m s$^{-1}$,-3.4888591766,-0.0121198388,0.0240184947,0.0361383335,3
2011-05-06 21:00:00,Upper,113,113,159.1259612203,-31.4329771431,-3.9888591766,Vy,Near-bottom,m s$^{-1}$,-3.4888591766,-0.0137710522,0.0178850266,0.0316560788,3
2011-05-06 22:00:00,Upper,113,113,159.1259612203,-31.4329771431,-3.9888591766,Vy,Near-bottom,m s$^{-1}$,-3.4888591766,-0.0136173185,0.0142635038,0.0278808223,3
2011-05-06 23:00:00,Upper,113,113,159.1259612203,-31.4329771431,-3.9888591766,Vy,Near-bottom,m s$^{-1}$,-3.4888591766,-0.0108950973,0.0144977101,0.0253928075,3
2011-05-07 00:00:00,Upper,113,113,159.1259612203,-31.4329771431,-3.9888591766,Vy,Near-bottom,m s$^{-1}$,-3.4888591766,-0.0105072659,0.0133909367,0.0238982026,3
2011-05-01 01:00:00,Upper,113,113,159.1259612203,-31.4329771431,-3.9888591766,Vy,Surface,m s$^{-1}$,-0.4003248360,0.0269664801,0.0275950819,0.0006286018,4
2011-05-01 02:00:00,Upper,113,113,159.1259612203,-31.4329771431,-3.9888591766,Vy,Surface,m s$^{-1}$,-0.5613587075,0.0418401578,0.0379545634,-0.0038855944,4
2011-05-01 03:00:00,Upper,113,113,159.1259612203,-31.4329771431,-3.9888591766,Vy,Surface,m s$^{-1}$,-0.5668767782,0.0453239423,0.0336097410,-0.0117142012,4
2011-05-01 04:00:00,Upper,113,113,159.1259612203,-31.4329771431,-3.9888591766,Vy,Surface,m s$^{-1}$,-0.6011849296,0.0832656348,0.0309952643,-0.0522703705,4
2011-05-01 05:00:00,Upper,113,113,159.1259612203,-31.4329771431,-3.9888591766,Vy,Surface,m s$^{-1}$,-0.5625981109,0.0616562856,0.0245365728,-0.0371197128,4
2011-05-01 06:00:00,Upper,113,113,159.1259612203,-31.4329771431,-3.9888591766,Vy,Surface,m s$^{-1}$,-0.5161941787,0.0630882069,0.0222577136,-0.0408304933,4
2011-05-01 07:00:00,Upper,113,113,159.1259612203,-31.4329771431,-3.9888591766,Vy,Surface,m s$^{-1}$,-0.4480230727,0.0676819036,0.0249542756,-0.0427276279,4
2011-05-01 08:00:00,Upper,113,113,159.1259612203,-31.4329771431,-3.9888591766,Vy,Surface,m s$^{-1}$,-0.3883335693,0.0724102178,0.0259362408,-0.0464739771,4
2011-05-01 09:00:00,Upper,113,113,159.1259612203,-31.4329771431,-3.9888591766,Vy,Surface,m s$^{-1}$,-0.3385529582,0.0802909217,0.0288580447,-0.0514328770,4
2011-05-01 10:00:00,Upper,113,113,159.1259612203,-31.4329771431,-3.9888591766,Vy,Surface,m s$^{-1}$,-0.3208229543,0.0836374888,0.0320552315,-0.0515822573,4
2011-05-01 11:00:00,Upper,113,113,159.1259612203,-31.4329771431,-3.9888591766,Vy,Surface,m s$^{-1}$,-0.3267285877,0.0833094552,0.0329778826,-0.0503315727,4
2011-05-01 12:00:00,Upper,113,113,159.1259612203,-31.4329771431,-3.9888591766,Vy,Surface,m s$^{-1}$,-0.3605018249,0.0905529733,0.0380827633,-0.0524702100,4
2011-05-01 13:00:00,Upper,113,113,159.1259612203,-31.4329771431,-3.9888591766,Vy,Surface,m s$^{-1}$,-0.4239021944,0.0850666447,0.0385263967,-0.0465402481,4
2011-05-01 14:00:00,Upper,113,113,159.1259612203,-31.4329771431,-3.9888591766,Vy,Surface,m s$^{-1}$,-0.4764399215,0.0803941035,0.0377461890,-0.0426479145,4
2011-05-01 15:00:00,Upper,113,113,159.1259612203,-31.4329771431,-3.9888591766,Vy,Surface,m s$^{-1}$,-0.5197666910,0.0781860776,0.0367135588,-0.0414725188,4
2011-05-01 16:00:00,Upper,113,113,159.1259612203,-31.4329771431,-3.9888591766,Vy,Surface,m s$^{-1}$,-0.5425794470,0.0701404222,0.0325403132,-0.0376001090,4
2011-05-01 17:00:00,Upper,113,113,159.1259612203,-31.4329771431,-3.9888591766,Vy,Surface,m s$^{-1}$,-0.5321040564,0.0697865825,0.0294010417,-0.0403855408,4
2011-05-01 18:00:00,Upper,113,113,159.1259612203,-31.4329771431,-3.9888591766,Vy,Surface,m s$^{-1}$,-0.4966329742,0.0584247699,0.0228546191,-0.0355701508,4
2011-05-01 19:00:00,Upper,113,113,159.1259612203,-31.4329771431,-3.9888591766,Vy,Surface,m s$^{-1}$,-0.4261363209,0.0640975713,0.0245763724,-0.0395211989,4
2011-05-01 20:00:00,Upper,113,113,159.1259612203,-31.4329771431,-3.9888591766,Vy,Surface,m s$^{-1}$,-0.3718319489,0.0654427116,0.0250718570,-0.0403708546,4
2011-05-01 21:00:00,Upper,113,113,159.1259612203,-31.4329771431,-3.9888591766,Vy,Surface,m s$^{-1}$,-0.3145462078,0.0737277476,0.0267723491,-0.0469553985,4
2011-05-01 22:00:00,Upper,113,113,159.1259612203,-31.4329771431,-3.9888591766,Vy,Surface,m s$^{-1}$,-0.2875354776,0.0838744144,0.0320407441,-0.0518336702,4
2011-05-01 23:00:00,Upper,113,113,159.1259612203,-31.4329771431,-3.9888591766,Vy,Surface,m s$^{-1}$,-0.2962630024,0.0905949110,0.0365534193,-0.0540414917,4
2011-05-02 00:00:00,Upper,113,113,159.1259612203,-31.4329771431,-3.9888591766,Vy,Surface,m s$^{-1}$,-0.3414632784,0.0944829625,0.0389175325,-0.0555654300,4
2011-05-02 01:00:00,Upper,113,113,159.1259612203,-31.4329771431,-3.9888591766,Vy,Surface,m s$^{-1}$,-0.4043796437,0.0982073810,0.0407033532,-0.0575040278,4
2011-05-02 02:00:00,Upper,113,113,159.1259612203,-31.4329771431,-3.9888591766,Vy,Surface,m s$^{-1}$,-0.4732310922,0.0950631246,0.0400842729,-0.0549788516,4
2011-05-02 03:00:00,Upper,113,113,159.1259612203,-31.4329771431,-3.9888591766,Vy,Surface,m s$^{-1}$,-0.5240184981,0.0957782262,0.0386507769,-0.0571274492,4
2011-05-02 04:00:00,Upper,113,113,159.1259612203,-31.4329771431,-3.9888591766,Vy,Surface,m s$^{-1}$,-0.5647749884,0.0921232248,0.0362794667,-0.0558437581,4
2011-05-02 05:00:00,Upper,113,113,159.1259612203,-31.4329771431,-3.9888591766,Vy,Surface,m s$^{-1}$,-0.5741196465,0.0869547775,0.0313110745,-0.0556437030,4
2011-05-02 06:00:00,Upper,113,113,159.1259612203,-31.4329771431,-3.9888591766,Vy,Surface,m s$^{-1}$,-0.5501406406,0.0830275267,0.0263481316,-0.0566793951,4
2011-05-02 07:00:00,Upper,113,113,159.1259612203,-31.4329771431,-3.9888591766,Vy,Surface,m s$^{-1}$,-0.4949700895,0.0787394928,0.0227200224,-0.0560194704,4
2011-05-02 08:00:00,Upper,113,113,159.1259612203,-31.4329771431,-3.9888591766,Vy,Surface,m s$^{-1}$,-0.4230888636,0.0823248387,0.0232091638,-0.0591156749,4
2011-05-02 09:00:00,Upper,113,113,159.1259612203,-31.4329771431,-3.9888591766,Vy,Surface,m s$^{-1}$,-0.3591958709,0.0882600249,0.0250188067,-0.0632412182,4
2011-05-02 10:00:00,Upper,113,113,159.1259612203,-31.4329771431,-3.9888591766,Vy,Surface,m s$^{-1}$,-0.3128962178,0.0935039426,0.0281933910,-0.0653105516,4
2011-05-02 11:00:00,Upper,113,113,159.1259612203,-31.4329771431,-3.9888591766,Vy,Surface,m s$^{-1}$,-0.2945432499,0.0996271920,0.0324881673,-0.0671390248,4
2011-05-02 12:00:00,Upper,113,113,159.1259612203,-31.4329771431,-3.9888591766,Vy,Surface,m s$^{-1}$,-0.3081405039,0.1015333028,0.0354484605,-0.0660848423,4
2011-05-02 13:00:00,Upper,113,113,159.1259612203,-31.4329771431,-3.9888591766,Vy,Surface,m s$^{-1}$,-0.3490742377,0.1029324604,0.0381757143,-0.0647567461,4
2011-05-02 14:00:00,Upper,113,113,159.1259612203,-31.4329771431,-3.9888591766,Vy,Surface,m s$^{-1}$,-0.4097103323,0.0991643366,0.0389590094,-0.0602053272,4
2011-05-02 15:00:00,Upper,113,113,159.1259612203,-31.4329771431,-3.9888591766,Vy,Surface,m s$^{-1}$,-0.4649744880,0.0928392198,0.0381674576,-0.0546717622,4
2011-05-02 16:00:00,Upper,113,113,159.1259612203,-31.4329771431,-3.9888591766,Vy,Surface,m s$^{-1}$,-0.5031023385,0.0871366894,0.0353772191,-0.0517594703,4
2011-05-02 17:00:00,Upper,113,113,159.1259612203,-31.4329771431,-3.9888591766,Vy,Surface,m s$^{-1}$,-0.5236901516,0.0869886545,0.0341741390,-0.0528145155,4
2011-05-02 18:00:00,Upper,113,113,159.1259612203,-31.4329771431,-3.9888591766,Vy,Surface,m s$^{-1}$,-0.5215958875,0.0763988620,0.0272694608,-0.0491294012,4
2011-05-02 19:00:00,Upper,113,113,159.1259612203,-31.4329771431,-3.9888591766,Vy,Surface,m s$^{-1}$,-0.4691665081,0.0754312558,0.0236875572,-0.0517436987,4
2011-05-02 20:00:00,Upper,113,113,159.1259612203,-31.4329771431,-3.9888591766,Vy,Surface,m s$^{-1}$,-0.4102540597,0.0784969999,0.0241860714,-0.0543109285,4
2011-05-02 21:00:00,Upper,113,113,159.1259612203,-31.4329771431,-3.9888591766,Vy,Surface,m s$^{-1}$,-0.3483552766,0.0830630182,0.0242256489,-0.0588373693,4
2011-05-02 22:00:00,Upper,113,113,159.1259612203,-31.4329771431,-3.9888591766,Vy,Surface,m s$^{-1}$,-0.3016251317,0.0916701014,0.0278558697,-0.0638142317,4
2011-05-02 23:00:00,Upper,113,113,159.1259612203,-31.4329771431,-3.9888591766,Vy,Surface,m s$^{-1}$,-0.2844436691,0.0967028619,0.0322245642,-0.0644782976,4
2011-05-03 00:00:00,Upper,113,113,159.1259612203,-31.4329771431,-3.9888591766,Vy,Surface,m s$^{-1}$,-0.3028879179,0.1026823937,0.0366735030,-0.0660088907,4
2011-05-03 01:00:00,Upper,113,113,159.1259612203,-31.4329771431,-3.9888591766,Vy,Surface,m s$^{-1}$,-0.3529555049,0.1012587289,0.0375705625,-0.0636881665,4
2011-05-03 02:00:00,Upper,113,113,159.1259612203,-31.4329771431,-3.9888591766,Vy,Surface,m s$^{-1}$,-0.4133501579,0.1034649063,0.0398467199,-0.0636181864,4
2011-05-03 03:00:00,Upper,113,113,159.1259612203,-31.4329771431,-3.9888591766,Vy,Surface,m s$^{-1}$,-0.4840875842,0.0954542060,0.0394184055,-0.0560358005,4
2011-05-03 04:00:00,Upper,113,113,159.1259612203,-31.4329771431,-3.9888591766,Vy,Surface,m s$^{-1}$,-0.5338587223,0.0938787548,0.0380622605,-0.0558164943,4
2011-05-03 05:00:00,Upper,113,113,159.1259612203,-31.4329771431,-3.9888591766,Vy,Surface,m s$^{-1}$,-0.5799466142,0.0918002447,0.0370932240,-0.0547070208,4
2011-05-03 06:00:00,Upper,113,113,159.1259612203,-31.4329771431,-3.9888591766,Vy,Surface,m s$^{-1}$,-0.5922543417,0.0776963354,0.0290939373,-0.0486023981,4
2011-05-03 07:00:00,Upper,113,113,159.1259612203,-31.4329771431,-3.9888591766,Vy,Surface,m s$^{-1}$,-0.5480875836,0.0784937232,0.0245050353,-0.0539886879,4
2011-05-03 08:00:00,Upper,113,113,159.1259612203,-31.4329771431,-3.9888591766,Vy,Surface,m s$^{-1}$,-0.4938678189,0.0778007408,0.0227997982,-0.0550009427,4
2011-05-03 09:00:00,Upper,113,113,159.1259612203,-31.4329771431,-3.9888591766,Vy,Surface,m s$^{-1}$,-0.4161242165,0.0775685180,0.0204239676,-0.0571445503,4
2011-05-03 10:00:00,Upper,113,113,159.1259612203,-31.4329771431,-3.9888591766,Vy,Surface,m s$^{-1}$,-0.3444689072,0.0898709963,0.0242630788,-0.0656079174,4
2011-05-03 11:00:00,Upper,113,113,159.1259612203,-31.4329771431,-3.9888591766,Vy,Surface,m s$^{-1}$,-0.3031378012,0.0920966042,0.0270167395,-0.0650798648,4
2011-05-03 12:00:00,Upper,113,113,159.1259612203,-31.4329771431,-3.9888591766,Vy,Surface,m s$^{-1}$,-0.2874165804,0.1006211491,0.0328961243,-0.0677250248,4
2011-05-03 13:00:00,Upper,113,113,159.1259612203,-31.4329771431,-3.9888591766,Vy,Surface,m s$^{-1}$,-0.3163773897,0.0989388072,0.0351627325,-0.0637760747,4
2011-05-03 14:00:00,Upper,113,113,159.1259612203,-31.4329771431,-3.9888591766,Vy,Surface,m s$^{-1}$,-0.3576214763,0.0971677857,0.0366339745,-0.0605338112,4
2011-05-03 15:00:00,Upper,113,113,159.1259612203,-31.4329771431,-3.9888591766,Vy,Surface,m s$^{-1}$,-0.4179066528,0.0940240495,0.0377999241,-0.0562241254,4
2011-05-03 16:00:00,Upper,113,113,159.1259612203,-31.4329771431,-3.9888591766,Vy,Surface,m s$^{-1}$,-0.4728691080,0.0866637583,0.0372369897,-0.0494267686,4
2011-05-03 17:00:00,Upper,113,113,159.1259612203,-31.4329771431,-3.9888591766,Vy,Surface,m s$^{-1}$,-0.5161186590,0.0862127960,0.0360392989,-0.0501734971,4
2011-05-03 18:00:00,Upper,113,113,159.1259612203,-31.4329771431,-3.9888591766,Vy,Surface,m s$^{-1}$,-0.5352641884,0.0762455796,0.0300755872,-0.0461699924,4
2011-05-03 19:00:00,Upper,113,113,159.1259612203,-31.4329771431,-3.9888591766,Vy,Surface,m s$^{-1}$,-0.5102144014,0.0780272065,0.0271882041,-0.0508390024,4
2011-05-03 20:00:00,Upper,113,113,159.1259612203,-31.4329771431,-3.9888591766,Vy,Surface,m s$^{-1}$,-0.4738457738,0.0733659188,0.0227553781,-0.0506105407,4
2011-05-03 21:00:00,Upper,113,113,159.1259612203,-31.4329771431,-3.9888591766,Vy,Surface,m s$^{-1}$,-0.3998902031,0.0762631651,0.0212293389,-0.0550338263,4
2011-05-03 22:00:00,Upper,113,113,159.1259612203,-31.4329771431,-3.9888591766,Vy,Surface,m s$^{-1}$,-0.3373385775,0.0867869366,0.0236942762,-0.0630926604,4
2011-05-03 23:00:00,Upper,113,113,159.1259612203,-31.4329771431,-3.9888591766,Vy,Surface,m s$^{-1}$,-0.2904738407,0.0922641245,0.0264729258,-0.0657911987,4
2011-05-04 00:00:00,Upper,113,113,159.1259612203,-31.4329771431,-3.9888591766,Vy,Surface,m s$^{-1}$,-0.2791375993,0.1013636615,0.0323063303,-0.0690573311,4
2011-05-04 01:00:00,Upper,113,113,159.1259612203,-31.4329771431,-3.9888591766,Vy,Surface,m s$^{-1}$,-0.3054888767,0.1015601587,0.0346539240,-0.0669062347,4
2011-05-04 02:00:00,Upper,113,113,159.1259612203,-31.4329771431,-3.9888591766,Vy,Surface,m s$^{-1}$,-0.3546462767,0.1045937619,0.0373284270,-0.0672653349,4
2011-05-04 03:00:00,Upper,113,113,159.1259612203,-31.4329771431,-3.9888591766,Vy,Surface,m s$^{-1}$,-0.4303516427,0.1032645429,0.0397824168,-0.0634821261,4
2011-05-04 04:00:00,Upper,113,113,159.1259612203,-31.4329771431,-3.9888591766,Vy,Surface,m s$^{-1}$,-0.5029330716,0.0929881553,0.0383549977,-0.0546331576,4
2011-05-04 05:00:00,Upper,113,113,159.1259612203,-31.4329771431,-3.9888591766,Vy,Surface,m s$^{-1}$,-0.5521466644,0.0923695154,0.0370351352,-0.0553343801,4
2011-05-04 06:00:00,Upper,113,113,159.1259612203,-31.4329771431,-3.9888591766,Vy,Surface,m s$^{-1}$,-0.5936441965,0.0868237822,0.0349251249,-0.0518986572,4
2011-05-04 07:00:00,Upper,113,113,159.1259612203,-31.4329771431,-3.9888591766,Vy,Surface,m s$^{-1}$,-0.5961454454,0.0775393158,0.0281608520,-0.0493784638,4
2011-05-04 08:00:00,Upper,113,113,159.1259612203,-31.4329771431,-3.9888591766,Vy,Surface,m s$^{-1}$,-0.5523523023,0.0723245653,0.0217589380,-0.0505656273,4
2011-05-04 09:00:00,Upper,113,113,159.1259612203,-31.4329771431,-3.9888591766,Vy,Surface,m s$^{-1}$,-0.4752204987,0.0694133028,0.0191297506,-0.0502835522,4
2011-05-04 10:00:00,Upper,113,113,159.1259612203,-31.4329771431,-3.9888591766,Vy,Surface,m s$^{-1}$,-0.3884700306,0.0739909881,0.0196797459,-0.0543112422,4
2011-05-04 11:00:00,Upper,113,113,159.1259612203,-31.4329771431,-3.9888591766,Vy,Surface,m s$^{-1}$,-0.3196567216,0.0749439720,0.0228239478,-0.0521200242,4
2011-05-04 12:00:00,Upper,113,113,159.1259612203,-31.4329771431,-3.9888591766,Vy,Surface,m s$^{-1}$,-0.2810855531,0.0719235454,0.0287313104,-0.0431922349,4
2011-05-04 13:00:00,Upper,113,113,159.1259612203,-31.4329771431,-3.9888591766,Vy,Surface,m s$^{-1}$,-0.2827142658,0.0924611850,0.0310307958,-0.0614303892,4
2011-05-04 14:00:00,Upper,113,113,159.1259612203,-31.4329771431,-3.9888591766,Vy,Surface,m s$^{-1}$,-0.3088227585,0.1019097208,0.0354500090,-0.0664597117,4
2011-05-04 15:00:00,Upper,113,113,159.1259612203,-31.4329771431,-3.9888591766,Vy,Surface,m s$^{-1}$,-0.3711090511,0.1035293702,0.0365645991,-0.0669647711,4
2011-05-04 16:00:00,Upper,113,113,159.1259612203,-31.4329771431,-3.9888591766,Vy,Surface,m s$^{-1}$,-0.4316687355,0.1038300613,0.0369191442,-0.0669109170,4
2011-05-04 17:00:00,Upper,113,113,159.1259612203,-31.4329771431,-3.9888591766,Vy,Surface,m s$^{-1}$,-0.4874264155,0.1006512507,0.0361753530,-0.0644758977,4
2011-05-04 18:00:00,Upper,113,113,159.1259612203,-31.4329771431,-3.9888591766,Vy,Surface,m s$^{-1}$,-0.5285429534,0.0960936194,0.0352344132,-0.0608592062,4
2011-05-04 19:00:00,Upper,113,113,159.1259612203,-31.4329771431,-3.9888591766,Vy,Surface,m s$^{-1}$,-0.5523490991,0.0867659914,0.0311331820,-0.0556328094,4
2011-05-04 20:00:00,Upper,113,113,159.1259612203,-31.4329771431,-3.9888591766,Vy,Surface,m s$^{-1}$,-0.5308655165,0.0795071028,0.0237162682,-0.0557908346,4
2011-05-04 21:00:00,Upper,113,113,159.1259612203,-31.4329771431,-3.9888591766,Vy,Surface,m s$^{-1}$,-0.4729229061,0.0773951374,0.0207159352,-0.0566792022,4
2011-05-04 22:00:00,Upper,113,113,159.1259612203,-31.4329771431,-3.9888591766,Vy,Surface,m s$^{-1}$,-0.4063118150,0.0827392181,0.0226917476,-0.0600474704,4
2011-05-04 23:00:00,Upper,113,113,159.1259612203,-31.4329771431,-3.9888591766,Vy,Surface,m s$^{-1}$,-0.3500291359,0.0849562820,0.0217966058,-0.0631596762,4
2011-05-05 00:00:00,Upper,113,113,159.1259612203,-31.4329771431,-3.9888591766,Vy,Surface,m s$^{-1}$,-0.3053362107,0.0965820179,0.0271872635,-0.0693947544,4
2011-05-05 01:00:00,Upper,113,113,159.1259612203,-31.4329771431,-3.9888591766,Vy,Surface,m s$^{-1}$,-0.3036709317,0.0990852847,0.0305097324,-0.0685755523,4
2011-05-05 02:00:00,Upper,113,113,159.1259612203,-31.4329771431,-3.9888591766,Vy,Surface,m s$^{-1}$,-0.3283231051,0.1046505984,0.0350535255,-0.0695970729,4
2011-05-05 03:00:00,Upper,113,113,159.1259612203,-31.4329771431,-3.9888591766,Vy,Surface,m s$^{-1}$,-0.3889369793,0.1023561656,0.0361767591,-0.0661794065,4
2011-05-05 04:00:00,Upper,113,113,159.1259612203,-31.4329771431,-3.9888591766,Vy,Surface,m s$^{-1}$,-0.4574190514,0.1027802480,0.0392340414,-0.0635462066,4
2011-05-05 05:00:00,Upper,113,113,159.1259612203,-31.4329771431,-3.9888591766,Vy,Surface,m s$^{-1}$,-0.5348093904,0.0928971000,0.0380444495,-0.0548526505,4
2011-05-05 06:00:00,Upper,113,113,159.1259612203,-31.4329771431,-3.9888591766,Vy,Surface,m s$^{-1}$,-0.5807579160,0.0927171701,0.0366088953,-0.0561082749,4
2011-05-05 07:00:00,Upper,113,113,159.1259612203,-31.4329771431,-3.9888591766,Vy,Surface,m s$^{-1}$,-0.6147651429,0.0804344849,0.0316161387,-0.0488183462,4
2011-05-05 08:00:00,Upper,113,113,159.1259612203,-31.4329771431,-3.9888591766,Vy,Surface,m s$^{-1}$,-0.5925091097,0.0773209492,0.0259156851,-0.0514052641,4
2011-05-05 09:00:00,Upper,113,113,159.1259612203,-31.4329771431,-3.9888591766,Vy,Surface,m s$^{-1}$,-0.5533843687,0.0742980391,0.0220460883,-0.0522519508,4
2011-05-05 10:00:00,Upper,113,113,159.1259612203,-31.4329771431,-3.9888591766,Vy,Surface,m s$^{-1}$,-0.4749296640,0.0713984589,0.0187556833,-0.0526427756,4
2011-05-05 11:00:00,Upper,113,113,159.1259612203,-31.4329771431,-3.9888591766,Vy,Surface,m s$^{-1}$,-0.3917930826,0.0806376047,0.0193887250,-0.0612488797,4
2011-05-05 12:00:00,Upper,113,113,159.1259612203,-31.4329771431,-3.9888591766,Vy,Surface,m s$^{-1}$,-0.3253795336,0.0901621419,0.0225492152,-0.0676129267,4
2011-05-05 13:00:00,Upper,113,113,159.1259612203,-31.4329771431,-3.9888591766,Vy,Surface,m s$^{-1}$,-0.2867845718,0.0975294661,0.0268981224,-0.0706313437,4
2011-05-05 14:00:00,Upper,113,113,159.1259612203,-31.4329771431,-3.9888591766,Vy,Surface,m s$^{-1}$,-0.2816183766,0.0998528951,0.0298274854,-0.0700254097,4
2011-05-05 15:00:00,Upper,113,113,159.1259612203,-31.4329771431,-3.9888591766,Vy,Surface,m s$^{-1}$,-0.3138793567,0.1069635735,0.0357714892,-0.0711920843,4
2011-05-05 16:00:00,Upper,113,113,159.1259612203,-31.4329771431,-3.9888591766,Vy,Surface,m s$^{-1}$,-0.3854875151,0.1022095219,0.0369389470,-0.0652705748,4
2011-05-05 17:00:00,Upper,113,113,159.1259612203,-31.4329771431,-3.9888591766,Vy,Surface,m s$^{-1}$,-0.4498660677,0.0956498492,0.0366764334,-0.0589734159,4
2011-05-05 18:00:00,Upper,113,113,159.1259612203,-31.4329771431,-3.9888591766,Vy,Surface,m s$^{-1}$,-0.5043045736,0.0930917089,0.0355529555,-0.0575387534,4
2011-05-05 19:00:00,Upper,113,113,159.1259612203,-31.4329771431,-3.9888591766,Vy,Surface,m s$^{-1}$,-0.5423981847,0.0881666021,0.0335785023,-0.0545880998,4
2011-05-05 20:00:00,Upper,113,113,159.1259612203,-31.4329771431,-3.9888591766,Vy,Surface,m s$^{-1}$,-0.5471312664,0.0798406638,0.0271246107,-0.0527160531,4
2011-05-05 21:00:00,Upper,113,113,159.1259612203,-31.4329771431,-3.9888591766,Vy,Surface,m s$^{-1}$,-0.5085083008,0.0780624190,0.0228811980,-0.0551812210,4
2011-05-05 22:00:00,Upper,113,113,159.1259612203,-31.4329771431,-3.9888591766,Vy,Surface,m s$^{-1}$,-0.4453936152,0.0750341988,0.0188875797,-0.0561466191,4
2011-05-05 23:00:00,Upper,113,113,159.1259612203,-31.4329771431,-3.9888591766,Vy,Surface,m s$^{-1}$,-0.3733145118,0.0858597998,0.0225120115,-0.0633477883,4
2011-05-06 00:00:00,Upper,113,113,159.1259612203,-31.4329771431,-3.9888591766,Vy,Surface,m s$^{-1}$,-0.3224765577,0.0874638362,0.0213443209,-0.0661195153,4
2011-05-06 01:00:00,Upper,113,113,159.1259612203,-31.4329771431,-3.9888591766,Vy,Surface,m s$^{-1}$,-0.2742281144,0.0996043852,0.0268767806,-0.0727276046,4
2011-05-06 02:00:00,Upper,113,113,159.1259612203,-31.4329771431,-3.9888591766,Vy,Surface,m s$^{-1}$,-0.2812762886,0.1053652887,0.0310586337,-0.0743066551,4
2011-05-06 03:00:00,Upper,113,113,159.1259612203,-31.4329771431,-3.9888591766,Vy,Surface,m s$^{-1}$,-0.3215982151,0.1118442838,0.0364787351,-0.0753655486,4
2011-05-06 04:00:00,Upper,113,113,159.1259612203,-31.4329771431,-3.9888591766,Vy,Surface,m s$^{-1}$,-0.3988304928,0.1061379917,0.0366930651,-0.0694449266,4
2011-05-06 05:00:00,Upper,113,113,159.1259612203,-31.4329771431,-3.9888591766,Vy,Surface,m s$^{-1}$,-0.4732726858,0.1079963806,0.0401689064,-0.0678274742,4
2011-05-06 06:00:00,Upper,113,113,159.1259612203,-31.4329771431,-3.9888591766,Vy,Surface,m s$^{-1}$,-0.5638719260,0.0972343437,0.0395982493,-0.0576360944,4
2011-05-06 07:00:00,Upper,113,113,159.1259612203,-31.4329771431,-3.9888591766,Vy,Surface,m s$^{-1}$,-0.6093859327,0.0903652208,0.0350631822,-0.0553020386,4
2011-05-06 08:00:00,Upper,113,113,159.1259612203,-31.4329771431,-3.9888591766,Vy,Surface,m s$^{-1}$,-0.6325953677,0.0859801722,0.0312576582,-0.0547225140,4
2011-05-06 09:00:00,Upper,113,113,159.1259612203,-31.4329771431,-3.9888591766,Vy,Surface,m s$^{-1}$,-0.6055689376,0.0744382847,0.0218042013,-0.0526340835,4
2011-05-06 10:00:00,Upper,113,113,159.1259612203,-31.4329771431,-3.9888591766,Vy,Surface,m s$^{-1}$,-0.5281848979,0.0722743897,0.0179313409,-0.0543430488,4
2011-05-06 11:00:00,Upper,113,113,159.1259612203,-31.4329771431,-3.9888591766,Vy,Surface,m s$^{-1}$,-0.4411599623,0.0794646012,0.0197258634,-0.0597387378,4
2011-05-06 12:00:00,Upper,113,113,159.1259612203,-31.4329771431,-3.9888591766,Vy,Surface,m s$^{-1}$,-0.3576525173,0.0789677506,0.0171456328,-0.0618221177,4
2011-05-06 13:00:00,Upper,113,113,159.1259612203,-31.4329771431,-3.9888591766,Vy,Surface,m s$^{-1}$,-0.2791992251,0.0941815280,0.0223000396,-0.0718814884,4
2011-05-06 14:00:00,Upper,113,113,159.1259612203,-31.4329771431,-3.9888591766,Vy,Surface,m s$^{-1}$,-0.2559962781,0.0996566418,0.0270701566,-0.0725864851,4
2011-05-06 15:00:00,Upper,113,113,159.1259612203,-31.4329771431,-3.9888591766,Vy,Surface,m s$^{-1}$,-0.2624711639,0.1038246822,0.0309573552,-0.0728673270,4
2011-05-06 16:00:00,Upper,113,113,159.1259612203,-31.4329771431,-3.9888591766,Vy,Surface,m s$^{-1}$,-0.3141256956,0.1067754491,0.0356035953,-0.0711718538,4
2011-05-06 17:00:00,Upper,113,113,159.1259612203,-31.4329771431,-3.9888591766,Vy,Surface,m s$^{-1}$,-0.3842089082,0.1012321097,0.0365276850,-0.0647044247,4
2011-05-06 18:00:00,Upper,113,113,159.1259612203,-31.4329771431,-3.9888591766,Vy,Surface,m s$^{-1}$,-0.4501111918,0.0960692474,0.0363886869,-0.0596805605,4
2011-05-06 19:00:00,Upper,113,113,159.1259612203,-31.4329771431,-3.9888591766,Vy,Surface,m s$^{-1}$,-0.5084913411,0.0965126935,0.0366980609,-0.0598146326,4
2011-05-06 20:00:00,Upper,113,113,159.1259612203,-31.4329771431,-3.9888591766,Vy,Surface,m s$^{-1}$,-0.5557076297,0.0885620519,0.0337276190,-0.0548344329,4
2011-05-06 21:00:00,Upper,113,113,159.1259612203,-31.4329771431,-3.9888591766,Vy,Surface,m s$^{-1}$,-0.5510911139,0.0804411163,0.0248574372,-0.0555836792,4
2011-05-06 22:00:00,Upper,113,113,159.1259612203,-31.4329771431,-3.9888591766,Vy,Surface,m s$^{-1}$,-0.4962302480,0.0788985834,0.0197429235,-0.0591556599,4
2011-05-06 23:00:00,Upper,113,113,159.1259612203,-31.4329771431,-3.9888591766,Vy,Surface,m s$^{-1}$,-0.4207623965,0.0841507751,0.0200820216,-0.0640687535,4
2011-05-07 00:00:00,Upper,113,113,159.1259612203,-31.4329771431,-3.9888591766,Vy,Surface,m s$^{-1}$,-0.3464754775,0.0856229236,0.0182288206,-0.0673941030,4
2011-05-01 01:00:00,Upper,113,113,159.1259612203,-31.4329771431,-3.9888591766,Vz,Mid-depth,m s$^{-1}$,-1.9445920063,-0.0001291628,-0.0000302323,0.0000989305,4
2011-05-01 02:00:00,Upper,113,113,159.1259612203,-31.4329771431,-3.9888591766,Vz,Mid-depth,m s$^{-1}$,-2.0251089421,-0.0000448935,-0.0000574570,-0.0000125635,4
2011-05-01 03:00:00,Upper,113,113,159.1259612203,-31.4329771431,-3.9888591766,Vz,Mid-depth,m s$^{-1}$,-2.0278679774,0.0001263305,-0.0000437126,-0.0001700432,4
2011-05-01 04:00:00,Upper,113,113,159.1259612203,-31.4329771431,-3.9888591766,Vz,Mid-depth,m s$^{-1}$,-2.0450220531,0.0001133501,-0.0000406814,-0.0001540315,4
2011-05-01 05:00:00,Upper,113,113,159.1259612203,-31.4329771431,-3.9888591766,Vz,Mid-depth,m s$^{-1}$,-2.0257286438,0.0000028512,-0.0000378214,-0.0000406727,4
2011-05-01 06:00:00,Upper,113,113,159.1259612203,-31.4329771431,-3.9888591766,Vz,Mid-depth,m s$^{-1}$,-2.0025266777,-0.0000335302,-0.0000498397,-0.0000163095,4
2011-05-01 07:00:00,Upper,113,113,159.1259612203,-31.4329771431,-3.9888591766,Vz,Mid-depth,m s$^{-1}$,-1.9684411247,-0.0000176619,-0.0000703979,-0.0000527360,4
2011-05-01 08:00:00,Upper,113,113,159.1259612203,-31.4329771431,-3.9888591766,Vz,Mid-depth,m s$^{-1}$,-1.9385963729,-0.0000031528,-0.0000667509,-0.0000635980,4
2011-05-01 09:00:00,Upper,113,113,159.1259612203,-31.4329771431,-3.9888591766,Vz,Mid-depth,m s$^{-1}$,-1.9137060674,-0.0000014284,-0.0000656112,-0.0000641829,4
2011-05-01 10:00:00,Upper,113,113,159.1259612203,-31.4329771431,-3.9888591766,Vz,Mid-depth,m s$^{-1}$,-1.9048410655,-0.0000001136,-0.0000704783,-0.0000703647,4
2011-05-01 11:00:00,Upper,113,113,159.1259612203,-31.4329771431,-3.9888591766,Vz,Mid-depth,m s$^{-1}$,-1.9077938822,-0.0000010151,-0.0000699795,-0.0000689643,4
2011-05-01 12:00:00,Upper,113,113,159.1259612203,-31.4329771431,-3.9888591766,Vz,Mid-depth,m s$^{-1}$,-1.9246805008,0.0000123599,-0.0000804813,-0.0000928411,4
2011-05-01 13:00:00,Upper,113,113,159.1259612203,-31.4329771431,-3.9888591766,Vz,Mid-depth,m s$^{-1}$,-1.9563806855,0.0000053923,-0.0000786724,-0.0000840647,4
2011-05-01 14:00:00,Upper,113,113,159.1259612203,-31.4329771431,-3.9888591766,Vz,Mid-depth,m s$^{-1}$,-1.9826495491,-0.0000024891,-0.0000789125,-0.0000764234,4
2011-05-01 15:00:00,Upper,113,113,159.1259612203,-31.4329771431,-3.9888591766,Vz,Mid-depth,m s$^{-1}$,-2.0043129338,0.0000022428,-0.0000742533,-0.0000764961,4
2011-05-01 16:00:00,Upper,113,113,159.1259612203,-31.4329771431,-3.9888591766,Vz,Mid-depth,m s$^{-1}$,-2.0157193118,0.0000078325,-0.0000617812,-0.0000696136,4
2011-05-01 17:00:00,Upper,113,113,159.1259612203,-31.4329771431,-3.9888591766,Vz,Mid-depth,m s$^{-1}$,-2.0104816165,0.0000001175,-0.0000536007,-0.0000537182,4
2011-05-01 18:00:00,Upper,113,113,159.1259612203,-31.4329771431,-3.9888591766,Vz,Mid-depth,m s$^{-1}$,-1.9927460754,0.0000070638,-0.0000361106,-0.0000431744,4
2011-05-01 19:00:00,Upper,113,113,159.1259612203,-31.4329771431,-3.9888591766,Vz,Mid-depth,m s$^{-1}$,-1.9574977487,-0.0000057706,-0.0000438994,-0.0000381288,4
2011-05-01 20:00:00,Upper,113,113,159.1259612203,-31.4329771431,-3.9888591766,Vz,Mid-depth,m s$^{-1}$,-1.9303455628,-0.0000054856,-0.0000436987,-0.0000382131,4
2011-05-01 21:00:00,Upper,113,113,159.1259612203,-31.4329771431,-3.9888591766,Vz,Mid-depth,m s$^{-1}$,-1.9017026922,-0.0000068929,-0.0000536596,-0.0000467667,4
2011-05-01 22:00:00,Upper,113,113,159.1259612203,-31.4329771431,-3.9888591766,Vz,Mid-depth,m s$^{-1}$,-1.8881973271,-0.0000028799,-0.0000733222,-0.0000704423,4
2011-05-01 23:00:00,Upper,113,113,159.1259612203,-31.4329771431,-3.9888591766,Vz,Mid-depth,m s$^{-1}$,-1.8925610895,-0.0000011919,-0.0000850384,-0.0000838464,4
2011-05-02 00:00:00,Upper,113,113,159.1259612203,-31.4329771431,-3.9888591766,Vz,Mid-depth,m s$^{-1}$,-1.9151612275,0.0000077048,-0.0000854264,-0.0000931312,4
2011-05-02 01:00:00,Upper,113,113,159.1259612203,-31.4329771431,-3.9888591766,Vz,Mid-depth,m s$^{-1}$,-1.9466194102,0.0000253730,-0.0000848358,-0.0001102087,4
2011-05-02 02:00:00,Upper,113,113,159.1259612203,-31.4329771431,-3.9888591766,Vz,Mid-depth,m s$^{-1}$,-1.9810451344,0.0000361276,-0.0000861062,-0.0001222338,4
2011-05-02 03:00:00,Upper,113,113,159.1259612203,-31.4329771431,-3.9888591766,Vz,Mid-depth,m s$^{-1}$,-2.0064388374,0.0000422422,-0.0000788951,-0.0001211373,4
2011-05-02 04:00:00,Upper,113,113,159.1259612203,-31.4329771431,-3.9888591766,Vz,Mid-depth,m s$^{-1}$,-2.0268170825,0.0000577814,-0.0000709807,-0.0001287621,4
2011-05-02 05:00:00,Upper,113,113,159.1259612203,-31.4329771431,-3.9888591766,Vz,Mid-depth,m s$^{-1}$,-2.0314894116,0.0000539780,-0.0000571964,-0.0001111744,4
2011-05-02 06:00:00,Upper,113,113,159.1259612203,-31.4329771431,-3.9888591766,Vz,Mid-depth,m s$^{-1}$,-2.0194999086,0.0000383114,-0.0000443381,-0.0000826494,4
2011-05-02 07:00:00,Upper,113,113,159.1259612203,-31.4329771431,-3.9888591766,Vz,Mid-depth,m s$^{-1}$,-1.9919146331,0.0000275406,-0.0000357637,-0.0000633044,4
2011-05-02 08:00:00,Upper,113,113,159.1259612203,-31.4329771431,-3.9888591766,Vz,Mid-depth,m s$^{-1}$,-1.9559740201,0.0000010288,-0.0000396230,-0.0000406517,4
2011-05-02 09:00:00,Upper,113,113,159.1259612203,-31.4329771431,-3.9888591766,Vz,Mid-depth,m s$^{-1}$,-1.9240275237,-0.0000119589,-0.0000440197,-0.0000320608,4
2011-05-02 10:00:00,Upper,113,113,159.1259612203,-31.4329771431,-3.9888591766,Vz,Mid-depth,m s$^{-1}$,-1.9008776972,-0.0000335516,-0.0000587844,-0.0000252327,4
2011-05-02 11:00:00,Upper,113,113,159.1259612203,-31.4329771431,-3.9888591766,Vz,Mid-depth,m s$^{-1}$,-1.8917012132,-0.0000444764,-0.0000752744,-0.0000307980,4
2011-05-02 12:00:00,Upper,113,113,159.1259612203,-31.4329771431,-3.9888591766,Vz,Mid-depth,m s$^{-1}$,-1.8984998403,-0.0000452845,-0.0000795005,-0.0000342159,4
2011-05-02 13:00:00,Upper,113,113,159.1259612203,-31.4329771431,-3.9888591766,Vz,Mid-depth,m s$^{-1}$,-1.9189667071,-0.0000453809,-0.0000782116,-0.0000328307,4
2011-05-02 14:00:00,Upper,113,113,159.1259612203,-31.4329771431,-3.9888591766,Vz,Mid-depth,m s$^{-1}$,-1.9492847545,-0.0000409002,-0.0000749116,-0.0000340114,4
2011-05-02 15:00:00,Upper,113,113,159.1259612203,-31.4329771431,-3.9888591766,Vz,Mid-depth,m s$^{-1}$,-1.9769168323,-0.0000357540,-0.0000769898,-0.0000412358,4
2011-05-02 16:00:00,Upper,113,113,159.1259612203,-31.4329771431,-3.9888591766,Vz,Mid-depth,m s$^{-1}$,-1.9959807576,-0.0000285457,-0.0000673626,-0.0000388169,4
2011-05-02 17:00:00,Upper,113,113,159.1259612203,-31.4329771431,-3.9888591766,Vz,Mid-depth,m s$^{-1}$,-2.0062746641,-0.0000326568,-0.0000637079,-0.0000310510,4
2011-05-02 18:00:00,Upper,113,113,159.1259612203,-31.4329771431,-3.9888591766,Vz,Mid-depth,m s$^{-1}$,-2.0052275321,-0.0000068626,-0.0000444975,-0.0000376349,4
2011-05-02 19:00:00,Upper,113,113,159.1259612203,-31.4329771431,-3.9888591766,Vz,Mid-depth,m s$^{-1}$,-1.9790128424,-0.0000259877,-0.0000362695,-0.0000102817,4
2011-05-02 20:00:00,Upper,113,113,159.1259612203,-31.4329771431,-3.9888591766,Vz,Mid-depth,m s$^{-1}$,-1.9495566182,-0.0000296959,-0.0000400229,-0.0000103269,4
2011-05-02 21:00:00,Upper,113,113,159.1259612203,-31.4329771431,-3.9888591766,Vz,Mid-depth,m s$^{-1}$,-1.9186072266,-0.0000284330,-0.0000372960,-0.0000088630,4
2011-05-02 22:00:00,Upper,113,113,159.1259612203,-31.4329771431,-3.9888591766,Vz,Mid-depth,m s$^{-1}$,-1.8952421542,-0.0000439017,-0.0000529904,-0.0000090887,4
2011-05-02 23:00:00,Upper,113,113,159.1259612203,-31.4329771431,-3.9888591766,Vz,Mid-depth,m s$^{-1}$,-1.8866514229,-0.0000437928,-0.0000696151,-0.0000258223,4
2011-05-03 00:00:00,Upper,113,113,159.1259612203,-31.4329771431,-3.9888591766,Vz,Mid-depth,m s$^{-1}$,-1.8958735472,-0.0000480458,-0.0000807212,-0.0000326755,4
2011-05-03 01:00:00,Upper,113,113,159.1259612203,-31.4329771431,-3.9888591766,Vz,Mid-depth,m s$^{-1}$,-1.9209073408,-0.0000362561,-0.0000760527,-0.0000397966,4
2011-05-03 02:00:00,Upper,113,113,159.1259612203,-31.4329771431,-3.9888591766,Vz,Mid-depth,m s$^{-1}$,-1.9511046673,-0.0000400957,-0.0000776027,-0.0000375070,4
2011-05-03 03:00:00,Upper,113,113,159.1259612203,-31.4329771431,-3.9888591766,Vz,Mid-depth,m s$^{-1}$,-1.9864733804,-0.0000246359,-0.0000798520,-0.0000552161,4
2011-05-03 04:00:00,Upper,113,113,159.1259612203,-31.4329771431,-3.9888591766,Vz,Mid-depth,m s$^{-1}$,-2.0113589494,-0.0000295212,-0.0000736382,-0.0000441170,4
2011-05-03 05:00:00,Upper,113,113,159.1259612203,-31.4329771431,-3.9888591766,Vz,Mid-depth,m s$^{-1}$,-2.0344028954,-0.0000216970,-0.0000698451,-0.0000481481,4
2011-05-03 06:00:00,Upper,113,113,159.1259612203,-31.4329771431,-3.9888591766,Vz,Mid-depth,m s$^{-1}$,-2.0405567592,0.0000028104,-0.0000469990,-0.0000498094,4
2011-05-03 07:00:00,Upper,113,113,159.1259612203,-31.4329771431,-3.9888591766,Vz,Mid-depth,m s$^{-1}$,-2.0184733801,-0.0000223928,-0.0000352803,-0.0000128875,4
2011-05-03 08:00:00,Upper,113,113,159.1259612203,-31.4329771431,-3.9888591766,Vz,Mid-depth,m s$^{-1}$,-1.9913634977,-0.0000137622,-0.0000313435,-0.0000175814,4
2011-05-03 09:00:00,Upper,113,113,159.1259612203,-31.4329771431,-3.9888591766,Vz,Mid-depth,m s$^{-1}$,-1.9524916966,-0.0000199666,-0.0000258998,-0.0000059332,4
2011-05-03 10:00:00,Upper,113,113,159.1259612203,-31.4329771431,-3.9888591766,Vz,Mid-depth,m s$^{-1}$,-1.9166640419,-0.0000379877,-0.0000342962,0.0000036915,4
2011-05-03 11:00:00,Upper,113,113,159.1259612203,-31.4329771431,-3.9888591766,Vz,Mid-depth,m s$^{-1}$,-1.8959984889,-0.0000302761,-0.0000471091,-0.0000168330,4
2011-05-03 12:00:00,Upper,113,113,159.1259612203,-31.4329771431,-3.9888591766,Vz,Mid-depth,m s$^{-1}$,-1.8881378785,-0.0000447294,-0.0000685043,-0.0000237750,4
2011-05-03 13:00:00,Upper,113,113,159.1259612203,-31.4329771431,-3.9888591766,Vz,Mid-depth,m s$^{-1}$,-1.9026182832,-0.0000348278,-0.0000731968,-0.0000383690,4
2011-05-03 14:00:00,Upper,113,113,159.1259612203,-31.4329771431,-3.9888591766,Vz,Mid-depth,m s$^{-1}$,-1.9232403265,-0.0000322693,-0.0000707412,-0.0000384720,4
2011-05-03 15:00:00,Upper,113,113,159.1259612203,-31.4329771431,-3.9888591766,Vz,Mid-depth,m s$^{-1}$,-1.9533829147,-0.0000311090,-0.0000693817,-0.0000382727,4
2011-05-03 16:00:00,Upper,113,113,159.1259612203,-31.4329771431,-3.9888591766,Vz,Mid-depth,m s$^{-1}$,-1.9808641423,-0.0000214912,-0.0000715701,-0.0000500789,4
2011-05-03 17:00:00,Upper,113,113,159.1259612203,-31.4329771431,-3.9888591766,Vz,Mid-depth,m s$^{-1}$,-2.0024889178,-0.0000209078,-0.0000667852,-0.0000458773,4
2011-05-03 18:00:00,Upper,113,113,159.1259612203,-31.4329771431,-3.9888591766,Vz,Mid-depth,m s$^{-1}$,-2.0120616825,0.0000028786,-0.0000496133,-0.0000524919,4
2011-05-03 19:00:00,Upper,113,113,159.1259612203,-31.4329771431,-3.9888591766,Vz,Mid-depth,m s$^{-1}$,-1.9995367890,-0.0000200783,-0.0000424675,-0.0000223891,4
2011-05-03 20:00:00,Upper,113,113,159.1259612203,-31.4329771431,-3.9888591766,Vz,Mid-depth,m s$^{-1}$,-1.9813524752,-0.0000018209,-0.0000305961,-0.0000287752,4
2011-05-03 21:00:00,Upper,113,113,159.1259612203,-31.4329771431,-3.9888591766,Vz,Mid-depth,m s$^{-1}$,-1.9443746899,-0.0000183757,-0.0000278885,-0.0000095128,4
2011-05-03 22:00:00,Upper,113,113,159.1259612203,-31.4329771431,-3.9888591766,Vz,Mid-depth,m s$^{-1}$,-1.9130988770,-0.0000220574,-0.0000325134,-0.0000104560,4
2011-05-03 23:00:00,Upper,113,113,159.1259612203,-31.4329771431,-3.9888591766,Vz,Mid-depth,m s$^{-1}$,-1.8896665087,-0.0000249921,-0.0000448247,-0.0000198326,4
2011-05-04 00:00:00,Upper,113,113,159.1259612203,-31.4329771431,-3.9888591766,Vz,Mid-depth,m s$^{-1}$,-1.8839983880,-0.0000316965,-0.0000653696,-0.0000336731,4
2011-05-04 01:00:00,Upper,113,113,159.1259612203,-31.4329771431,-3.9888591766,Vz,Mid-depth,m s$^{-1}$,-1.8971740267,-0.0000232167,-0.0000704790,-0.0000472623,4
2011-05-04 02:00:00,Upper,113,113,159.1259612203,-31.4329771431,-3.9888591766,Vz,Mid-depth,m s$^{-1}$,-1.9217527266,-0.0000233099,-0.0000723142,-0.0000490044,4
2011-05-04 03:00:00,Upper,113,113,159.1259612203,-31.4329771431,-3.9888591766,Vz,Mid-depth,m s$^{-1}$,-1.9596054097,-0.0000223413,-0.0000773393,-0.0000549980,4
2011-05-04 04:00:00,Upper,113,113,159.1259612203,-31.4329771431,-3.9888591766,Vz,Mid-depth,m s$^{-1}$,-1.9958961241,-0.0000081260,-0.0000738234,-0.0000656975,4
2011-05-04 05:00:00,Upper,113,113,159.1259612203,-31.4329771431,-3.9888591766,Vz,Mid-depth,m s$^{-1}$,-2.0205029205,-0.0000148638,-0.0000681827,-0.0000533189,4
2011-05-04 06:00:00,Upper,113,113,159.1259612203,-31.4329771431,-3.9888591766,Vz,Mid-depth,m s$^{-1}$,-2.0412516866,-0.0000028686,-0.0000612235,-0.0000583548,4
2011-05-04 07:00:00,Upper,113,113,159.1259612203,-31.4329771431,-3.9888591766,Vz,Mid-depth,m s$^{-1}$,-2.0425023110,0.0000027104,-0.0000416145,-0.0000443249,4
2011-05-04 08:00:00,Upper,113,113,159.1259612203,-31.4329771431,-3.9888591766,Vz,Mid-depth,m s$^{-1}$,-2.0206057395,-0.0000008172,-0.0000236943,-0.0000228771,4
2011-05-04 09:00:00,Upper,113,113,159.1259612203,-31.4329771431,-3.9888591766,Vz,Mid-depth,m s$^{-1}$,-1.9820398377,-0.0000071600,-0.0000165604,-0.0000094005,4
2011-05-04 10:00:00,Upper,113,113,159.1259612203,-31.4329771431,-3.9888591766,Vz,Mid-depth,m s$^{-1}$,-1.9386646036,-0.0000236160,-0.0000170312,0.0000065848,4
2011-05-04 11:00:00,Upper,113,113,159.1259612203,-31.4329771431,-3.9888591766,Vz,Mid-depth,m s$^{-1}$,-1.9042579491,-0.0000246564,-0.0000211040,0.0000035524,4
2011-05-04 12:00:00,Upper,113,113,159.1259612203,-31.4329771431,-3.9888591766,Vz,Mid-depth,m s$^{-1}$,-1.8849723649,-0.0000323747,-0.0000451892,-0.0000128144,4
2011-05-04 13:00:00,Upper,113,113,159.1259612203,-31.4329771431,-3.9888591766,Vz,Mid-depth,m s$^{-1}$,-1.8857867212,-0.0000169358,-0.0000612418,-0.0000443060,4
2011-05-04 14:00:00,Upper,113,113,159.1259612203,-31.4329771431,-3.9888591766,Vz,Mid-depth,m s$^{-1}$,-1.8988409676,-0.0000329288,-0.0000761246,-0.0000431959,4
2011-05-04 15:00:00,Upper,113,113,159.1259612203,-31.4329771431,-3.9888591766,Vz,Mid-depth,m s$^{-1}$,-1.9299841139,-0.0000224583,-0.0000718853,-0.0000494271,4
2011-05-04 16:00:00,Upper,113,113,159.1259612203,-31.4329771431,-3.9888591766,Vz,Mid-depth,m s$^{-1}$,-1.9602639560,-0.0000201405,-0.0000719396,-0.0000517991,4
2011-05-04 17:00:00,Upper,113,113,159.1259612203,-31.4329771431,-3.9888591766,Vz,Mid-depth,m s$^{-1}$,-1.9881427961,-0.0000157013,-0.0000659797,-0.0000502784,4
2011-05-04 18:00:00,Upper,113,113,159.1259612203,-31.4329771431,-3.9888591766,Vz,Mid-depth,m s$^{-1}$,-2.0087010650,-0.0000147162,-0.0000599771,-0.0000452609,4
2011-05-04 19:00:00,Upper,113,113,159.1259612203,-31.4329771431,-3.9888591766,Vz,Mid-depth,m s$^{-1}$,-2.0206041379,-0.0000033551,-0.0000476291,-0.0000442740,4
2011-05-04 20:00:00,Upper,113,113,159.1259612203,-31.4329771431,-3.9888591766,Vz,Mid-depth,m s$^{-1}$,-2.0098623466,-0.0000022856,-0.0000270922,-0.0000248066,4
2011-05-04 21:00:00,Upper,113,113,159.1259612203,-31.4329771431,-3.9888591766,Vz,Mid-depth,m s$^{-1}$,-1.9808910414,-0.0000072996,-0.0000194885,-0.0000121889,4
2011-05-04 22:00:00,Upper,113,113,159.1259612203,-31.4329771431,-3.9888591766,Vz,Mid-depth,m s$^{-1}$,-1.9475854958,-0.0000193080,-0.0000265990,-0.0000072910,4
2011-05-04 23:00:00,Upper,113,113,159.1259612203,-31.4329771431,-3.9888591766,Vz,Mid-depth,m s$^{-1}$,-1.9194441563,-0.0000071504,-0.0000194115,-0.0000122610,4
2011-05-05 00:00:00,Upper,113,113,159.1259612203,-31.4329771431,-3.9888591766,Vz,Mid-depth,m s$^{-1}$,-1.8970976936,-0.0000271715,-0.0000393611,-0.0000121896,4
2011-05-05 01:00:00,Upper,113,113,159.1259612203,-31.4329771431,-3.9888591766,Vz,Mid-depth,m s$^{-1}$,-1.8962650542,-0.0000172385,-0.0000527770,-0.0000355385,4
2011-05-05 02:00:00,Upper,113,113,159.1259612203,-31.4329771431,-3.9888591766,Vz,Mid-depth,m s$^{-1}$,-1.9085911409,-0.0000238553,-0.0000658063,-0.0000419509,4
2011-05-05 03:00:00,Upper,113,113,159.1259612203,-31.4329771431,-3.9888591766,Vz,Mid-depth,m s$^{-1}$,-1.9388980780,-0.0000136207,-0.0000649777,-0.0000513570,4
2011-05-05 04:00:00,Upper,113,113,159.1259612203,-31.4329771431,-3.9888591766,Vz,Mid-depth,m s$^{-1}$,-1.9731391140,-0.0000209463,-0.0000768539,-0.0000559076,4
2011-05-05 05:00:00,Upper,113,113,159.1259612203,-31.4329771431,-3.9888591766,Vz,Mid-depth,m s$^{-1}$,-2.0118342835,0.0000006954,-0.0000694416,-0.0000701371,4
2011-05-05 06:00:00,Upper,113,113,159.1259612203,-31.4329771431,-3.9888591766,Vz,Mid-depth,m s$^{-1}$,-2.0348085463,-0.0000133160,-0.0000633402,-0.0000500242,4
2011-05-05 07:00:00,Upper,113,113,159.1259612203,-31.4329771431,-3.9888591766,Vz,Mid-depth,m s$^{-1}$,-2.0518121598,0.0000095037,-0.0000480824,-0.0000575861,4
2011-05-05 08:00:00,Upper,113,113,159.1259612203,-31.4329771431,-3.9888591766,Vz,Mid-depth,m s$^{-1}$,-2.0406841432,-0.0000108169,-0.0000319024,-0.0000210855,4
2011-05-05 09:00:00,Upper,113,113,159.1259612203,-31.4329771431,-3.9888591766,Vz,Mid-depth,m s$^{-1}$,-2.0211217727,-0.0000011100,-0.0000210906,-0.0000199806,4
2011-05-05 10:00:00,Upper,113,113,159.1259612203,-31.4329771431,-3.9888591766,Vz,Mid-depth,m s$^{-1}$,-1.9818944203,-0.0000062929,-0.0000122446,-0.0000059516,4
2011-05-05 11:00:00,Upper,113,113,159.1259612203,-31.4329771431,-3.9888591766,Vz,Mid-depth,m s$^{-1}$,-1.9403261296,-0.0000240704,-0.0000152272,0.0000088433,4
2011-05-05 12:00:00,Upper,113,113,159.1259612203,-31.4329771431,-3.9888591766,Vz,Mid-depth,m s$^{-1}$,-1.9071193551,-0.0000167279,-0.0000205402,-0.0000038123,4
2011-05-05 13:00:00,Upper,113,113,159.1259612203,-31.4329771431,-3.9888591766,Vz,Mid-depth,m s$^{-1}$,-1.8878218742,-0.0000244349,-0.0000385196,-0.0000140847,4
2011-05-05 14:00:00,Upper,113,113,159.1259612203,-31.4329771431,-3.9888591766,Vz,Mid-depth,m s$^{-1}$,-1.8852387766,-0.0000203421,-0.0000519740,-0.0000316319,4
2011-05-05 15:00:00,Upper,113,113,159.1259612203,-31.4329771431,-3.9888591766,Vz,Mid-depth,m s$^{-1}$,-1.9013692667,-0.0000265390,-0.0000690605,-0.0000425216,4
2011-05-05 16:00:00,Upper,113,113,159.1259612203,-31.4329771431,-3.9888591766,Vz,Mid-depth,m s$^{-1}$,-1.9371733459,-0.0000132554,-0.0000670456,-0.0000537901,4
2011-05-05 17:00:00,Upper,113,113,159.1259612203,-31.4329771431,-3.9888591766,Vz,Mid-depth,m s$^{-1}$,-1.9693626222,-0.0000120393,-0.0000688249,-0.0000567856,4
2011-05-05 18:00:00,Upper,113,113,159.1259612203,-31.4329771431,-3.9888591766,Vz,Mid-depth,m s$^{-1}$,-1.9965818751,-0.0000119417,-0.0000619548,-0.0000500131,4
2011-05-05 19:00:00,Upper,113,113,159.1259612203,-31.4329771431,-3.9888591766,Vz,Mid-depth,m s$^{-1}$,-2.0156286807,-0.0000043037,-0.0000544631,-0.0000501594,4
2011-05-05 20:00:00,Upper,113,113,159.1259612203,-31.4329771431,-3.9888591766,Vz,Mid-depth,m s$^{-1}$,-2.0179952215,0.0000019748,-0.0000357178,-0.0000376926,4
2011-05-05 21:00:00,Upper,113,113,159.1259612203,-31.4329771431,-3.9888591766,Vz,Mid-depth,m s$^{-1}$,-1.9986837387,-0.0000085631,-0.0000242717,-0.0000157086,4
2011-05-05 22:00:00,Upper,113,113,159.1259612203,-31.4329771431,-3.9888591766,Vz,Mid-depth,m s$^{-1}$,-1.9671263959,-0.0000039228,-0.0000135289,-0.0000096060,4
2011-05-05 23:00:00,Upper,113,113,159.1259612203,-31.4329771431,-3.9888591766,Vz,Mid-depth,m s$^{-1}$,-1.9310868442,-0.0000120651,-0.0000200958,-0.0000080307,4
2011-05-06 00:00:00,Upper,113,113,159.1259612203,-31.4329771431,-3.9888591766,Vz,Mid-depth,m s$^{-1}$,-1.9056678672,-0.0000128573,-0.0000186103,-0.0000057530,4
2011-05-06 01:00:00,Upper,113,113,159.1259612203,-31.4329771431,-3.9888591766,Vz,Mid-depth,m s$^{-1}$,-1.8815436455,-0.0000270141,-0.0000395945,-0.0000125804,4
2011-05-06 02:00:00,Upper,113,113,159.1259612203,-31.4329771431,-3.9888591766,Vz,Mid-depth,m s$^{-1}$,-1.8850677326,-0.0000172272,-0.0000558860,-0.0000386588,4
2011-05-06 03:00:00,Upper,113,113,159.1259612203,-31.4329771431,-3.9888591766,Vz,Mid-depth,m s$^{-1}$,-1.9052286958,-0.0000246231,-0.0000689293,-0.0000443061,4
2011-05-06 04:00:00,Upper,113,113,159.1259612203,-31.4329771431,-3.9888591766,Vz,Mid-depth,m s$^{-1}$,-1.9438448347,-0.0000077444,-0.0000651241,-0.0000573797,4
2011-05-06 05:00:00,Upper,113,113,159.1259612203,-31.4329771431,-3.9888591766,Vz,Mid-depth,m s$^{-1}$,-1.9810659312,-0.0000230843,-0.0000784390,-0.0000553547,4
2011-05-06 06:00:00,Upper,113,113,159.1259612203,-31.4329771431,-3.9888591766,Vz,Mid-depth,m s$^{-1}$,-2.0263655513,0.0000018361,-0.0000722682,-0.0000741043,4
2011-05-06 07:00:00,Upper,113,113,159.1259612203,-31.4329771431,-3.9888591766,Vz,Mid-depth,m s$^{-1}$,-2.0491225547,-0.0000042246,-0.0000574102,-0.0000531855,4
2011-05-06 08:00:00,Upper,113,113,159.1259612203,-31.4329771431,-3.9888591766,Vz,Mid-depth,m s$^{-1}$,-2.0607272721,-0.0000014500,-0.0000458766,-0.0000444266,4
2011-05-06 09:00:00,Upper,113,113,159.1259612203,-31.4329771431,-3.9888591766,Vz,Mid-depth,m s$^{-1}$,-2.0472140571,0.0000076914,-0.0000185139,-0.0000262053,4
2011-05-06 10:00:00,Upper,113,113,159.1259612203,-31.4329771431,-3.9888591766,Vz,Mid-depth,m s$^{-1}$,-2.0085220373,-0.0000099156,-0.0000078308,0.0000020848,4
2011-05-06 11:00:00,Upper,113,113,159.1259612203,-31.4329771431,-3.9888591766,Vz,Mid-depth,m s$^{-1}$,-1.9650095695,-0.0000205030,-0.0000138655,0.0000066375,4
2011-05-06 12:00:00,Upper,113,113,159.1259612203,-31.4329771431,-3.9888591766,Vz,Mid-depth,m s$^{-1}$,-1.9232558470,0.0000038049,-0.0000006501,-0.0000044550,4
2011-05-06 13:00:00,Upper,113,113,159.1259612203,-31.4329771431,-3.9888591766,Vz,Mid-depth,m s$^{-1}$,-1.8840292009,-0.0000340616,-0.0000170775,0.0000169842,4
2011-05-06 14:00:00,Upper,113,113,159.1259612203,-31.4329771431,-3.9888591766,Vz,Mid-depth,m s$^{-1}$,-1.8724277274,-0.0000179098,-0.0000645448,-0.0000466350,4
2011-05-06 15:00:00,Upper,113,113,159.1259612203,-31.4329771431,-3.9888591766,Vz,Mid-depth,m s$^{-1}$,-1.8756651703,-0.0000218522,-0.0000947340,-0.0000728818,4
2011-05-06 16:00:00,Upper,113,113,159.1259612203,-31.4329771431,-3.9888591766,Vz,Mid-depth,m s$^{-1}$,-1.9014924361,-0.0000178981,-0.0000785127,-0.0000606145,4
2011-05-06 17:00:00,Upper,113,113,159.1259612203,-31.4329771431,-3.9888591766,Vz,Mid-depth,m s$^{-1}$,-1.9365340424,-0.0000098251,-0.0000672527,-0.0000574276,4
2011-05-06 18:00:00,Upper,113,113,159.1259612203,-31.4329771431,-3.9888591766,Vz,Mid-depth,m s$^{-1}$,-1.9694851842,-0.0000093130,-0.0000674967,-0.0000581837,4
2011-05-06 19:00:00,Upper,113,113,159.1259612203,-31.4329771431,-3.9888591766,Vz,Mid-depth,m s$^{-1}$,-1.9986752589,-0.0000131457,-0.0000641582,-0.0000510126,4
2011-05-06 20:00:00,Upper,113,113,159.1259612203,-31.4329771431,-3.9888591766,Vz,Mid-depth,m s$^{-1}$,-2.0222834032,0.0000056257,-0.0000536974,-0.0000593231,4
2011-05-06 21:00:00,Upper,113,113,159.1259612203,-31.4329771431,-3.9888591766,Vz,Mid-depth,m s$^{-1}$,-2.0199751453,0.0000074302,-0.0000281889,-0.0000356191,4
2011-05-06 22:00:00,Upper,113,113,159.1259612203,-31.4329771431,-3.9888591766,Vz,Mid-depth,m s$^{-1}$,-1.9925447123,-0.0000018281,-0.0000143212,-0.0000124931,4
2011-05-06 23:00:00,Upper,113,113,159.1259612203,-31.4329771431,-3.9888591766,Vz,Mid-depth,m s$^{-1}$,-1.9548107866,-0.0000168880,-0.0000161222,0.0000007658,4
2011-05-07 00:00:00,Upper,113,113,159.1259612203,-31.4329771431,-3.9888591766,Vz,Mid-depth,m s$^{-1}$,-1.9176673271,0.0000005324,-0.0000043888,-0.0000049212,4
2011-05-01 01:00:00,Upper,113,113,159.1259612203,-31.4329771431,-3.9888591766,Vz,Near-bottom,m s$^{-1}$,-3.4888591766,-0.0001825515,-0.0000285378,0.0001540138,3
2011-05-01 02:00:00,Upper,113,113,159.1259612203,-31.4329771431,-3.9888591766,Vz,Near-bottom,m s$^{-1}$,-3.4888591766,-0.0000734813,-0.0000479626,0.0000255186,3
2011-05-01 03:00:00,Upper,113,113,159.1259612203,-31.4329771431,-3.9888591766,Vz,Near-bottom,m s$^{-1}$,-3.4888591766,-0.0000093865,-0.0000392709,-0.0000298844,3
2011-05-01 04:00:00,Upper,113,113,159.1259612203,-31.4329771431,-3.9888591766,Vz,Near-bottom,m s$^{-1}$,-3.4888591766,0.0000283858,-0.0000378420,-0.0000662278,3
2011-05-01 05:00:00,Upper,113,113,159.1259612203,-31.4329771431,-3.9888591766,Vz,Near-bottom,m s$^{-1}$,-3.4888591766,-0.0000172639,-0.0000362737,-0.0000190098,3
2011-05-01 06:00:00,Upper,113,113,159.1259612203,-31.4329771431,-3.9888591766,Vz,Near-bottom,m s$^{-1}$,-3.4888591766,-0.0000352289,-0.0000419360,-0.0000067071,3
2011-05-01 07:00:00,Upper,113,113,159.1259612203,-31.4329771431,-3.9888591766,Vz,Near-bottom,m s$^{-1}$,-3.4888591766,-0.0000280807,-0.0000482432,-0.0000201625,3
2011-05-01 08:00:00,Upper,113,113,159.1259612203,-31.4329771431,-3.9888591766,Vz,Near-bottom,m s$^{-1}$,-3.4888591766,-0.0000098632,-0.0000391346,-0.0000292714,3
2011-05-01 09:00:00,Upper,113,113,159.1259612203,-31.4329771431,-3.9888591766,Vz,Near-bottom,m s$^{-1}$,-3.4888591766,-0.0000040284,-0.0000329114,-0.0000288830,3
2011-05-01 10:00:00,Upper,113,113,159.1259612203,-31.4329771431,-3.9888591766,Vz,Near-bottom,m s$^{-1}$,-3.4888591766,0.0000033889,-0.0000312775,-0.0000346664,3
2011-05-01 11:00:00,Upper,113,113,159.1259612203,-31.4329771431,-3.9888591766,Vz,Near-bottom,m s$^{-1}$,-3.4888591766,0.0000081911,-0.0000297610,-0.0000379521,3
2011-05-01 12:00:00,Upper,113,113,159.1259612203,-31.4329771431,-3.9888591766,Vz,Near-bottom,m s$^{-1}$,-3.4888591766,0.0000029824,-0.0000390717,-0.0000420541,3
2011-05-01 13:00:00,Upper,113,113,159.1259612203,-31.4329771431,-3.9888591766,Vz,Near-bottom,m s$^{-1}$,-3.4888591766,0.0000162718,-0.0000419770,-0.0000582488,3
2011-05-01 14:00:00,Upper,113,113,159.1259612203,-31.4329771431,-3.9888591766,Vz,Near-bottom,m s$^{-1}$,-3.4888591766,0.0000213746,-0.0000447273,-0.0000661019,3
2011-05-01 15:00:00,Upper,113,113,159.1259612203,-31.4329771431,-3.9888591766,Vz,Near-bottom,m s$^{-1}$,-3.4888591766,0.0000285201,-0.0000430991,-0.0000716192,3
2011-05-01 16:00:00,Upper,113,113,159.1259612203,-31.4329771431,-3.9888591766,Vz,Near-bottom,m s$^{-1}$,-3.4888591766,0.0000385278,-0.0000360254,-0.0000745533,3
2011-05-01 17:00:00,Upper,113,113,159.1259612203,-31.4329771431,-3.9888591766,Vz,Near-bottom,m s$^{-1}$,-3.4888591766,0.0000384879,-0.0000308030,-0.0000692909,3
2011-05-01 18:00:00,Upper,113,113,159.1259612203,-31.4329771431,-3.9888591766,Vz,Near-bottom,m s$^{-1}$,-3.4888591766,0.0000459982,-0.0000191001,-0.0000650983,3
2011-05-01 19:00:00,Upper,113,113,159.1259612203,-31.4329771431,-3.9888591766,Vz,Near-bottom,m s$^{-1}$,-3.4888591766,0.0000331760,-0.0000233314,-0.0000565075,3
2011-05-01 20:00:00,Upper,113,113,159.1259612203,-31.4329771431,-3.9888591766,Vz,Near-bottom,m s$^{-1}$,-3.4888591766,0.0000340185,-0.0000223333,-0.0000563517,3
2011-05-01 21:00:00,Upper,113,113,159.1259612203,-31.4329771431,-3.9888591766,Vz,Near-bottom,m s$^{-1}$,-3.4888591766,0.0000248744,-0.0000280167,-0.0000528911,3
2011-05-01 22:00:00,Upper,113,113,159.1259612203,-31.4329771431,-3.9888591766,Vz,Near-bottom,m s$^{-1}$,-3.4888591766,0.0000216064,-0.0000403222,-0.0000619285,3
2011-05-01 23:00:00,Upper,113,113,159.1259612203,-31.4329771431,-3.9888591766,Vz,Near-bottom,m s$^{-1}$,-3.4888591766,0.0000202735,-0.0000480208,-0.0000682943,3
2011-05-02 00:00:00,Upper,113,113,159.1259612203,-31.4329771431,-3.9888591766,Vz,Near-bottom,m s$^{-1}$,-3.4888591766,0.0000280156,-0.0000492403,-0.0000772560,3
2011-05-02 01:00:00,Upper,113,113,159.1259612203,-31.4329771431,-3.9888591766,Vz,Near-bottom,m s$^{-1}$,-3.4888591766,0.0000382788,-0.0000501809,-0.0000884596,3
2011-05-02 02:00:00,Upper,113,113,159.1259612203,-31.4329771431,-3.9888591766,Vz,Near-bottom,m s$^{-1}$,-3.4888591766,0.0000557263,-0.0000521097,-0.0001078359,3
2011-05-02 03:00:00,Upper,113,113,159.1259612203,-31.4329771431,-3.9888591766,Vz,Near-bottom,m s$^{-1}$,-3.4888591766,0.0000728323,-0.0000478153,-0.0001206476,3
2011-05-02 04:00:00,Upper,113,113,159.1259612203,-31.4329771431,-3.9888591766,Vz,Near-bottom,m s$^{-1}$,-3.4888591766,0.0001182624,-0.0000433955,-0.0001616579,3
2011-05-02 05:00:00,Upper,113,113,159.1259612203,-31.4329771431,-3.9888591766,Vz,Near-bottom,m s$^{-1}$,-3.4888591766,0.0001644166,-0.0000348689,-0.0001992855,3
2011-05-02 06:00:00,Upper,113,113,159.1259612203,-31.4329771431,-3.9888591766,Vz,Near-bottom,m s$^{-1}$,-3.4888591766,0.0001766274,-0.0000263982,-0.0002030256,3
2011-05-02 07:00:00,Upper,113,113,159.1259612203,-31.4329771431,-3.9888591766,Vz,Near-bottom,m s$^{-1}$,-3.4888591766,0.0001765177,-0.0000204063,-0.0001969240,3
2011-05-02 08:00:00,Upper,113,113,159.1259612203,-31.4329771431,-3.9888591766,Vz,Near-bottom,m s$^{-1}$,-3.4888591766,0.0001610336,-0.0000224010,-0.0001834346,3
2011-05-02 09:00:00,Upper,113,113,159.1259612203,-31.4329771431,-3.9888591766,Vz,Near-bottom,m s$^{-1}$,-3.4888591766,0.0001442798,-0.0000244509,-0.0001687307,3
2011-05-02 10:00:00,Upper,113,113,159.1259612203,-31.4329771431,-3.9888591766,Vz,Near-bottom,m s$^{-1}$,-3.4888591766,0.0001299459,-0.0000334902,-0.0001634361,3
2011-05-02 11:00:00,Upper,113,113,159.1259612203,-31.4329771431,-3.9888591766,Vz,Near-bottom,m s$^{-1}$,-3.4888591766,0.0001155827,-0.0000438093,-0.0001593920,3
2011-05-02 12:00:00,Upper,113,113,159.1259612203,-31.4329771431,-3.9888591766,Vz,Near-bottom,m s$^{-1}$,-3.4888591766,0.0001047832,-0.0000467185,-0.0001515017,3
2011-05-02 13:00:00,Upper,113,113,159.1259612203,-31.4329771431,-3.9888591766,Vz,Near-bottom,m s$^{-1}$,-3.4888591766,0.0000902137,-0.0000471757,-0.0001373894,3
2011-05-02 14:00:00,Upper,113,113,159.1259612203,-31.4329771431,-3.9888591766,Vz,Near-bottom,m s$^{-1}$,-3.4888591766,0.0000937935,-0.0000464844,-0.0001402779,3
2011-05-02 15:00:00,Upper,113,113,159.1259612203,-31.4329771431,-3.9888591766,Vz,Near-bottom,m s$^{-1}$,-3.4888591766,0.0000869841,-0.0000485183,-0.0001355023,3
2011-05-02 16:00:00,Upper,113,113,159.1259612203,-31.4329771431,-3.9888591766,Vz,Near-bottom,m s$^{-1}$,-3.4888591766,0.0000838160,-0.0000422716,-0.0001260877,3
2011-05-02 17:00:00,Upper,113,113,159.1259612203,-31.4329771431,-3.9888591766,Vz,Near-bottom,m s$^{-1}$,-3.4888591766,0.0000763977,-0.0000401432,-0.0001165409,3
2011-05-02 18:00:00,Upper,113,113,159.1259612203,-31.4329771431,-3.9888591766,Vz,Near-bottom,m s$^{-1}$,-3.4888591766,0.0000887980,-0.0000277926,-0.0001165905,3
2011-05-02 19:00:00,Upper,113,113,159.1259612203,-31.4329771431,-3.9888591766,Vz,Near-bottom,m s$^{-1}$,-3.4888591766,0.0000799163,-0.0000217667,-0.0001016830,3
2011-05-02 20:00:00,Upper,113,113,159.1259612203,-31.4329771431,-3.9888591766,Vz,Near-bottom,m s$^{-1}$,-3.4888591766,0.0000799875,-0.0000236971,-0.0001036846,3
2011-05-02 21:00:00,Upper,113,113,159.1259612203,-31.4329771431,-3.9888591766,Vz,Near-bottom,m s$^{-1}$,-3.4888591766,0.0000673469,-0.0000212012,-0.0000885481,3
2011-05-02 22:00:00,Upper,113,113,159.1259612203,-31.4329771431,-3.9888591766,Vz,Near-bottom,m s$^{-1}$,-3.4888591766,0.0000653861,-0.0000309079,-0.0000962940,3
2011-05-02 23:00:00,Upper,113,113,159.1259612203,-31.4329771431,-3.9888591766,Vz,Near-bottom,m s$^{-1}$,-3.4888591766,0.0000596291,-0.0000414084,-0.0001010375,3
2011-05-03 00:00:00,Upper,113,113,159.1259612203,-31.4329771431,-3.9888591766,Vz,Near-bottom,m s$^{-1}$,-3.4888591766,0.0000502395,-0.0000486125,-0.0000988520,3
2011-05-03 01:00:00,Upper,113,113,159.1259612203,-31.4329771431,-3.9888591766,Vz,Near-bottom,m s$^{-1}$,-3.4888591766,0.0000533536,-0.0000465052,-0.0000998588,3
2011-05-03 02:00:00,Upper,113,113,159.1259612203,-31.4329771431,-3.9888591766,Vz,Near-bottom,m s$^{-1}$,-3.4888591766,0.0000457592,-0.0000487115,-0.0000944707,3
2011-05-03 03:00:00,Upper,113,113,159.1259612203,-31.4329771431,-3.9888591766,Vz,Near-bottom,m s$^{-1}$,-3.4888591766,0.0000530235,-0.0000510730,-0.0001040965,3
2011-05-03 04:00:00,Upper,113,113,159.1259612203,-31.4329771431,-3.9888591766,Vz,Near-bottom,m s$^{-1}$,-3.4888591766,0.0000441239,-0.0000472784,-0.0000914023,3
2011-05-03 05:00:00,Upper,113,113,159.1259612203,-31.4329771431,-3.9888591766,Vz,Near-bottom,m s$^{-1}$,-3.4888591766,0.0000461719,-0.0000453054,-0.0000914773,3
2011-05-03 06:00:00,Upper,113,113,159.1259612203,-31.4329771431,-3.9888591766,Vz,Near-bottom,m s$^{-1}$,-3.4888591766,0.0000612401,-0.0000309190,-0.0000921591,3
2011-05-03 07:00:00,Upper,113,113,159.1259612203,-31.4329771431,-3.9888591766,Vz,Near-bottom,m s$^{-1}$,-3.4888591766,0.0000486248,-0.0000228967,-0.0000715215,3
2011-05-03 08:00:00,Upper,113,113,159.1259612203,-31.4329771431,-3.9888591766,Vz,Near-bottom,m s$^{-1}$,-3.4888591766,0.0000571888,-0.0000202758,-0.0000774646,3
2011-05-03 09:00:00,Upper,113,113,159.1259612203,-31.4329771431,-3.9888591766,Vz,Near-bottom,m s$^{-1}$,-3.4888591766,0.0000544858,-0.0000163381,-0.0000708238,3
2011-05-03 10:00:00,Upper,113,113,159.1259612203,-31.4329771431,-3.9888591766,Vz,Near-bottom,m s$^{-1}$,-3.4888591766,0.0000364074,-0.0000210852,-0.0000574926,3
2011-05-03 11:00:00,Upper,113,113,159.1259612203,-31.4329771431,-3.9888591766,Vz,Near-bottom,m s$^{-1}$,-3.4888591766,0.0000463655,-0.0000291032,-0.0000754688,3
2011-05-03 12:00:00,Upper,113,113,159.1259612203,-31.4329771431,-3.9888591766,Vz,Near-bottom,m s$^{-1}$,-3.4888591766,0.0000314929,-0.0000427962,-0.0000742892,3
2011-05-03 13:00:00,Upper,113,113,159.1259612203,-31.4329771431,-3.9888591766,Vz,Near-bottom,m s$^{-1}$,-3.4888591766,0.0000386692,-0.0000459503,-0.0000846195,3
2011-05-03 14:00:00,Upper,113,113,159.1259612203,-31.4329771431,-3.9888591766,Vz,Near-bottom,m s$^{-1}$,-3.4888591766,0.0000326241,-0.0000451527,-0.0000777768,3
2011-05-03 15:00:00,Upper,113,113,159.1259612203,-31.4329771431,-3.9888591766,Vz,Near-bottom,m s$^{-1}$,-3.4888591766,0.0000363679,-0.0000454307,-0.0000817986,3
2011-05-03 16:00:00,Upper,113,113,159.1259612203,-31.4329771431,-3.9888591766,Vz,Near-bottom,m s$^{-1}$,-3.4888591766,0.0000366613,-0.0000476390,-0.0000843004,3
2011-05-03 17:00:00,Upper,113,113,159.1259612203,-31.4329771431,-3.9888591766,Vz,Near-bottom,m s$^{-1}$,-3.4888591766,0.0000336763,-0.0000446055,-0.0000782818,3
2011-05-03 18:00:00,Upper,113,113,159.1259612203,-31.4329771431,-3.9888591766,Vz,Near-bottom,m s$^{-1}$,-3.4888591766,0.0000494641,-0.0000335969,-0.0000830610,3
2011-05-03 19:00:00,Upper,113,113,159.1259612203,-31.4329771431,-3.9888591766,Vz,Near-bottom,m s$^{-1}$,-3.4888591766,0.0000347765,-0.0000286740,-0.0000634504,3
2011-05-03 20:00:00,Upper,113,113,159.1259612203,-31.4329771431,-3.9888591766,Vz,Near-bottom,m s$^{-1}$,-3.4888591766,0.0000509455,-0.0000208352,-0.0000717808,3
2011-05-03 21:00:00,Upper,113,113,159.1259612203,-31.4329771431,-3.9888591766,Vz,Near-bottom,m s$^{-1}$,-3.4888591766,0.0000406674,-0.0000185891,-0.0000592564,3
2011-05-03 22:00:00,Upper,113,113,159.1259612203,-31.4329771431,-3.9888591766,Vz,Near-bottom,m s$^{-1}$,-3.4888591766,0.0000307703,-0.0000210584,-0.0000518287,3
2011-05-03 23:00:00,Upper,113,113,159.1259612203,-31.4329771431,-3.9888591766,Vz,Near-bottom,m s$^{-1}$,-3.4888591766,0.0000316563,-0.0000288189,-0.0000604752,3
2011-05-04 00:00:00,Upper,113,113,159.1259612203,-31.4329771431,-3.9888591766,Vz,Near-bottom,m s$^{-1}$,-3.4888591766,0.0000238307,-0.0000421244,-0.0000659551,3
2011-05-04 01:00:00,Upper,113,113,159.1259612203,-31.4329771431,-3.9888591766,Vz,Near-bottom,m s$^{-1}$,-3.4888591766,0.0000288718,-0.0000454993,-0.0000743711,3
2011-05-04 02:00:00,Upper,113,113,159.1259612203,-31.4329771431,-3.9888591766,Vz,Near-bottom,m s$^{-1}$,-3.4888591766,0.0000202523,-0.0000473596,-0.0000676119,3
2011-05-04 03:00:00,Upper,113,113,159.1259612203,-31.4329771431,-3.9888591766,Vz,Near-bottom,m s$^{-1}$,-3.4888591766,0.0000247107,-0.0000517011,-0.0000764118,3
2011-05-04 04:00:00,Upper,113,113,159.1259612203,-31.4329771431,-3.9888591766,Vz,Near-bottom,m s$^{-1}$,-3.4888591766,0.0000324529,-0.0000500882,-0.0000825411,3
2011-05-04 05:00:00,Upper,113,113,159.1259612203,-31.4329771431,-3.9888591766,Vz,Near-bottom,m s$^{-1}$,-3.4888591766,0.0000253053,-0.0000464780,-0.0000717832,3
2011-05-04 06:00:00,Upper,113,113,159.1259612203,-31.4329771431,-3.9888591766,Vz,Near-bottom,m s$^{-1}$,-3.4888591766,0.0000339185,-0.0000422171,-0.0000761356,3
2011-05-04 07:00:00,Upper,113,113,159.1259612203,-31.4329771431,-3.9888591766,Vz,Near-bottom,m s$^{-1}$,-3.4888591766,0.0000387378,-0.0000296711,-0.0000684089,3
2011-05-04 08:00:00,Upper,113,113,159.1259612203,-31.4329771431,-3.9888591766,Vz,Near-bottom,m s$^{-1}$,-3.4888591766,0.0000406593,-0.0000177721,-0.0000584314,3
2011-05-04 09:00:00,Upper,113,113,159.1259612203,-31.4329771431,-3.9888591766,Vz,Near-bottom,m s$^{-1}$,-3.4888591766,0.0000412629,-0.0000129319,-0.0000541949,3
2011-05-04 10:00:00,Upper,113,113,159.1259612203,-31.4329771431,-3.9888591766,Vz,Near-bottom,m s$^{-1}$,-3.4888591766,0.0000319624,-0.0000129807,-0.0000449431,3
2011-05-04 11:00:00,Upper,113,113,159.1259612203,-31.4329771431,-3.9888591766,Vz,Near-bottom,m s$^{-1}$,-3.4888591766,0.0000217101,-0.0000154393,-0.0000371493,3
2011-05-04 12:00:00,Upper,113,113,159.1259612203,-31.4329771431,-3.9888591766,Vz,Near-bottom,m s$^{-1}$,-3.4888591766,0.0000232954,-0.0000313991,-0.0000546945,3
2011-05-04 13:00:00,Upper,113,113,159.1259612203,-31.4329771431,-3.9888591766,Vz,Near-bottom,m s$^{-1}$,-3.4888591766,0.0000329812,-0.0000417450,-0.0000747262,3
2011-05-04 14:00:00,Upper,113,113,159.1259612203,-31.4329771431,-3.9888591766,Vz,Near-bottom,m s$^{-1}$,-3.4888591766,0.0000253530,-0.0000510767,-0.0000764297,3
2011-05-04 15:00:00,Upper,113,113,159.1259612203,-31.4329771431,-3.9888591766,Vz,Near-bottom,m s$^{-1}$,-3.4888591766,0.0000352716,-0.0000486614,-0.0000839330,3
2011-05-04 16:00:00,Upper,113,113,159.1259612203,-31.4329771431,-3.9888591766,Vz,Near-bottom,m s$^{-1}$,-3.4888591766,0.0000317161,-0.0000500301,-0.0000817462,3
2011-05-04 17:00:00,Upper,113,113,159.1259612203,-31.4329771431,-3.9888591766,Vz,Near-bottom,m s$^{-1}$,-3.4888591766,0.0000326784,-0.0000467796,-0.0000794580,3
2011-05-04 18:00:00,Upper,113,113,159.1259612203,-31.4329771431,-3.9888591766,Vz,Near-bottom,m s$^{-1}$,-3.4888591766,0.0000290177,-0.0000429406,-0.0000719584,3
2011-05-04 19:00:00,Upper,113,113,159.1259612203,-31.4329771431,-3.9888591766,Vz,Near-bottom,m s$^{-1}$,-3.4888591766,0.0000378370,-0.0000348764,-0.0000727134,3
2011-05-04 20:00:00,Upper,113,113,159.1259612203,-31.4329771431,-3.9888591766,Vz,Near-bottom,m s$^{-1}$,-3.4888591766,0.0000395085,-0.0000212336,-0.0000607421,3
2011-05-04 21:00:00,Upper,113,113,159.1259612203,-31.4329771431,-3.9888591766,Vz,Near-bottom,m s$^{-1}$,-3.4888591766,0.0000385629,-0.0000160044,-0.0000545672,3
2011-05-04 22:00:00,Upper,113,113,159.1259612203,-31.4329771431,-3.9888591766,Vz,Near-bottom,m s$^{-1}$,-3.4888591766,0.0000305604,-0.0000205844,-0.0000511448,3
2011-05-04 23:00:00,Upper,113,113,159.1259612203,-31.4329771431,-3.9888591766,Vz,Near-bottom,m s$^{-1}$,-3.4888591766,0.0000297603,-0.0000155102,-0.0000452706,3
2011-05-05 00:00:00,Upper,113,113,159.1259612203,-31.4329771431,-3.9888591766,Vz,Near-bottom,m s$^{-1}$,-3.4888591766,0.0000210455,-0.0000284409,-0.0000494864,3
2011-05-05 01:00:00,Upper,113,113,159.1259612203,-31.4329771431,-3.9888591766,Vz,Near-bottom,m s$^{-1}$,-3.4888591766,0.0000258968,-0.0000372048,-0.0000631016,3
2011-05-05 02:00:00,Upper,113,113,159.1259612203,-31.4329771431,-3.9888591766,Vz,Near-bottom,m s$^{-1}$,-3.4888591766,0.0000146611,-0.0000456796,-0.0000603408,3
2011-05-05 03:00:00,Upper,113,113,159.1259612203,-31.4329771431,-3.9888591766,Vz,Near-bottom,m s$^{-1}$,-3.4888591766,0.0000300004,-0.0000454750,-0.0000754755,3
2011-05-05 04:00:00,Upper,113,113,159.1259612203,-31.4329771431,-3.9888591766,Vz,Near-bottom,m s$^{-1}$,-3.4888591766,0.0000147972,-0.0000539695,-0.0000687667,3
2011-05-05 05:00:00,Upper,113,113,159.1259612203,-31.4329771431,-3.9888591766,Vz,Near-bottom,m s$^{-1}$,-3.4888591766,0.0000333730,-0.0000494763,-0.0000828493,3
2011-05-05 06:00:00,Upper,113,113,159.1259612203,-31.4329771431,-3.9888591766,Vz,Near-bottom,m s$^{-1}$,-3.4888591766,0.0000217170,-0.0000455567,-0.0000672737,3
2011-05-05 07:00:00,Upper,113,113,159.1259612203,-31.4329771431,-3.9888591766,Vz,Near-bottom,m s$^{-1}$,-3.4888591766,0.0000426413,-0.0000357711,-0.0000784123,3
2011-05-05 08:00:00,Upper,113,113,159.1259612203,-31.4329771431,-3.9888591766,Vz,Near-bottom,m s$^{-1}$,-3.4888591766,0.0000318530,-0.0000251644,-0.0000570174,3
2011-05-05 09:00:00,Upper,113,113,159.1259612203,-31.4329771431,-3.9888591766,Vz,Near-bottom,m s$^{-1}$,-3.4888591766,0.0000437539,-0.0000181136,-0.0000618675,3
2011-05-05 10:00:00,Upper,113,113,159.1259612203,-31.4329771431,-3.9888591766,Vz,Near-bottom,m s$^{-1}$,-3.4888591766,0.0000431304,-0.0000121774,-0.0000553077,3
2011-05-05 11:00:00,Upper,113,113,159.1259612203,-31.4329771431,-3.9888591766,Vz,Near-bottom,m s$^{-1}$,-3.4888591766,0.0000355851,-0.0000139296,-0.0000495147,3
2011-05-05 12:00:00,Upper,113,113,159.1259612203,-31.4329771431,-3.9888591766,Vz,Near-bottom,m s$^{-1}$,-3.4888591766,0.0000236056,-0.0000170576,-0.0000406632,3
2011-05-05 13:00:00,Upper,113,113,159.1259612203,-31.4329771431,-3.9888591766,Vz,Near-bottom,m s$^{-1}$,-3.4888591766,0.0000236518,-0.0000286995,-0.0000523514,3
2011-05-05 14:00:00,Upper,113,113,159.1259612203,-31.4329771431,-3.9888591766,Vz,Near-bottom,m s$^{-1}$,-3.4888591766,0.0000259500,-0.0000373429,-0.0000632928,3
2011-05-05 15:00:00,Upper,113,113,159.1259612203,-31.4329771431,-3.9888591766,Vz,Near-bottom,m s$^{-1}$,-3.4888591766,0.0000133362,-0.0000484921,-0.0000618284,3
2011-05-05 16:00:00,Upper,113,113,159.1259612203,-31.4329771431,-3.9888591766,Vz,Near-bottom,m s$^{-1}$,-3.4888591766,0.0000307793,-0.0000475762,-0.0000783555,3
2011-05-05 17:00:00,Upper,113,113,159.1259612203,-31.4329771431,-3.9888591766,Vz,Near-bottom,m s$^{-1}$,-3.4888591766,0.0000272014,-0.0000496608,-0.0000768622,3
2011-05-05 18:00:00,Upper,113,113,159.1259612203,-31.4329771431,-3.9888591766,Vz,Near-bottom,m s$^{-1}$,-3.4888591766,0.0000282236,-0.0000454097,-0.0000736333,3
2011-05-05 19:00:00,Upper,113,113,159.1259612203,-31.4329771431,-3.9888591766,Vz,Near-bottom,m s$^{-1}$,-3.4888591766,0.0000346946,-0.0000406140,-0.0000753086,3
2011-05-05 20:00:00,Upper,113,113,159.1259612203,-31.4329771431,-3.9888591766,Vz,Near-bottom,m s$^{-1}$,-3.4888591766,0.0000420354,-0.0000283673,-0.0000704027,3
2011-05-05 21:00:00,Upper,113,113,159.1259612203,-31.4329771431,-3.9888591766,Vz,Near-bottom,m s$^{-1}$,-3.4888591766,0.0000383935,-0.0000206193,-0.0000590128,3
2011-05-05 22:00:00,Upper,113,113,159.1259612203,-31.4329771431,-3.9888591766,Vz,Near-bottom,m s$^{-1}$,-3.4888591766,0.0000444133,-0.0000134056,-0.0000578188,3
2011-05-05 23:00:00,Upper,113,113,159.1259612203,-31.4329771431,-3.9888591766,Vz,Near-bottom,m s$^{-1}$,-3.4888591766,0.0000347709,-0.0000174442,-0.0000522151,3
2011-05-06 00:00:00,Upper,113,113,159.1259612203,-31.4329771431,-3.9888591766,Vz,Near-bottom,m s$^{-1}$,-3.4888591766,0.0000345556,-0.0000163184,-0.0000508740,3
2011-05-06 01:00:00,Upper,113,113,159.1259612203,-31.4329771431,-3.9888591766,Vz,Near-bottom,m s$^{-1}$,-3.4888591766,0.0000186112,-0.0000298633,-0.0000484745,3
2011-05-06 02:00:00,Upper,113,113,159.1259612203,-31.4329771431,-3.9888591766,Vz,Near-bottom,m s$^{-1}$,-3.4888591766,0.0000251608,-0.0000403941,-0.0000655549,3
2011-05-06 03:00:00,Upper,113,113,159.1259612203,-31.4329771431,-3.9888591766,Vz,Near-bottom,m s$^{-1}$,-3.4888591766,0.0000115265,-0.0000490589,-0.0000605854,3
2011-05-06 04:00:00,Upper,113,113,159.1259612203,-31.4329771431,-3.9888591766,Vz,Near-bottom,m s$^{-1}$,-3.4888591766,0.0000344992,-0.0000468943,-0.0000813935,3
2011-05-06 05:00:00,Upper,113,113,159.1259612203,-31.4329771431,-3.9888591766,Vz,Near-bottom,m s$^{-1}$,-3.4888591766,0.0000118158,-0.0000562031,-0.0000680189,3
2011-05-06 06:00:00,Upper,113,113,159.1259612203,-31.4329771431,-3.9888591766,Vz,Near-bottom,m s$^{-1}$,-3.4888591766,0.0000337147,-0.0000523788,-0.0000860935,3
2011-05-06 07:00:00,Upper,113,113,159.1259612203,-31.4329771431,-3.9888591766,Vz,Near-bottom,m s$^{-1}$,-3.4888591766,0.0000294427,-0.0000427771,-0.0000722198,3
2011-05-06 08:00:00,Upper,113,113,159.1259612203,-31.4329771431,-3.9888591766,Vz,Near-bottom,m s$^{-1}$,-3.4888591766,0.0000361562,-0.0000352415,-0.0000713977,3
2011-05-06 09:00:00,Upper,113,113,159.1259612203,-31.4329771431,-3.9888591766,Vz,Near-bottom,m s$^{-1}$,-3.4888591766,0.0000465681,-0.0000174471,-0.0000640152,3
2011-05-06 10:00:00,Upper,113,113,159.1259612203,-31.4329771431,-3.9888591766,Vz,Near-bottom,m s$^{-1}$,-3.4888591766,0.0000414637,-0.0000102777,-0.0000517415,3
2011-05-06 11:00:00,Upper,113,113,159.1259612203,-31.4329771431,-3.9888591766,Vz,Near-bottom,m s$^{-1}$,-3.4888591766,0.0000338824,-0.0000142402,-0.0000481227,3
2011-05-06 12:00:00,Upper,113,113,159.1259612203,-31.4329771431,-3.9888591766,Vz,Near-bottom,m s$^{-1}$,-3.4888591766,0.0000484956,-0.0000050785,-0.0000535742,3
2011-05-06 13:00:00,Upper,113,113,159.1259612203,-31.4329771431,-3.9888591766,Vz,Near-bottom,m s$^{-1}$,-3.4888591766,0.0000214481,-0.0000157408,-0.0000371890,3
2011-05-06 14:00:00,Upper,113,113,159.1259612203,-31.4329771431,-3.9888591766,Vz,Near-bottom,m s$^{-1}$,-3.4888591766,0.0000269403,-0.0000371693,-0.0000641096,3
2011-05-06 15:00:00,Upper,113,113,159.1259612203,-31.4329771431,-3.9888591766,Vz,Near-bottom,m s$^{-1}$,-3.4888591766,0.0000194363,-0.0000541838,-0.0000736201,3
2011-05-06 16:00:00,Upper,113,113,159.1259612203,-31.4329771431,-3.9888591766,Vz,Near-bottom,m s$^{-1}$,-3.4888591766,0.0000167337,-0.0000540110,-0.0000707447,3
2011-05-06 17:00:00,Upper,113,113,159.1259612203,-31.4329771431,-3.9888591766,Vz,Near-bottom,m s$^{-1}$,-3.4888591766,0.0000297249,-0.0000485843,-0.0000783092,3
2011-05-06 18:00:00,Upper,113,113,159.1259612203,-31.4329771431,-3.9888591766,Vz,Near-bottom,m s$^{-1}$,-3.4888591766,0.0000259423,-0.0000497779,-0.0000757202,3
2011-05-06 19:00:00,Upper,113,113,159.1259612203,-31.4329771431,-3.9888591766,Vz,Near-bottom,m s$^{-1}$,-3.4888591766,0.0000223747,-0.0000477813,-0.0000701559,3
2011-05-06 20:00:00,Upper,113,113,159.1259612203,-31.4329771431,-3.9888591766,Vz,Near-bottom,m s$^{-1}$,-3.4888591766,0.0000386638,-0.0000409782,-0.0000796420,3
2011-05-06 21:00:00,Upper,113,113,159.1259612203,-31.4329771431,-3.9888591766,Vz,Near-bottom,m s$^{-1}$,-3.4888591766,0.0000436742,-0.0000242352,-0.0000679094,3
2011-05-06 22:00:00,Upper,113,113,159.1259612203,-31.4329771431,-3.9888591766,Vz,Near-bottom,m s$^{-1}$,-3.4888591766,0.0000436163,-0.0000148045,-0.0000584208,3
2011-05-06 23:00:00,Upper,113,113,159.1259612203,-31.4329771431,-3.9888591766,Vz,Near-bottom,m s$^{-1}$,-3.4888591766,0.0000349379,-0.0000159451,-0.0000508830,3
2011-05-07 00:00:00,Upper,113,113,159.1259612203,-31.4329771431,-3.9888591766,Vz,Near-bottom,m s$^{-1}$,-3.4888591766,0.0000327358,-0.0000079203,-0.0000406562,3
2011-05-01 01:00:00,Upper,113,113,159.1259612203,-31.4329771431,-3.9888591766,Vz,Surface,m s$^{-1}$,-0.4003248360,0.0000033089,0.0000046675,0.0000013586,4
2011-05-01 02:00:00,Upper,113,113,159.1259612203,-31.4329771431,-3.9888591766,Vz,Surface,m s$^{-1}$,-0.5613587075,-0.0000540483,-0.0000113840,0.0000426643,4
2011-05-01 03:00:00,Upper,113,113,159.1259612203,-31.4329771431,-3.9888591766,Vz,Surface,m s$^{-1}$,-0.5668767782,0.0000194822,-0.0000006632,-0.0000201454,4
2011-05-01 04:00:00,Upper,113,113,159.1259612203,-31.4329771431,-3.9888591766,Vz,Surface,m s$^{-1}$,-0.6011849296,0.0000756285,0.0000035220,-0.0000721065,4
2011-05-01 05:00:00,Upper,113,113,159.1259612203,-31.4329771431,-3.9888591766,Vz,Surface,m s$^{-1}$,-0.5625981109,0.0000293580,0.0000088244,-0.0000205336,4
2011-05-01 06:00:00,Upper,113,113,159.1259612203,-31.4329771431,-3.9888591766,Vz,Surface,m s$^{-1}$,-0.5161941787,0.0000377524,-0.0000019479,-0.0000397003,4
2011-05-01 07:00:00,Upper,113,113,159.1259612203,-31.4329771431,-3.9888591766,Vz,Surface,m s$^{-1}$,-0.4480230727,0.0000445919,-0.0000317706,-0.0000763625,4
2011-05-01 08:00:00,Upper,113,113,159.1259612203,-31.4329771431,-3.9888591766,Vz,Surface,m s$^{-1}$,-0.3883335693,0.0000439641,-0.0000519447,-0.0000959088,4
2011-05-01 09:00:00,Upper,113,113,159.1259612203,-31.4329771431,-3.9888591766,Vz,Surface,m s$^{-1}$,-0.3385529582,0.0000475902,-0.0000739902,-0.0001215804,4
2011-05-01 10:00:00,Upper,113,113,159.1259612203,-31.4329771431,-3.9888591766,Vz,Surface,m s$^{-1}$,-0.3208229543,0.0000397517,-0.0000944439,-0.0001341957,4
2011-05-01 11:00:00,Upper,113,113,159.1259612203,-31.4329771431,-3.9888591766,Vz,Surface,m s$^{-1}$,-0.3267285877,0.0000331658,-0.0000967933,-0.0001299591,4
2011-05-01 12:00:00,Upper,113,113,159.1259612203,-31.4329771431,-3.9888591766,Vz,Surface,m s$^{-1}$,-0.3605018249,0.0000316875,-0.0000959718,-0.0001276593,4
2011-05-01 13:00:00,Upper,113,113,159.1259612203,-31.4329771431,-3.9888591766,Vz,Surface,m s$^{-1}$,-0.4239021944,0.0000207653,-0.0000832339,-0.0001039993,4
2011-05-01 14:00:00,Upper,113,113,159.1259612203,-31.4329771431,-3.9888591766,Vz,Surface,m s$^{-1}$,-0.4764399215,0.0000187162,-0.0000745024,-0.0000932186,4
2011-05-01 15:00:00,Upper,113,113,159.1259612203,-31.4329771431,-3.9888591766,Vz,Surface,m s$^{-1}$,-0.5197666910,0.0000184679,-0.0000657225,-0.0000841904,4
2011-05-01 16:00:00,Upper,113,113,159.1259612203,-31.4329771431,-3.9888591766,Vz,Surface,m s$^{-1}$,-0.5425794470,0.0000193401,-0.0000536025,-0.0000729426,4
2011-05-01 17:00:00,Upper,113,113,159.1259612203,-31.4329771431,-3.9888591766,Vz,Surface,m s$^{-1}$,-0.5321040564,0.0000169989,-0.0000468326,-0.0000638316,4
2011-05-01 18:00:00,Upper,113,113,159.1259612203,-31.4329771431,-3.9888591766,Vz,Surface,m s$^{-1}$,-0.4966329742,0.0000194898,-0.0000348564,-0.0000543461,4
2011-05-01 19:00:00,Upper,113,113,159.1259612203,-31.4329771431,-3.9888591766,Vz,Surface,m s$^{-1}$,-0.4261363209,0.0000140298,-0.0000412581,-0.0000552878,4
2011-05-01 20:00:00,Upper,113,113,159.1259612203,-31.4329771431,-3.9888591766,Vz,Surface,m s$^{-1}$,-0.3718319489,0.0000150807,-0.0000428331,-0.0000579139,4
2011-05-01 21:00:00,Upper,113,113,159.1259612203,-31.4329771431,-3.9888591766,Vz,Surface,m s$^{-1}$,-0.3145462078,0.0000192570,-0.0000509105,-0.0000701675,4
2011-05-01 22:00:00,Upper,113,113,159.1259612203,-31.4329771431,-3.9888591766,Vz,Surface,m s$^{-1}$,-0.2875354776,0.0000178834,-0.0000662328,-0.0000841161,4
2011-05-01 23:00:00,Upper,113,113,159.1259612203,-31.4329771431,-3.9888591766,Vz,Surface,m s$^{-1}$,-0.2962630024,0.0000188618,-0.0000753404,-0.0000942023,4
2011-05-02 00:00:00,Upper,113,113,159.1259612203,-31.4329771431,-3.9888591766,Vz,Surface,m s$^{-1}$,-0.3414632784,0.0000225845,-0.0000739733,-0.0000965578,4
2011-05-02 01:00:00,Upper,113,113,159.1259612203,-31.4329771431,-3.9888591766,Vz,Surface,m s$^{-1}$,-0.4043796437,0.0000226743,-0.0000708346,-0.0000935089,4
2011-05-02 02:00:00,Upper,113,113,159.1259612203,-31.4329771431,-3.9888591766,Vz,Surface,m s$^{-1}$,-0.4732310922,0.0000240427,-0.0000689611,-0.0000930038,4
2011-05-02 03:00:00,Upper,113,113,159.1259612203,-31.4329771431,-3.9888591766,Vz,Surface,m s$^{-1}$,-0.5240184981,0.0000257967,-0.0000625313,-0.0000883280,4
2011-05-02 04:00:00,Upper,113,113,159.1259612203,-31.4329771431,-3.9888591766,Vz,Surface,m s$^{-1}$,-0.5647749884,0.0000250725,-0.0000549096,-0.0000799821,4
2011-05-02 05:00:00,Upper,113,113,159.1259612203,-31.4329771431,-3.9888591766,Vz,Surface,m s$^{-1}$,-0.5741196465,0.0000218548,-0.0000441992,-0.0000660541,4
2011-05-02 06:00:00,Upper,113,113,159.1259612203,-31.4329771431,-3.9888591766,Vz,Surface,m s$^{-1}$,-0.5501406406,0.0000235162,-0.0000350863,-0.0000586025,4
2011-05-02 07:00:00,Upper,113,113,159.1259612203,-31.4329771431,-3.9888591766,Vz,Surface,m s$^{-1}$,-0.4949700895,0.0000245771,-0.0000295056,-0.0000540827,4
2011-05-02 08:00:00,Upper,113,113,159.1259612203,-31.4329771431,-3.9888591766,Vz,Surface,m s$^{-1}$,-0.4230888636,0.0000170126,-0.0000328190,-0.0000498316,4
2011-05-02 09:00:00,Upper,113,113,159.1259612203,-31.4329771431,-3.9888591766,Vz,Surface,m s$^{-1}$,-0.3591958709,0.0000204443,-0.0000375906,-0.0000580349,4
2011-05-02 10:00:00,Upper,113,113,159.1259612203,-31.4329771431,-3.9888591766,Vz,Surface,m s$^{-1}$,-0.3128962178,0.0000211751,-0.0000487951,-0.0000699702,4
2011-05-02 11:00:00,Upper,113,113,159.1259612203,-31.4329771431,-3.9888591766,Vz,Surface,m s$^{-1}$,-0.2945432499,0.0000200962,-0.0000626081,-0.0000827042,4
2011-05-02 12:00:00,Upper,113,113,159.1259612203,-31.4329771431,-3.9888591766,Vz,Surface,m s$^{-1}$,-0.3081405039,0.0000220294,-0.0000667506,-0.0000887800,4
2011-05-02 13:00:00,Upper,113,113,159.1259612203,-31.4329771431,-3.9888591766,Vz,Surface,m s$^{-1}$,-0.3490742377,0.0000236335,-0.0000628277,-0.0000864612,4
2011-05-02 14:00:00,Upper,113,113,159.1259612203,-31.4329771431,-3.9888591766,Vz,Surface,m s$^{-1}$,-0.4097103323,0.0000203721,-0.0000569599,-0.0000773320,4
2011-05-02 15:00:00,Upper,113,113,159.1259612203,-31.4329771431,-3.9888591766,Vz,Surface,m s$^{-1}$,-0.4649744880,0.0000276320,-0.0000566619,-0.0000842939,4
2011-05-02 16:00:00,Upper,113,113,159.1259612203,-31.4329771431,-3.9888591766,Vz,Surface,m s$^{-1}$,-0.5031023385,0.0000320552,-0.0000498957,-0.0000819509,4
2011-05-02 17:00:00,Upper,113,113,159.1259612203,-31.4329771431,-3.9888591766,Vz,Surface,m s$^{-1}$,-0.5236901516,0.0000318120,-0.0000463587,-0.0000781707,4
2011-05-02 18:00:00,Upper,113,113,159.1259612203,-31.4329771431,-3.9888591766,Vz,Surface,m s$^{-1}$,-0.5215958875,0.0000435850,-0.0000327472,-0.0000763323,4
2011-05-02 19:00:00,Upper,113,113,159.1259612203,-31.4329771431,-3.9888591766,Vz,Surface,m s$^{-1}$,-0.4691665081,0.0000303955,-0.0000281055,-0.0000585010,4
2011-05-02 20:00:00,Upper,113,113,159.1259612203,-31.4329771431,-3.9888591766,Vz,Surface,m s$^{-1}$,-0.4102540597,0.0000265487,-0.0000314702,-0.0000580189,4
2011-05-02 21:00:00,Upper,113,113,159.1259612203,-31.4329771431,-3.9888591766,Vz,Surface,m s$^{-1}$,-0.3483552766,0.0000324902,-0.0000311090,-0.0000635993,4
2011-05-02 22:00:00,Upper,113,113,159.1259612203,-31.4329771431,-3.9888591766,Vz,Surface,m s$^{-1}$,-0.3016251317,0.0000253754,-0.0000425935,-0.0000679690,4
2011-05-02 23:00:00,Upper,113,113,159.1259612203,-31.4329771431,-3.9888591766,Vz,Surface,m s$^{-1}$,-0.2844436691,0.0000241157,-0.0000560184,-0.0000801341,4
2011-05-03 00:00:00,Upper,113,113,159.1259612203,-31.4329771431,-3.9888591766,Vz,Surface,m s$^{-1}$,-0.3028879179,0.0000194797,-0.0000655855,-0.0000850652,4
2011-05-03 01:00:00,Upper,113,113,159.1259612203,-31.4329771431,-3.9888591766,Vz,Surface,m s$^{-1}$,-0.3529555049,0.0000242668,-0.0000606505,-0.0000849173,4
2011-05-03 02:00:00,Upper,113,113,159.1259612203,-31.4329771431,-3.9888591766,Vz,Surface,m s$^{-1}$,-0.4133501579,0.0000181999,-0.0000584599,-0.0000766598,4
2011-05-03 03:00:00,Upper,113,113,159.1259612203,-31.4329771431,-3.9888591766,Vz,Surface,m s$^{-1}$,-0.4840875842,0.0000310009,-0.0000570947,-0.0000880955,4
2011-05-03 04:00:00,Upper,113,113,159.1259612203,-31.4329771431,-3.9888591766,Vz,Surface,m s$^{-1}$,-0.5338587223,0.0000329180,-0.0000515827,-0.0000845007,4
2011-05-03 05:00:00,Upper,113,113,159.1259612203,-31.4329771431,-3.9888591766,Vz,Surface,m s$^{-1}$,-0.5799466142,0.0000390011,-0.0000470155,-0.0000860166,4
2011-05-03 06:00:00,Upper,113,113,159.1259612203,-31.4329771431,-3.9888591766,Vz,Surface,m s$^{-1}$,-0.5922543417,0.0000530351,-0.0000301698,-0.0000832049,4
2011-05-03 07:00:00,Upper,113,113,159.1259612203,-31.4329771431,-3.9888591766,Vz,Surface,m s$^{-1}$,-0.5480875836,0.0000386027,-0.0000226339,-0.0000612366,4
2011-05-03 08:00:00,Upper,113,113,159.1259612203,-31.4329771431,-3.9888591766,Vz,Surface,m s$^{-1}$,-0.4938678189,0.0000398604,-0.0000199587,-0.0000598191,4
2011-05-03 09:00:00,Upper,113,113,159.1259612203,-31.4329771431,-3.9888591766,Vz,Surface,m s$^{-1}$,-0.4161242165,0.0000335803,-0.0000171717,-0.0000507521,4
2011-05-03 10:00:00,Upper,113,113,159.1259612203,-31.4329771431,-3.9888591766,Vz,Surface,m s$^{-1}$,-0.3444689072,0.0000317489,-0.0000250770,-0.0000568259,4
2011-05-03 11:00:00,Upper,113,113,159.1259612203,-31.4329771431,-3.9888591766,Vz,Surface,m s$^{-1}$,-0.3031378012,0.0000294786,-0.0000345438,-0.0000640224,4
2011-05-03 12:00:00,Upper,113,113,159.1259612203,-31.4329771431,-3.9888591766,Vz,Surface,m s$^{-1}$,-0.2874165804,0.0000201043,-0.0000515767,-0.0000716810,4
2011-05-03 13:00:00,Upper,113,113,159.1259612203,-31.4329771431,-3.9888591766,Vz,Surface,m s$^{-1}$,-0.3163773897,0.0000204352,-0.0000568307,-0.0000772659,4
2011-05-03 14:00:00,Upper,113,113,159.1259612203,-31.4329771431,-3.9888591766,Vz,Surface,m s$^{-1}$,-0.3576214763,0.0000214575,-0.0000535770,-0.0000750345,4
2011-05-03 15:00:00,Upper,113,113,159.1259612203,-31.4329771431,-3.9888591766,Vz,Surface,m s$^{-1}$,-0.4179066528,0.0000188734,-0.0000488913,-0.0000677647,4
2011-05-03 16:00:00,Upper,113,113,159.1259612203,-31.4329771431,-3.9888591766,Vz,Surface,m s$^{-1}$,-0.4728691080,0.0000287587,-0.0000473376,-0.0000760963,4
2011-05-03 17:00:00,Upper,113,113,159.1259612203,-31.4329771431,-3.9888591766,Vz,Surface,m s$^{-1}$,-0.5161186590,0.0000324182,-0.0000432107,-0.0000756290,4
2011-05-03 18:00:00,Upper,113,113,159.1259612203,-31.4329771431,-3.9888591766,Vz,Surface,m s$^{-1}$,-0.5352641884,0.0000468796,-0.0000307968,-0.0000776764,4
2011-05-03 19:00:00,Upper,113,113,159.1259612203,-31.4329771431,-3.9888591766,Vz,Surface,m s$^{-1}$,-0.5102144014,0.0000354584,-0.0000262659,-0.0000617243,4
2011-05-03 20:00:00,Upper,113,113,159.1259612203,-31.4329771431,-3.9888591766,Vz,Surface,m s$^{-1}$,-0.4738457738,0.0000414027,-0.0000183855,-0.0000597882,4
2011-05-03 21:00:00,Upper,113,113,159.1259612203,-31.4329771431,-3.9888591766,Vz,Surface,m s$^{-1}$,-0.3998902031,0.0000299798,-0.0000177413,-0.0000477211,4
2011-05-03 22:00:00,Upper,113,113,159.1259612203,-31.4329771431,-3.9888591766,Vz,Surface,m s$^{-1}$,-0.3373385775,0.0000372681,-0.0000224923,-0.0000597603,4
2011-05-03 23:00:00,Upper,113,113,159.1259612203,-31.4329771431,-3.9888591766,Vz,Surface,m s$^{-1}$,-0.2904738407,0.0000289893,-0.0000314390,-0.0000604283,4
2011-05-04 00:00:00,Upper,113,113,159.1259612203,-31.4329771431,-3.9888591766,Vz,Surface,m s$^{-1}$,-0.2791375993,0.0000211705,-0.0000472580,-0.0000684285,4
2011-05-04 01:00:00,Upper,113,113,159.1259612203,-31.4329771431,-3.9888591766,Vz,Surface,m s$^{-1}$,-0.3054888767,0.0000226998,-0.0000525288,-0.0000752286,4
2011-05-04 02:00:00,Upper,113,113,159.1259612203,-31.4329771431,-3.9888591766,Vz,Surface,m s$^{-1}$,-0.3546462767,0.0000215102,-0.0000523800,-0.0000738902,4
2011-05-04 03:00:00,Upper,113,113,159.1259612203,-31.4329771431,-3.9888591766,Vz,Surface,m s$^{-1}$,-0.4303516427,0.0000192996,-0.0000520114,-0.0000713110,4
2011-05-04 04:00:00,Upper,113,113,159.1259612203,-31.4329771431,-3.9888591766,Vz,Surface,m s$^{-1}$,-0.5029330716,0.0000337935,-0.0000462630,-0.0000800565,4
2011-05-04 05:00:00,Upper,113,113,159.1259612203,-31.4329771431,-3.9888591766,Vz,Surface,m s$^{-1}$,-0.5521466644,0.0000362391,-0.0000411336,-0.0000773727,4
2011-05-04 06:00:00,Upper,113,113,159.1259612203,-31.4329771431,-3.9888591766,Vz,Surface,m s$^{-1}$,-0.5936441965,0.0000450864,-0.0000351256,-0.0000802120,4
2011-05-04 07:00:00,Upper,113,113,159.1259612203,-31.4329771431,-3.9888591766,Vz,Surface,m s$^{-1}$,-0.5961454454,0.0000513864,-0.0000213686,-0.0000727550,4
2011-05-04 08:00:00,Upper,113,113,159.1259612203,-31.4329771431,-3.9888591766,Vz,Surface,m s$^{-1}$,-0.5523523023,0.0000479283,-0.0000100548,-0.0000579831,4
2011-05-04 09:00:00,Upper,113,113,159.1259612203,-31.4329771431,-3.9888591766,Vz,Surface,m s$^{-1}$,-0.4752204987,0.0000400946,-0.0000063454,-0.0000464400,4
2011-05-04 10:00:00,Upper,113,113,159.1259612203,-31.4329771431,-3.9888591766,Vz,Surface,m s$^{-1}$,-0.3884700306,0.0000313428,-0.0000082743,-0.0000396172,4
2011-05-04 11:00:00,Upper,113,113,159.1259612203,-31.4329771431,-3.9888591766,Vz,Surface,m s$^{-1}$,-0.3196567216,0.0000351075,-0.0000131293,-0.0000482367,4
2011-05-04 12:00:00,Upper,113,113,159.1259612203,-31.4329771431,-3.9888591766,Vz,Surface,m s$^{-1}$,-0.2810855531,0.0000244373,-0.0000285924,-0.0000530297,4
2011-05-04 13:00:00,Upper,113,113,159.1259612203,-31.4329771431,-3.9888591766,Vz,Surface,m s$^{-1}$,-0.2827142658,0.0000329134,-0.0000403404,-0.0000732538,4
2011-05-04 14:00:00,Upper,113,113,159.1259612203,-31.4329771431,-3.9888591766,Vz,Surface,m s$^{-1}$,-0.3088227585,0.0000231014,-0.0000539022,-0.0000770036,4
2011-05-04 15:00:00,Upper,113,113,159.1259612203,-31.4329771431,-3.9888591766,Vz,Surface,m s$^{-1}$,-0.3711090511,0.0000200520,-0.0000490449,-0.0000690969,4
2011-05-04 16:00:00,Upper,113,113,159.1259612203,-31.4329771431,-3.9888591766,Vz,Surface,m s$^{-1}$,-0.4316687355,0.0000187432,-0.0000427655,-0.0000615088,4
2011-05-04 17:00:00,Upper,113,113,159.1259612203,-31.4329771431,-3.9888591766,Vz,Surface,m s$^{-1}$,-0.4874264155,0.0000268469,-0.0000349540,-0.0000618009,4
2011-05-04 18:00:00,Upper,113,113,159.1259612203,-31.4329771431,-3.9888591766,Vz,Surface,m s$^{-1}$,-0.5285429534,0.0000334579,-0.0000302564,-0.0000637143,4
2011-05-04 19:00:00,Upper,113,113,159.1259612203,-31.4329771431,-3.9888591766,Vz,Surface,m s$^{-1}$,-0.5523490991,0.0000423502,-0.0000223121,-0.0000646623,4
2011-05-04 20:00:00,Upper,113,113,159.1259612203,-31.4329771431,-3.9888591766,Vz,Surface,m s$^{-1}$,-0.5308655165,0.0000428001,-0.0000097591,-0.0000525593,4
2011-05-04 21:00:00,Upper,113,113,159.1259612203,-31.4329771431,-3.9888591766,Vz,Surface,m s$^{-1}$,-0.4729229061,0.0000368813,-0.0000060906,-0.0000429719,4
2011-05-04 22:00:00,Upper,113,113,159.1259612203,-31.4329771431,-3.9888591766,Vz,Surface,m s$^{-1}$,-0.4063118150,0.0000304379,-0.0000120253,-0.0000424632,4
2011-05-04 23:00:00,Upper,113,113,159.1259612203,-31.4329771431,-3.9888591766,Vz,Surface,m s$^{-1}$,-0.3500291359,0.0000361225,-0.0000087476,-0.0000448701,4
2011-05-05 00:00:00,Upper,113,113,159.1259612203,-31.4329771431,-3.9888591766,Vz,Surface,m s$^{-1}$,-0.3053362107,0.0000264602,-0.0000228224,-0.0000492827,4
2011-05-05 01:00:00,Upper,113,113,159.1259612203,-31.4329771431,-3.9888591766,Vz,Surface,m s$^{-1}$,-0.3036709317,0.0000255515,-0.0000327942,-0.0000583457,4
2011-05-05 02:00:00,Upper,113,113,159.1259612203,-31.4329771431,-3.9888591766,Vz,Surface,m s$^{-1}$,-0.3283231051,0.0000203963,-0.0000432208,-0.0000636170,4
2011-05-05 03:00:00,Upper,113,113,159.1259612203,-31.4329771431,-3.9888591766,Vz,Surface,m s$^{-1}$,-0.3889369793,0.0000178578,-0.0000415636,-0.0000594214,4
2011-05-05 04:00:00,Upper,113,113,159.1259612203,-31.4329771431,-3.9888591766,Vz,Surface,m s$^{-1}$,-0.4574190514,0.0000257237,-0.0000456101,-0.0000713338,4
2011-05-05 05:00:00,Upper,113,113,159.1259612203,-31.4329771431,-3.9888591766,Vz,Surface,m s$^{-1}$,-0.5348093904,0.0000381962,-0.0000376773,-0.0000758735,4
2011-05-05 06:00:00,Upper,113,113,159.1259612203,-31.4329771431,-3.9888591766,Vz,Surface,m s$^{-1}$,-0.5807579160,0.0000392632,-0.0000322657,-0.0000715289,4
2011-05-05 07:00:00,Upper,113,113,159.1259612203,-31.4329771431,-3.9888591766,Vz,Surface,m s$^{-1}$,-0.6147651429,0.0000539002,-0.0000213583,-0.0000752585,4
2011-05-05 08:00:00,Upper,113,113,159.1259612203,-31.4329771431,-3.9888591766,Vz,Surface,m s$^{-1}$,-0.5925091097,0.0000454411,-0.0000109566,-0.0000563977,4
2011-05-05 09:00:00,Upper,113,113,159.1259612203,-31.4329771431,-3.9888591766,Vz,Surface,m s$^{-1}$,-0.5533843687,0.0000485741,-0.0000042257,-0.0000527998,4
2011-05-05 10:00:00,Upper,113,113,159.1259612203,-31.4329771431,-3.9888591766,Vz,Surface,m s$^{-1}$,-0.4749296640,0.0000409031,0.0000005652,-0.0000403379,4
2011-05-05 11:00:00,Upper,113,113,159.1259612203,-31.4329771431,-3.9888591766,Vz,Surface,m s$^{-1}$,-0.3917930826,0.0000295552,-0.0000028731,-0.0000324283,4
2011-05-05 12:00:00,Upper,113,113,159.1259612203,-31.4329771431,-3.9888591766,Vz,Surface,m s$^{-1}$,-0.3253795336,0.0000397060,-0.0000083388,-0.0000480447,4
2011-05-05 13:00:00,Upper,113,113,159.1259612203,-31.4329771431,-3.9888591766,Vz,Surface,m s$^{-1}$,-0.2867845718,0.0000267432,-0.0000208732,-0.0000476163,4
2011-05-05 14:00:00,Upper,113,113,159.1259612203,-31.4329771431,-3.9888591766,Vz,Surface,m s$^{-1}$,-0.2816183766,0.0000229511,-0.0000315007,-0.0000544518,4
2011-05-05 15:00:00,Upper,113,113,159.1259612203,-31.4329771431,-3.9888591766,Vz,Surface,m s$^{-1}$,-0.3138793567,0.0000163913,-0.0000451132,-0.0000615045,4
2011-05-05 16:00:00,Upper,113,113,159.1259612203,-31.4329771431,-3.9888591766,Vz,Surface,m s$^{-1}$,-0.3854875151,0.0000151027,-0.0000420061,-0.0000571088,4
2011-05-05 17:00:00,Upper,113,113,159.1259612203,-31.4329771431,-3.9888591766,Vz,Surface,m s$^{-1}$,-0.4498660677,0.0000265940,-0.0000382604,-0.0000648544,4
2011-05-05 18:00:00,Upper,113,113,159.1259612203,-31.4329771431,-3.9888591766,Vz,Surface,m s$^{-1}$,-0.5043045736,0.0000303366,-0.0000311849,-0.0000615214,4
2011-05-05 19:00:00,Upper,113,113,159.1259612203,-31.4329771431,-3.9888591766,Vz,Surface,m s$^{-1}$,-0.5423981847,0.0000390423,-0.0000250958,-0.0000641380,4
2011-05-05 20:00:00,Upper,113,113,159.1259612203,-31.4329771431,-3.9888591766,Vz,Surface,m s$^{-1}$,-0.5471312664,0.0000456987,-0.0000127013,-0.0000584000,4
2011-05-05 21:00:00,Upper,113,113,159.1259612203,-31.4329771431,-3.9888591766,Vz,Surface,m s$^{-1}$,-0.5085083008,0.0000390857,-0.0000062978,-0.0000453835,4
2011-05-05 22:00:00,Upper,113,113,159.1259612203,-31.4329771431,-3.9888591766,Vz,Surface,m s$^{-1}$,-0.4453936152,0.0000374618,-0.0000003802,-0.0000378419,4
2011-05-05 23:00:00,Upper,113,113,159.1259612203,-31.4329771431,-3.9888591766,Vz,Surface,m s$^{-1}$,-0.3733145118,0.0000328279,-0.0000068498,-0.0000396777,4
2011-05-06 00:00:00,Upper,113,113,159.1259612203,-31.4329771431,-3.9888591766,Vz,Surface,m s$^{-1}$,-0.3224765577,0.0000346470,-0.0000061898,-0.0000408369,4
2011-05-06 01:00:00,Upper,113,113,159.1259612203,-31.4329771431,-3.9888591766,Vz,Surface,m s$^{-1}$,-0.2742281144,0.0000257640,-0.0000212792,-0.0000470432,4
2011-05-06 02:00:00,Upper,113,113,159.1259612203,-31.4329771431,-3.9888591766,Vz,Surface,m s$^{-1}$,-0.2812762886,0.0000236833,-0.0000335030,-0.0000571864,4
2011-05-06 03:00:00,Upper,113,113,159.1259612203,-31.4329771431,-3.9888591766,Vz,Surface,m s$^{-1}$,-0.3215982151,0.0000190254,-0.0000432325,-0.0000622579,4
2011-05-06 04:00:00,Upper,113,113,159.1259612203,-31.4329771431,-3.9888591766,Vz,Surface,m s$^{-1}$,-0.3988304928,0.0000196596,-0.0000386575,-0.0000583170,4
2011-05-06 05:00:00,Upper,113,113,159.1259612203,-31.4329771431,-3.9888591766,Vz,Surface,m s$^{-1}$,-0.4732726858,0.0000260997,-0.0000433568,-0.0000694565,4
2011-05-06 06:00:00,Upper,113,113,159.1259612203,-31.4329771431,-3.9888591766,Vz,Surface,m s$^{-1}$,-0.5638719260,0.0000405698,-0.0000362370,-0.0000768068,4
2011-05-06 07:00:00,Upper,113,113,159.1259612203,-31.4329771431,-3.9888591766,Vz,Surface,m s$^{-1}$,-0.6093859327,0.0000466973,-0.0000249790,-0.0000716763,4
2011-05-06 08:00:00,Upper,113,113,159.1259612203,-31.4329771431,-3.9888591766,Vz,Surface,m s$^{-1}$,-0.6325953677,0.0000521410,-0.0000170860,-0.0000692269,4
2011-05-06 09:00:00,Upper,113,113,159.1259612203,-31.4329771431,-3.9888591766,Vz,Surface,m s$^{-1}$,-0.6055689376,0.0000573815,0.0000006257,-0.0000567558,4
2011-05-06 10:00:00,Upper,113,113,159.1259612203,-31.4329771431,-3.9888591766,Vz,Surface,m s$^{-1}$,-0.5281848979,0.0000432759,0.0000062779,-0.0000369980,4
2011-05-06 11:00:00,Upper,113,113,159.1259612203,-31.4329771431,-3.9888591766,Vz,Surface,m s$^{-1}$,-0.4411599623,0.0000358943,0.0000009529,-0.0000349414,4
2011-05-06 12:00:00,Upper,113,113,159.1259612203,-31.4329771431,-3.9888591766,Vz,Surface,m s$^{-1}$,-0.3576525173,0.0000422727,0.0000076212,-0.0000346515,4
2011-05-06 13:00:00,Upper,113,113,159.1259612203,-31.4329771431,-3.9888591766,Vz,Surface,m s$^{-1}$,-0.2791992251,0.0000259887,-0.0000049520,-0.0000309407,4
2011-05-06 14:00:00,Upper,113,113,159.1259612203,-31.4329771431,-3.9888591766,Vz,Surface,m s$^{-1}$,-0.2559962781,0.0000256793,-0.0000538723,-0.0000795515,4
2011-05-06 15:00:00,Upper,113,113,159.1259612203,-31.4329771431,-3.9888591766,Vz,Surface,m s$^{-1}$,-0.2624711639,0.0000208565,-0.0000806065,-0.0001014629,4
2011-05-06 16:00:00,Upper,113,113,159.1259612203,-31.4329771431,-3.9888591766,Vz,Surface,m s$^{-1}$,-0.3141256956,0.0000182218,-0.0000510855,-0.0000693073,4
2011-05-06 17:00:00,Upper,113,113,159.1259612203,-31.4329771431,-3.9888591766,Vz,Surface,m s$^{-1}$,-0.3842089082,0.0000185367,-0.0000385237,-0.0000570604,4
2011-05-06 18:00:00,Upper,113,113,159.1259612203,-31.4329771431,-3.9888591766,Vz,Surface,m s$^{-1}$,-0.4501111918,0.0000299984,-0.0000338448,-0.0000638431,4
2011-05-06 19:00:00,Upper,113,113,159.1259612203,-31.4329771431,-3.9888591766,Vz,Surface,m s$^{-1}$,-0.5084913411,0.0000322936,-0.0000295690,-0.0000618626,4
2011-05-06 20:00:00,Upper,113,113,159.1259612203,-31.4329771431,-3.9888591766,Vz,Surface,m s$^{-1}$,-0.5557076297,0.0000467567,-0.0000217705,-0.0000685272,4
2011-05-06 21:00:00,Upper,113,113,159.1259612203,-31.4329771431,-3.9888591766,Vz,Surface,m s$^{-1}$,-0.5510911139,0.0000521052,-0.0000051913,-0.0000572966,4
2011-05-06 22:00:00,Upper,113,113,159.1259612203,-31.4329771431,-3.9888591766,Vz,Surface,m s$^{-1}$,-0.4962302480,0.0000435794,0.0000023929,-0.0000411864,4
2011-05-06 23:00:00,Upper,113,113,159.1259612203,-31.4329771431,-3.9888591766,Vz,Surface,m s$^{-1}$,-0.4207623965,0.0000332355,-0.0000002083,-0.0000334437,4
2011-05-07 00:00:00,Upper,113,113,159.1259612203,-31.4329771431,-3.9888591766,Vz,Surface,m s$^{-1}$,-0.3464754775,0.0000390500,0.0000055480,-0.0000335020,4
2011-05-01 01:00:00,Upper,113,113,159.1259612203,-31.4329771431,-3.9888591766,Water level,2D,m,,0.1329216957,0.0664286324,-0.0664930634,4
2011-05-01 02:00:00,Upper,113,113,159.1259612203,-31.4329771431,-3.9888591766,Water level,2D,m,,-0.0929780006,-0.0297394144,0.0632385863,4
2011-05-01 03:00:00,Upper,113,113,159.1259612203,-31.4329771431,-3.9888591766,Water level,2D,m,,-0.0534482002,-0.0803053563,-0.0268571560,4
2011-05-01 04:00:00,Upper,113,113,159.1259612203,-31.4329771431,-3.9888591766,Water level,2D,m,,-0.1038203239,-0.0985495353,0.0052707886,4
2011-05-01 05:00:00,Upper,113,113,159.1259612203,-31.4329771431,-3.9888591766,Water level,2D,m,,-0.0772311687,-0.0479650531,0.0292661156,4
2011-05-01 06:00:00,Upper,113,113,159.1259612203,-31.4329771431,-3.9888591766,Water level,2D,m,,-0.0173461437,-0.0150422136,0.0023039301,4
2011-05-01 07:00:00,Upper,113,113,159.1259612203,-31.4329771431,-3.9888591766,Water level,2D,m,,0.0444607735,0.0594930811,0.0150323076,4
2011-05-01 08:00:00,Upper,113,113,159.1259612203,-31.4329771431,-3.9888591766,Water level,2D,m,,0.1039862633,0.1193465982,0.0153603349,4
2011-05-01 09:00:00,Upper,113,113,159.1259612203,-31.4329771431,-3.9888591766,Water level,2D,m,,0.1515245438,0.1713695399,0.0198449961,4
2011-05-01 10:00:00,Upper,113,113,159.1259612203,-31.4329771431,-3.9888591766,Water level,2D,m,,0.1638121605,0.1945419308,0.0307297703,4
2011-05-01 11:00:00,Upper,113,113,159.1259612203,-31.4329771431,-3.9888591766,Water level,2D,m,,0.1565289497,0.1900138749,0.0334849252,4
2011-05-01 12:00:00,Upper,113,113,159.1259612203,-31.4329771431,-3.9888591766,Water level,2D,m,,0.1169638634,0.1620324868,0.0450686234,4
2011-05-01 13:00:00,Upper,113,113,159.1259612203,-31.4329771431,-3.9888591766,Water level,2D,m,,0.0473690033,0.1048266079,0.0574576046,4
2011-05-01 14:00:00,Upper,113,113,159.1259612203,-31.4329771431,-3.9888591766,Water level,2D,m,,-0.0015642643,0.0486844212,0.0502486855,4
2011-05-01 15:00:00,Upper,113,113,159.1259612203,-31.4329771431,-3.9888591766,Water level,2D,m,,-0.0446376801,0.0051042981,0.0497419781,4
2011-05-01 16:00:00,Upper,113,113,159.1259612203,-31.4329771431,-3.9888591766,Water level,2D,m,,-0.0619482994,-0.0232105946,0.0387377048,4
2011-05-01 17:00:00,Upper,113,113,159.1259612203,-31.4329771431,-3.9888591766,Water level,2D,m,,-0.0477111340,-0.0164969788,0.0312141552,4
2011-05-01 18:00:00,Upper,113,113,159.1259612203,-31.4329771431,-3.9888591766,Water level,2D,m,,-0.0103101730,0.0170442246,0.0273543976,4
2011-05-01 19:00:00,Upper,113,113,159.1259612203,-31.4329771431,-3.9888591766,Water level,2D,m,,0.0645918846,0.0831354737,0.0185435891,4
2011-05-01 20:00:00,Upper,113,113,159.1259612203,-31.4329771431,-3.9888591766,Water level,2D,m,,0.1161646843,0.1401714179,0.0240067336,4
2011-05-01 21:00:00,Upper,113,113,159.1259612203,-31.4329771431,-3.9888591766,Water level,2D,m,,0.1769728661,0.1939347183,0.0169618523,4
2011-05-01 22:00:00,Upper,113,113,159.1259612203,-31.4329771431,-3.9888591766,Water level,2D,m,,0.1980848312,0.2268442135,0.0287593823,4
2011-05-01 23:00:00,Upper,113,113,159.1259612203,-31.4329771431,-3.9888591766,Water level,2D,m,,0.1854681969,0.2220057983,0.0365376014,4
2011-05-02 00:00:00,Upper,113,113,159.1259612203,-31.4329771431,-3.9888591766,Water level,2D,m,,0.1350836754,0.1819897679,0.0469060925,4
2011-05-02 01:00:00,Upper,113,113,159.1259612203,-31.4329771431,-3.9888591766,Water level,2D,m,,0.0678482056,0.1233925070,0.0555443014,4
2011-05-02 02:00:00,Upper,113,113,159.1259612203,-31.4329771431,-3.9888591766,Water level,2D,m,,-0.0021402836,0.0556780991,0.0578183827,4
2011-05-02 03:00:00,Upper,113,113,159.1259612203,-31.4329771431,-3.9888591766,Water level,2D,m,,-0.0491962433,0.0011592471,0.0503554904,4
2011-05-02 04:00:00,Upper,113,113,159.1259612203,-31.4329771431,-3.9888591766,Water level,2D,m,,-0.0883460045,-0.0412039723,0.0471420322,4
2011-05-02 05:00:00,Upper,113,113,159.1259612203,-31.4329771431,-3.9888591766,Water level,2D,m,,-0.0904059410,-0.0578333521,0.0325725889,4
2011-05-02 06:00:00,Upper,113,113,159.1259612203,-31.4329771431,-3.9888591766,Water level,2D,m,,-0.0638747215,-0.0364065597,0.0274681618,4
2011-05-02 07:00:00,Upper,113,113,159.1259612203,-31.4329771431,-3.9888591766,Water level,2D,m,,-0.0061156750,0.0161754960,0.0222911710,4
2011-05-02 08:00:00,Upper,113,113,159.1259612203,-31.4329771431,-3.9888591766,Water level,2D,m,,0.0690174103,0.0848048624,0.0157874522,4
2011-05-02 09:00:00,Upper,113,113,159.1259612203,-31.4329771431,-3.9888591766,Water level,2D,m,,0.1311798096,0.1504284487,0.0192486392,4
2011-05-02 10:00:00,Upper,113,113,159.1259612203,-31.4329771431,-3.9888591766,Water level,2D,m,,0.1755814552,0.1986261092,0.0230446540,4
2011-05-02 11:00:00,Upper,113,113,159.1259612203,-31.4329771431,-3.9888591766,Water level,2D,m,,0.1903710365,0.2205424638,0.0301714272,4
2011-05-02 12:00:00,Upper,113,113,159.1259612203,-31.4329771431,-3.9888591766,Water level,2D,m,,0.1729078293,0.2108111630,0.0379033337,4
2011-05-02 13:00:00,Upper,113,113,159.1259612203,-31.4329771431,-3.9888591766,Water level,2D,m,,0.1271939278,0.1746575969,0.0474636692,4
2011-05-02 14:00:00,Upper,113,113,159.1259612203,-31.4329771431,-3.9888591766,Water level,2D,m,,0.0623965263,0.1181828090,0.0557862827,4
2011-05-02 15:00:00,Upper,113,113,159.1259612203,-31.4329771431,-3.9888591766,Water level,2D,m,,0.0089464188,0.0611046053,0.0521581865,4
2011-05-02 16:00:00,Upper,113,113,159.1259612203,-31.4329771431,-3.9888591766,Water level,2D,m,,-0.0258100033,0.0196053263,0.0454153296,4
2011-05-02 17:00:00,Upper,113,113,159.1259612203,-31.4329771431,-3.9888591766,Water level,2D,m,,-0.0446276665,-0.0027526368,0.0418750297,4
2011-05-02 18:00:00,Upper,113,113,159.1259612203,-31.4329771431,-3.9888591766,Water level,2D,m,,-0.0378282070,-0.0053635680,0.0324646391,4
2011-05-02 19:00:00,Upper,113,113,159.1259612203,-31.4329771431,-3.9888591766,Water level,2D,m,,0.0195965767,0.0420704070,0.0224738303,4
2011-05-02 20:00:00,Upper,113,113,159.1259612203,-31.4329771431,-3.9888591766,Water level,2D,m,,0.0765714645,0.1029204160,0.0263489514,4
2011-05-02 21:00:00,Upper,113,113,159.1259612203,-31.4329771431,-3.9888591766,Water level,2D,m,,0.1419267654,0.1613626814,0.0194359160,4
2011-05-02 22:00:00,Upper,113,113,159.1259612203,-31.4329771431,-3.9888591766,Water level,2D,m,,0.1852412224,0.2115085143,0.0262672919,4
2011-05-02 23:00:00,Upper,113,113,159.1259612203,-31.4329771431,-3.9888591766,Water level,2D,m,,0.1990098953,0.2321027665,0.0330928711,4
2011-05-03 00:00:00,Upper,113,113,159.1259612203,-31.4329771431,-3.9888591766,Water level,2D,m,,0.1758928299,0.2183313344,0.0424385045,4
2011-05-03 01:00:00,Upper,113,113,159.1259612203,-31.4329771431,-3.9888591766,Water level,2D,m,,0.1214218140,0.1726671763,0.0512453623,4
2011-05-03 02:00:00,Upper,113,113,159.1259612203,-31.4329771431,-3.9888591766,Water level,2D,m,,0.0578427315,0.1154569526,0.0576142212,4
2011-05-03 03:00:00,Upper,113,113,159.1259612203,-31.4329771431,-3.9888591766,Water level,2D,m,,-0.0151355267,0.0469603583,0.0620958849,4
2011-05-03 04:00:00,Upper,113,113,159.1259612203,-31.4329771431,-3.9888591766,Water level,2D,m,,-0.0599558353,-0.0077616092,0.0521942262,4
2011-05-03 05:00:00,Upper,113,113,159.1259612203,-31.4329771431,-3.9888591766,Water level,2D,m,,-0.1068284512,-0.0530647773,0.0537636739,4
2011-05-03 06:00:00,Upper,113,113,159.1259612203,-31.4329771431,-3.9888591766,Water level,2D,m,,-0.1084916592,-0.0760170243,0.0324746348,4
2011-05-03 07:00:00,Upper,113,113,159.1259612203,-31.4329771431,-3.9888591766,Water level,2D,m,,-0.0600686073,-0.0361065598,0.0239620475,4
2011-05-03 08:00:00,Upper,113,113,159.1259612203,-31.4329771431,-3.9888591766,Water level,2D,m,,-0.0078287125,0.0200930747,0.0279217872,4
2011-05-03 09:00:00,Upper,113,113,159.1259612203,-31.4329771431,-3.9888591766,Water level,2D,m,,0.0776524544,0.0900991125,0.0124466582,4
2011-05-03 10:00:00,Upper,113,113,159.1259612203,-31.4329771431,-3.9888591766,Water level,2D,m,,0.1460151672,0.1650470184,0.0190318512,4
2011-05-03 11:00:00,Upper,113,113,159.1259612203,-31.4329771431,-3.9888591766,Water level,2D,m,,0.1830668449,0.2106575527,0.0275907078,4
2011-05-03 12:00:00,Upper,113,113,159.1259612203,-31.4329771431,-3.9888591766,Water level,2D,m,,0.1963920593,0.2287747798,0.0323827205,4
2011-05-03 13:00:00,Upper,113,113,159.1259612203,-31.4329771431,-3.9888591766,Water level,2D,m,,0.1608710289,0.2063741917,0.0455031628,4
2011-05-03 14:00:00,Upper,113,113,159.1259612203,-31.4329771431,-3.9888591766,Water level,2D,m,,0.1192913055,0.1654657418,0.0461744363,4
2011-05-03 15:00:00,Upper,113,113,159.1259612203,-31.4329771431,-3.9888591766,Water level,2D,m,,0.0532517433,0.1109349512,0.0576832079,4
2011-05-03 16:00:00,Upper,113,113,159.1259612203,-31.4329771431,-3.9888591766,Water level,2D,m,,0.0009093285,0.0533524555,0.0524431271,4
2011-05-03 17:00:00,Upper,113,113,159.1259612203,-31.4329771431,-3.9888591766,Water level,2D,m,,-0.0408480167,0.0086106987,0.0494587154,4
2011-05-03 18:00:00,Upper,113,113,159.1259612203,-31.4329771431,-3.9888591766,Water level,2D,m,,-0.0535235405,-0.0170048363,0.0365187042,4
2011-05-03 19:00:00,Upper,113,113,159.1259612203,-31.4329771431,-3.9888591766,Water level,2D,m,,-0.0242958069,0.0038670041,0.0281628109,4
2011-05-03 20:00:00,Upper,113,113,159.1259612203,-31.4329771431,-3.9888591766,Water level,2D,m,,0.0110955238,0.0412129286,0.0301174048,4
2011-05-03 21:00:00,Upper,113,113,159.1259612203,-31.4329771431,-3.9888591766,Water level,2D,m,,0.0927643776,0.1074552162,0.0146908386,4
2011-05-03 22:00:00,Upper,113,113,159.1259612203,-31.4329771431,-3.9888591766,Water level,2D,m,,0.1511321068,0.1741907383,0.0230586315,4
2011-05-03 23:00:00,Upper,113,113,159.1259612203,-31.4329771431,-3.9888591766,Water level,2D,m,,0.1973838806,0.2216684379,0.0242845573,4
2011-05-04 00:00:00,Upper,113,113,159.1259612203,-31.4329771431,-3.9888591766,Water level,2D,m,,0.2035422325,0.2381825689,0.0346403364,4
2011-05-04 01:00:00,Upper,113,113,159.1259612203,-31.4329771431,-3.9888591766,Water level,2D,m,,0.1729583740,0.2160638726,0.0431054985,4
2011-05-04 02:00:00,Upper,113,113,159.1259612203,-31.4329771431,-3.9888591766,Water level,2D,m,,0.1202239990,0.1704834477,0.0502594486,4
2011-05-04 03:00:00,Upper,113,113,159.1259612203,-31.4329771431,-3.9888591766,Water level,2D,m,,0.0368323326,0.1024643820,0.0656320494,4
2011-05-04 04:00:00,Upper,113,113,159.1259612203,-31.4329771431,-3.9888591766,Water level,2D,m,,-0.0322585106,0.0263923674,0.0586508780,4
2011-05-04 05:00:00,Upper,113,113,159.1259612203,-31.4329771431,-3.9888591766,Water level,2D,m,,-0.0775737762,-0.0267195525,0.0508542237,4
2011-05-04 06:00:00,Upper,113,113,159.1259612203,-31.4329771431,-3.9888591766,Water level,2D,m,,-0.1188440323,-0.0684443608,0.0503996715,4
2011-05-04 07:00:00,Upper,113,113,159.1259612203,-31.4329771431,-3.9888591766,Water level,2D,m,,-0.1111900806,-0.0811008101,0.0300892705,4
2011-05-04 08:00:00,Upper,113,113,159.1259612203,-31.4329771431,-3.9888591766,Water level,2D,m,,-0.0644254684,-0.0402791362,0.0241463323,4
2011-05-04 09:00:00,Upper,113,113,159.1259612203,-31.4329771431,-3.9888591766,Water level,2D,m,,0.0162973404,0.0332616621,0.0169643217,4
2011-05-04 10:00:00,Upper,113,113,159.1259612203,-31.4329771431,-3.9888591766,Water level,2D,m,,0.1051349640,0.1179249748,0.0127900108,4
2011-05-04 11:00:00,Upper,113,113,159.1259612203,-31.4329771431,-3.9888591766,Water level,2D,m,,0.1690258980,0.1916606588,0.0226347608,4
2011-05-04 12:00:00,Upper,113,113,159.1259612203,-31.4329771431,-3.9888591766,Water level,2D,m,,0.2074851990,0.2303436947,0.0228584958,4
2011-05-04 13:00:00,Upper,113,113,159.1259612203,-31.4329771431,-3.9888591766,Water level,2D,m,,0.1996650696,0.2349063989,0.0352413293,4
2011-05-04 14:00:00,Upper,113,113,159.1259612203,-31.4329771431,-3.9888591766,Water level,2D,m,,0.1706180573,0.2117364258,0.0411183685,4
2011-05-04 15:00:00,Upper,113,113,159.1259612203,-31.4329771431,-3.9888591766,Water level,2D,m,,0.1014637947,0.1563181030,0.0548543083,4
2011-05-04 16:00:00,Upper,113,113,159.1259612203,-31.4329771431,-3.9888591766,Water level,2D,m,,0.0420660973,0.0945964318,0.0525303346,4
2011-05-04 17:00:00,Upper,113,113,159.1259612203,-31.4329771431,-3.9888591766,Water level,2D,m,,-0.0135233402,0.0386705091,0.0521938494,4
2011-05-04 18:00:00,Upper,113,113,159.1259612203,-31.4329771431,-3.9888591766,Water level,2D,m,,-0.0526871681,-0.0043987386,0.0482884295,4
2011-05-04 19:00:00,Upper,113,113,159.1259612203,-31.4329771431,-3.9888591766,Water level,2D,m,,-0.0718927383,-0.0328054598,0.0390872785,4
2011-05-04 20:00:00,Upper,113,113,159.1259612203,-31.4329771431,-3.9888591766,Water level,2D,m,,-0.0433819294,-0.0183491036,0.0250328258,4
2011-05-04 21:00:00,Upper,113,113,159.1259612203,-31.4329771431,-3.9888591766,Water level,2D,m,,0.0159878731,0.0381663147,0.0221784416,4
2011-05-04 22:00:00,Upper,113,113,159.1259612203,-31.4329771431,-3.9888591766,Water level,2D,m,,0.0832018852,0.1041744848,0.0209725995,4
2011-05-04 23:00:00,Upper,113,113,159.1259612203,-31.4329771431,-3.9888591766,Water level,2D,m,,0.1396603584,0.1602813698,0.0206210114,4
2011-05-05 00:00:00,Upper,113,113,159.1259612203,-31.4329771431,-3.9888591766,Water level,2D,m,,0.1826186180,0.2067089607,0.0240903427,4
2011-05-05 01:00:00,Upper,113,113,159.1259612203,-31.4329771431,-3.9888591766,Water level,2D,m,,0.1781859398,0.2144721969,0.0362862571,4
2011-05-05 02:00:00,Upper,113,113,159.1259612203,-31.4329771431,-3.9888591766,Water level,2D,m,,0.1508259773,0.1925278125,0.0417018352,4
2011-05-05 03:00:00,Upper,113,113,159.1259612203,-31.4329771431,-3.9888591766,Water level,2D,m,,0.0831141472,0.1390118941,0.0558977469,4
2011-05-05 04:00:00,Upper,113,113,159.1259612203,-31.4329771431,-3.9888591766,Water level,2D,m,,0.0119991302,0.0731627670,0.0611636367,4
2011-05-05 05:00:00,Upper,113,113,159.1259612203,-31.4329771431,-3.9888591766,Water level,2D,m,,-0.0668985844,-0.0027201964,0.0641783880,4
2011-05-05 06:00:00,Upper,113,113,159.1259612203,-31.4329771431,-3.9888591766,Water level,2D,m,,-0.1052949429,-0.0562208891,0.0490740537,4
2011-05-05 07:00:00,Upper,113,113,159.1259612203,-31.4329771431,-3.9888591766,Water level,2D,m,,-0.1374289989,-0.0921012869,0.0453277121,4
2011-05-05 08:00:00,Upper,113,113,159.1259612203,-31.4329771431,-3.9888591766,Water level,2D,m,,-0.1044220924,-0.0805961270,0.0238259654,4
2011-05-05 09:00:00,Upper,113,113,159.1259612203,-31.4329771431,-3.9888591766,Water level,2D,m,,-0.0682532787,-0.0385154588,0.0297378200,4
2011-05-05 10:00:00,Upper,113,113,159.1259612203,-31.4329771431,-3.9888591766,Water level,2D,m,,0.0186333656,0.0315073065,0.0128739408,4
2011-05-05 11:00:00,Upper,113,113,159.1259612203,-31.4329771431,-3.9888591766,Water level,2D,m,,0.1022009850,0.1142128499,0.0120118649,4
2011-05-05 12:00:00,Upper,113,113,159.1259612203,-31.4329771431,-3.9888591766,Water level,2D,m,,0.1649918556,0.1842490773,0.0192572216,4
2011-05-05 13:00:00,Upper,113,113,159.1259612203,-31.4329771431,-3.9888591766,Water level,2D,m,,0.2010016441,0.2254292123,0.0244275682,4
2011-05-05 14:00:00,Upper,113,113,159.1259612203,-31.4329771431,-3.9888591766,Water level,2D,m,,0.2019224167,0.2348408302,0.0329184135,4
2011-05-05 15:00:00,Upper,113,113,159.1259612203,-31.4329771431,-3.9888591766,Water level,2D,m,,0.1633658409,0.2088754457,0.0455096048,4
2011-05-05 16:00:00,Upper,113,113,159.1259612203,-31.4329771431,-3.9888591766,Water level,2D,m,,0.0840740204,0.1449509494,0.0608769290,4
2011-05-05 17:00:00,Upper,113,113,159.1259612203,-31.4329771431,-3.9888591766,Water level,2D,m,,0.0235686302,0.0766992345,0.0531306042,4
2011-05-05 18:00:00,Upper,113,113,159.1259612203,-31.4329771431,-3.9888591766,Water level,2D,m,,-0.0306031704,0.0219940233,0.0525971937,4
2011-05-05 19:00:00,Upper,113,113,159.1259612203,-31.4329771431,-3.9888591766,Water level,2D,m,,-0.0657668114,-0.0190295581,0.0467372533,4
2011-05-05 20:00:00,Upper,113,113,159.1259612203,-31.4329771431,-3.9888591766,Water level,2D,m,,-0.0626313686,-0.0316311642,0.0310002045,4
2011-05-05 21:00:00,Upper,113,113,159.1259612203,-31.4329771431,-3.9888591766,Water level,2D,m,,-0.0212483406,0.0042317389,0.0254800795,4
2011-05-05 22:00:00,Upper,113,113,159.1259612203,-31.4329771431,-3.9888591766,Water level,2D,m,,0.0439319611,0.0652808086,0.0213488476,4
2011-05-05 23:00:00,Upper,113,113,159.1259612203,-31.4329771431,-3.9888591766,Water level,2D,m,,0.1177768707,0.1355941058,0.0178172350,4
2011-05-06 00:00:00,Upper,113,113,159.1259612203,-31.4329771431,-3.9888591766,Water level,2D,m,,0.1658697128,0.1891771718,0.0233074590,4
2011-05-06 01:00:00,Upper,113,113,159.1259612203,-31.4329771431,-3.9888591766,Water level,2D,m,,0.2153882980,0.2361554731,0.0207671750,4
2011-05-06 02:00:00,Upper,113,113,159.1259612203,-31.4329771431,-3.9888591766,Water level,2D,m,,0.1982326508,0.2392147721,0.0409821214,4
2011-05-06 03:00:00,Upper,113,113,159.1259612203,-31.4329771431,-3.9888591766,Water level,2D,m,,0.1548190117,0.2019845582,0.0471655465,4
2011-05-06 04:00:00,Upper,113,113,159.1259612203,-31.4329771431,-3.9888591766,Water level,2D,m,,0.0696077347,0.1327312796,0.0631235450,4
2011-05-06 05:00:00,Upper,113,113,159.1259612203,-31.4329771431,-3.9888591766,Water level,2D,m,,-0.0049698353,0.0584244636,0.0633942989,4
2011-05-06 06:00:00,Upper,113,113,159.1259612203,-31.4329771431,-3.9888591766,Water level,2D,m,,-0.0996632576,-0.0280805944,0.0715826632,4
2011-05-06 07:00:00,Upper,113,113,159.1259612203,-31.4329771431,-3.9888591766,Water level,2D,m,,-0.1315021515,-0.0872697139,0.0442324376,4
2011-05-06 08:00:00,Upper,113,113,159.1259612203,-31.4329771431,-3.9888591766,Water level,2D,m,,-0.1541390419,-0.1110516934,0.0430873485,4
2011-05-06 09:00:00,Upper,113,113,159.1259612203,-31.4329771431,-3.9888591766,Water level,2D,m,,-0.1174669266,-0.0936709485,0.0237959780,4
2011-05-06 10:00:00,Upper,113,113,159.1259612203,-31.4329771431,-3.9888591766,Water level,2D,m,,-0.0354096889,-0.0209601069,0.0144495821,4
2011-05-06 11:00:00,Upper,113,113,159.1259612203,-31.4329771431,-3.9888591766,Water level,2D,m,,0.0521116257,0.0655684498,0.0134568241,4
2011-05-06 12:00:00,Upper,113,113,159.1259612203,-31.4329771431,-3.9888591766,Water level,2D,m,,0.1368565559,0.1478384095,0.0109818536,4
2011-05-06 13:00:00,Upper,113,113,159.1259612203,-31.4329771431,-3.9888591766,Water level,2D,m,,0.2139711380,0.2276304118,0.0136592738,4
2011-05-06 14:00:00,Upper,113,113,159.1259612203,-31.4329771431,-3.9888591766,Water level,2D,m,,0.2274475098,0.2605599341,0.0331124243,4
2011-05-06 15:00:00,Upper,113,113,159.1259612203,-31.4329771431,-3.9888591766,Water level,2D,m,,0.2200684547,0.2549892174,0.0349207627,4
2011-05-06 16:00:00,Upper,113,113,159.1259612203,-31.4329771431,-3.9888591766,Water level,2D,m,,0.1590466499,0.2127019589,0.0536553090,4
2011-05-06 17:00:00,Upper,113,113,159.1259612203,-31.4329771431,-3.9888591766,Water level,2D,m,,0.0867843628,0.1447978207,0.0580134579,4
2011-05-06 18:00:00,Upper,113,113,159.1259612203,-31.4329771431,-3.9888591766,Water level,2D,m,,0.0223193169,0.0774582996,0.0551389827,4
2011-05-06 19:00:00,Upper,113,113,159.1259612203,-31.4329771431,-3.9888591766,Water level,2D,m,,-0.0370454788,0.0200627966,0.0571082754,4
2011-05-06 20:00:00,Upper,113,113,159.1259612203,-31.4329771431,-3.9888591766,Water level,2D,m,,-0.0808789730,-0.0305362865,0.0503426865,4
2011-05-06 21:00:00,Upper,113,113,159.1259612203,-31.4329771431,-3.9888591766,Water level,2D,m,,-0.0634429455,-0.0387392823,0.0247036632,4
2011-05-06 22:00:00,Upper,113,113,159.1259612203,-31.4329771431,-3.9888591766,Water level,2D,m,,-0.0073409081,0.0148804120,0.0222213200,4
2011-05-06 23:00:00,Upper,113,113,159.1259612203,-31.4329771431,-3.9888591766,Water level,2D,m,,0.0694274902,0.0890477168,0.0196202266,4
2011-05-07 00:00:00,Upper,113,113,159.1259612203,-31.4329771431,-3.9888591766,Water level,2D,m,,0.1455969810,0.1614520640,0.0158550829,4
